
> frontend@1.0.0 dev C:\Users\Administrator\.gemini\antigravity_old\scratch_old\tallyme\apps\frontend
> next dev

▲ Next.js 16.2.12 (Turbopack)
- Local:         http://localhost:3000
- Network:       http://172.16.0.2:3000
- Environments: .env.local
✓ Ready in 2.4s

○ Compiling /_not-found/page ...
 GET /api/agent/sync-queue/pending 404 in 3.0s (next.js: 2.5s, application-code: 549ms)
 GET /api/agent/sync-queue/pending 404 in 4.4s (next.js: 4.0s, application-code: 404ms)
 POST /api/agent/heartbeat 404 in 4.4s (next.js: 4.2s, application-code: 123ms)
 GET /api/agent/sync-queue/pending 404 in 82ms (next.js: 19ms, application-code: 64ms)
 POST /api/agent/heartbeat 404 in 61ms (next.js: 21ms, application-code: 41ms)
 GET /api/agent/sync-queue/pending 404 in 71ms (next.js: 13ms, application-code: 58ms)
 GET /api/agent/sync-queue/pending 404 in 68ms (next.js: 13ms, application-code: 55ms)
 POST /api/agent/heartbeat 404 in 70ms (next.js: 15ms, application-code: 55ms)
 GET /api/agent/sync-queue/pending 404 in 72ms (next.js: 17ms, application-code: 54ms)
 GET /api/agent/sync-queue/pending 404 in 98ms (next.js: 23ms, application-code: 75ms)
 POST /api/agent/heartbeat 404 in 66ms (next.js: 17ms, application-code: 49ms)
 GET /api/agent/sync-queue/pending 404 in 63ms (next.js: 14ms, application-code: 49ms)
 GET /api/agent/sync-queue/pending 404 in 60ms (next.js: 12ms, application-code: 49ms)
 POST /api/agent/heartbeat 404 in 93ms (next.js: 18ms, application-code: 75ms)
 GET /api/agent/sync-queue/pending 404 in 72ms (next.js: 14ms, application-code: 57ms)
 GET /api/agent/sync-queue/pending 404 in 68ms (next.js: 11ms, application-code: 58ms)
 POST /api/agent/heartbeat 404 in 56ms (next.js: 15ms, application-code: 41ms)
 GET /api/agent/sync-queue/pending 404 in 63ms (next.js: 15ms, application-code: 48ms)
 GET /api/agent/sync-queue/pending 404 in 66ms (next.js: 16ms, application-code: 50ms)
 POST /api/agent/heartbeat 404 in 54ms (next.js: 14ms, application-code: 40ms)
 GET /api/agent/sync-queue/pending 404 in 57ms (next.js: 15ms, application-code: 42ms)
 GET /api/agent/sync-queue/pending 404 in 57ms (next.js: 10ms, application-code: 47ms)
 POST /api/agent/heartbeat 404 in 49ms (next.js: 8ms, application-code: 40ms)
 GET /api/agent/sync-queue/pending 404 in 48ms (next.js: 11ms, application-code: 37ms)
 GET /api/agent/sync-queue/pending 404 in 69ms (next.js: 19ms, application-code: 50ms)
 POST /api/agent/heartbeat 404 in 49ms (next.js: 11ms, application-code: 38ms)
 GET /api/agent/sync-queue/pending 404 in 61ms (next.js: 16ms, application-code: 45ms)
 GET /api/agent/sync-queue/pending 404 in 60ms (next.js: 14ms, application-code: 45ms)
 POST /api/agent/heartbeat 404 in 57ms (next.js: 15ms, application-code: 41ms)
 GET /api/agent/sync-queue/pending 404 in 56ms (next.js: 12ms, application-code: 43ms)
 GET /api/agent/sync-queue/pending 404 in 43ms (next.js: 9ms, application-code: 34ms)
 POST /api/agent/heartbeat 404 in 63ms (next.js: 19ms, application-code: 43ms)
 GET /api/agent/sync-queue/pending 404 in 77ms (next.js: 15ms, application-code: 62ms)
 GET /api/agent/sync-queue/pending 404 in 62ms (next.js: 15ms, application-code: 47ms)
 POST /api/agent/heartbeat 404 in 60ms (next.js: 15ms, application-code: 45ms)
 GET /api/agent/sync-queue/pending 404 in 52ms (next.js: 14ms, application-code: 38ms)
 GET /api/agent/sync-queue/pending 404 in 58ms (next.js: 11ms, application-code: 46ms)
 POST /api/agent/heartbeat 404 in 52ms (next.js: 12ms, application-code: 41ms)
 GET /api/agent/sync-queue/pending 404 in 57ms (next.js: 13ms, application-code: 44ms)
 GET /login 200 in 116ms (next.js: 51ms, application-code: 65ms)
 GET /login 200 in 51ms (next.js: 25ms, application-code: 26ms)
[browser] AxiosError: Request failed with status code 403
    at async (lib/api.ts:57:33)
    at async login (components/providers/auth-provider.tsx:49:19)
    at async handleLogin (app/login/page.tsx:14:7)
  55 |       try {
  56 |         // Attempt refresh
> 57 |         const refreshResponse = await axios.post(
     |                                 ^
  58 |           `${process.env.NEXT_PUBLIC_API_URL || "/api/v1"}/auth/refresh`,
  59 |           {},
  60 |           { withCredentials: true } (components/providers/auth-provider.tsx:55:15)
[browser] AxiosError: Request failed with status code 401 (components/providers/auth-provider.tsx:64:15)
 GET /login 200 in 27ms (next.js: 7ms, application-code: 20ms)
 GET /upload/vendor 200 in 73ms (next.js: 42ms, application-code: 31ms)
 GET /login 200 in 27ms (next.js: 6ms, application-code: 21ms)
 GET /api/agent/sync-queue/pending 404 in 83ms (next.js: 12ms, application-code: 71ms)
 POST /api/agent/heartbeat 404 in 68ms (next.js: 19ms, application-code: 49ms)
 GET /api/agent/sync-queue/pending 404 in 81ms (next.js: 15ms, application-code: 66ms)
 GET /api/agent/sync-queue/pending 404 in 50ms (next.js: 8ms, application-code: 42ms)
 POST /api/agent/heartbeat 404 in 64ms (next.js: 15ms, application-code: 49ms)
 GET /api/agent/sync-queue/pending 404 in 80ms (next.js: 17ms, application-code: 63ms)
 GET /api/agent/sync-queue/pending 404 in 83ms (next.js: 13ms, application-code: 71ms)
 POST /api/agent/heartbeat 404 in 61ms (next.js: 15ms, application-code: 45ms)
 GET /api/agent/sync-queue/pending 404 in 53ms (next.js: 9ms, application-code: 44ms)
 GET /login 200 in 44ms (next.js: 6ms, application-code: 38ms)
 GET /api/agent/sync-queue/pending 404 in 88ms (next.js: 12ms, application-code: 75ms)
[browser] AxiosError: Request failed with status code 403
    at async (lib/api.ts:57:33)
    at async login (components/providers/auth-provider.tsx:49:19)
    at async handleLogin (app/login/page.tsx:14:7)
  55 |       try {
  56 |         // Attempt refresh
> 57 |         const refreshResponse = await axios.post(
     |                                 ^
  58 |           `${process.env.NEXT_PUBLIC_API_URL || "/api/v1"}/auth/refresh`,
  59 |           {},
  60 |           { withCredentials: true } (components/providers/auth-provider.tsx:55:15)
[browser] AxiosError: Request failed with status code 401 (components/providers/auth-provider.tsx:64:15)
 GET /login 200 in 23ms (next.js: 7ms, application-code: 15ms)
 GET /login 200 in 29ms (next.js: 6ms, application-code: 23ms)
 GET /upload/vendor 200 in 38ms (next.js: 10ms, application-code: 28ms)
 GET /login 200 in 27ms (next.js: 6ms, application-code: 21ms)
 POST /api/agent/heartbeat 404 in 100ms (next.js: 20ms, application-code: 79ms)
 GET /api/agent/sync-queue/pending 404 in 58ms (next.js: 14ms, application-code: 44ms)
 GET /api/agent/sync-queue/pending 404 in 61ms (next.js: 14ms, application-code: 47ms)
 POST /api/agent/heartbeat 404 in 51ms (next.js: 9ms, application-code: 42ms)
 GET /api/agent/sync-queue/pending 404 in 58ms (next.js: 13ms, application-code: 45ms)
 GET /api/agent/sync-queue/pending 404 in 70ms (next.js: 10ms, application-code: 60ms)
 POST /api/agent/heartbeat 404 in 87ms (next.js: 9ms, application-code: 78ms)
 GET /api/agent/sync-queue/pending 404 in 71ms (next.js: 21ms, application-code: 50ms)
 GET /api/agent/sync-queue/pending 404 in 56ms (next.js: 13ms, application-code: 43ms)
 POST /api/agent/heartbeat 404 in 56ms (next.js: 12ms, application-code: 44ms)
 GET /upload/vendor 200 in 62ms (next.js: 10ms, application-code: 53ms)
 GET /api/agent/sync-queue/pending 404 in 98ms (next.js: 20ms, application-code: 79ms)
 GET /api/agent/sync-queue/pending 404 in 54ms (next.js: 11ms, application-code: 43ms)
 POST /api/agent/heartbeat 404 in 58ms (next.js: 13ms, application-code: 45ms)
 GET /api/agent/sync-queue/pending 404 in 48ms (next.js: 14ms, application-code: 34ms)
 GET /api/agent/sync-queue/pending 404 in 60ms (next.js: 15ms, application-code: 45ms)
 POST /api/agent/heartbeat 404 in 104ms (next.js: 17ms, application-code: 86ms)
 GET /api/agent/sync-queue/pending 404 in 60ms (next.js: 13ms, application-code: 46ms)
 GET /api/agent/sync-queue/pending 404 in 64ms (next.js: 13ms, application-code: 50ms)
 POST /api/agent/heartbeat 404 in 79ms (next.js: 12ms, application-code: 67ms)
 GET /api/agent/sync-queue/pending 404 in 58ms (next.js: 14ms, application-code: 44ms)
 GET /api/agent/sync-queue/pending 404 in 56ms (next.js: 15ms, application-code: 40ms)
 POST /api/agent/heartbeat 404 in 103ms (next.js: 14ms, application-code: 89ms)
 GET /api/agent/sync-queue/pending 404 in 61ms (next.js: 16ms, application-code: 45ms)
 GET /api/agent/sync-queue/pending 404 in 63ms (next.js: 14ms, application-code: 49ms)
 POST /api/agent/heartbeat 404 in 49ms (next.js: 12ms, application-code: 37ms)
 GET /api/agent/sync-queue/pending 404 in 68ms (next.js: 15ms, application-code: 53ms)
 GET /api/agent/sync-queue/pending 404 in 55ms (next.js: 15ms, application-code: 40ms)
 POST /api/agent/heartbeat 404 in 55ms (next.js: 16ms, application-code: 39ms)
 GET /api/agent/sync-queue/pending 404 in 104ms (next.js: 18ms, application-code: 86ms)
 GET /api/agent/sync-queue/pending 404 in 88ms (next.js: 15ms, application-code: 72ms)
 POST /api/agent/heartbeat 404 in 69ms (next.js: 17ms, application-code: 52ms)
 GET /api/agent/sync-queue/pending 404 in 66ms (next.js: 14ms, application-code: 52ms)
 GET /api/agent/sync-queue/pending 404 in 95ms (next.js: 16ms, application-code: 79ms)
 POST /api/agent/heartbeat 404 in 93ms (next.js: 17ms, application-code: 75ms)
 GET /api/agent/sync-queue/pending 404 in 48ms (next.js: 7ms, application-code: 40ms)
 GET /api/agent/sync-queue/pending 404 in 80ms (next.js: 16ms, application-code: 64ms)
 POST /api/agent/heartbeat 404 in 62ms (next.js: 16ms, application-code: 46ms)
 GET /api/agent/sync-queue/pending 404 in 78ms (next.js: 15ms, application-code: 63ms)
 GET /api/agent/sync-queue/pending 404 in 80ms (next.js: 17ms, application-code: 63ms)
 POST /api/agent/heartbeat 404 in 59ms (next.js: 17ms, application-code: 42ms)
 GET /api/agent/sync-queue/pending 404 in 91ms (next.js: 20ms, application-code: 72ms)
 GET /api/agent/sync-queue/pending 404 in 72ms (next.js: 20ms, application-code: 51ms)
 POST /api/agent/heartbeat 404 in 74ms (next.js: 18ms, application-code: 55ms)
 GET /api/agent/sync-queue/pending 404 in 73ms (next.js: 18ms, application-code: 55ms)
 GET /api/agent/sync-queue/pending 404 in 92ms (next.js: 17ms, application-code: 74ms)
 POST /api/agent/heartbeat 404 in 66ms (next.js: 18ms, application-code: 48ms)
 GET /api/agent/sync-queue/pending 404 in 97ms (next.js: 17ms, application-code: 80ms)
 GET /api/agent/sync-queue/pending 404 in 89ms (next.js: 17ms, application-code: 72ms)
 POST /api/agent/heartbeat 404 in 66ms (next.js: 15ms, application-code: 51ms)
 GET /api/agent/sync-queue/pending 404 in 59ms (next.js: 16ms, application-code: 43ms)
 GET /api/agent/sync-queue/pending 404 in 78ms (next.js: 15ms, application-code: 62ms)
 POST /api/agent/heartbeat 404 in 78ms (next.js: 19ms, application-code: 59ms)
 GET /api/agent/sync-queue/pending 404 in 65ms (next.js: 17ms, application-code: 48ms)
 GET /api/agent/sync-queue/pending 404 in 57ms (next.js: 12ms, application-code: 45ms)
 POST /api/agent/heartbeat 404 in 101ms (next.js: 28ms, application-code: 72ms)
 GET /api/agent/sync-queue/pending 404 in 83ms (next.js: 15ms, application-code: 68ms)
 GET /api/agent/sync-queue/pending 404 in 70ms (next.js: 18ms, application-code: 52ms)
 POST /api/agent/heartbeat 404 in 99ms (next.js: 18ms, application-code: 82ms)
 GET /api/agent/sync-queue/pending 404 in 92ms (next.js: 19ms, application-code: 73ms)
 GET /api/agent/sync-queue/pending 404 in 85ms (next.js: 15ms, application-code: 70ms)
 POST /api/agent/heartbeat 404 in 60ms (next.js: 16ms, application-code: 44ms)
 GET /api/agent/sync-queue/pending 404 in 84ms (next.js: 16ms, application-code: 68ms)
 GET /api/agent/sync-queue/pending 404 in 78ms (next.js: 16ms, application-code: 63ms)
 POST /api/agent/heartbeat 404 in 72ms (next.js: 13ms, application-code: 59ms)
 GET /api/agent/sync-queue/pending 404 in 86ms (next.js: 17ms, application-code: 69ms)
 GET /api/agent/sync-queue/pending 404 in 87ms (next.js: 14ms, application-code: 72ms)
 POST /api/agent/heartbeat 404 in 65ms (next.js: 11ms, application-code: 54ms)
 GET /api/agent/sync-queue/pending 404 in 65ms (next.js: 12ms, application-code: 53ms)
 GET /api/agent/sync-queue/pending 404 in 78ms (next.js: 13ms, application-code: 65ms)
 POST /api/agent/heartbeat 404 in 82ms (next.js: 17ms, application-code: 65ms)
 GET /api/agent/sync-queue/pending 404 in 77ms (next.js: 13ms, application-code: 64ms)
 GET /api/agent/sync-queue/pending 404 in 53ms (next.js: 15ms, application-code: 39ms)
 POST /api/agent/heartbeat 404 in 85ms (next.js: 14ms, application-code: 71ms)
 GET /api/agent/sync-queue/pending 404 in 46ms (next.js: 8ms, application-code: 37ms)
 GET /api/agent/sync-queue/pending 404 in 89ms (next.js: 13ms, application-code: 75ms)
 POST /api/agent/heartbeat 404 in 70ms (next.js: 18ms, application-code: 52ms)
 GET /api/agent/sync-queue/pending 404 in 45ms (next.js: 11ms, application-code: 34ms)
 GET /api/agent/sync-queue/pending 404 in 77ms (next.js: 15ms, application-code: 62ms)
 POST /api/agent/heartbeat 404 in 70ms (next.js: 16ms, application-code: 54ms)
 GET /api/agent/sync-queue/pending 404 in 75ms (next.js: 19ms, application-code: 55ms)
 GET /api/agent/sync-queue/pending 404 in 72ms (next.js: 17ms, application-code: 55ms)
 POST /api/agent/heartbeat 404 in 66ms (next.js: 8ms, application-code: 58ms)
 GET /api/agent/sync-queue/pending 404 in 90ms (next.js: 13ms, application-code: 77ms)
 GET /api/agent/sync-queue/pending 404 in 67ms (next.js: 18ms, application-code: 49ms)
 POST /api/agent/heartbeat 404 in 42ms (next.js: 8ms, application-code: 34ms)
 GET /api/agent/sync-queue/pending 404 in 81ms (next.js: 16ms, application-code: 65ms)
 GET /api/agent/sync-queue/pending 404 in 56ms (next.js: 13ms, application-code: 43ms)
 POST /api/agent/heartbeat 404 in 73ms (next.js: 18ms, application-code: 55ms)
 GET /api/agent/sync-queue/pending 404 in 59ms (next.js: 14ms, application-code: 45ms)
 GET /api/agent/sync-queue/pending 404 in 69ms (next.js: 14ms, application-code: 55ms)
 POST /api/agent/heartbeat 404 in 78ms (next.js: 11ms, application-code: 67ms)
 GET /api/agent/sync-queue/pending 404 in 60ms (next.js: 13ms, application-code: 47ms)
 GET /api/agent/sync-queue/pending 404 in 64ms (next.js: 16ms, application-code: 49ms)
 POST /api/agent/heartbeat 404 in 78ms (next.js: 15ms, application-code: 63ms)
 GET /api/agent/sync-queue/pending 404 in 58ms (next.js: 15ms, application-code: 43ms)
 GET /api/agent/sync-queue/pending 404 in 81ms (next.js: 18ms, application-code: 63ms)
 POST /api/agent/heartbeat 404 in 76ms (next.js: 17ms, application-code: 59ms)
 GET /api/agent/sync-queue/pending 404 in 84ms (next.js: 20ms, application-code: 64ms)
 GET /api/agent/sync-queue/pending 404 in 79ms (next.js: 17ms, application-code: 62ms)
 POST /api/agent/heartbeat 404 in 69ms (next.js: 21ms, application-code: 48ms)
 GET /api/agent/sync-queue/pending 404 in 64ms (next.js: 13ms, application-code: 51ms)
 GET /api/agent/sync-queue/pending 404 in 100ms (next.js: 16ms, application-code: 83ms)
 POST /api/agent/heartbeat 404 in 73ms (next.js: 18ms, application-code: 55ms)
 GET /api/agent/sync-queue/pending 404 in 51ms (next.js: 10ms, application-code: 41ms)
 GET /api/agent/sync-queue/pending 404 in 66ms (next.js: 15ms, application-code: 52ms)
 POST /api/agent/heartbeat 404 in 94ms (next.js: 18ms, application-code: 76ms)
 GET /api/agent/sync-queue/pending 404 in 63ms (next.js: 17ms, application-code: 46ms)
 GET /api/agent/sync-queue/pending 404 in 65ms (next.js: 13ms, application-code: 52ms)
 POST /api/agent/heartbeat 404 in 82ms (next.js: 16ms, application-code: 66ms)
 GET /api/agent/sync-queue/pending 404 in 44ms (next.js: 8ms, application-code: 36ms)
 GET /api/agent/sync-queue/pending 404 in 94ms (next.js: 25ms, application-code: 68ms)
 POST /api/agent/heartbeat 404 in 78ms (next.js: 16ms, application-code: 62ms)
 GET /api/agent/sync-queue/pending 404 in 85ms (next.js: 17ms, application-code: 69ms)
 GET /api/agent/sync-queue/pending 404 in 78ms (next.js: 14ms, application-code: 63ms)
 POST /api/agent/heartbeat 404 in 59ms (next.js: 10ms, application-code: 49ms)
 GET /api/agent/sync-queue/pending 404 in 71ms (next.js: 15ms, application-code: 55ms)
 GET /api/agent/sync-queue/pending 404 in 100ms (next.js: 16ms, application-code: 85ms)
 POST /api/agent/heartbeat 404 in 66ms (next.js: 17ms, application-code: 49ms)
 GET /api/agent/sync-queue/pending 404 in 80ms (next.js: 17ms, application-code: 63ms)
 GET /api/agent/sync-queue/pending 404 in 85ms (next.js: 22ms, application-code: 62ms)
 POST /api/agent/heartbeat 404 in 57ms (next.js: 16ms, application-code: 41ms)
 GET /api/agent/sync-queue/pending 404 in 59ms (next.js: 17ms, application-code: 43ms)
 GET /api/agent/sync-queue/pending 404 in 84ms (next.js: 18ms, application-code: 66ms)
 POST /api/agent/heartbeat 404 in 52ms (next.js: 9ms, application-code: 44ms)
 GET /api/agent/sync-queue/pending 404 in 57ms (next.js: 11ms, application-code: 46ms)
 GET /api/agent/sync-queue/pending 404 in 75ms (next.js: 15ms, application-code: 60ms)
 POST /api/agent/heartbeat 404 in 44ms (next.js: 8ms, application-code: 35ms)
 GET /api/agent/sync-queue/pending 404 in 72ms (next.js: 17ms, application-code: 55ms)
 GET /api/agent/sync-queue/pending 404 in 69ms (next.js: 23ms, application-code: 45ms)
 POST /api/agent/heartbeat 404 in 59ms (next.js: 18ms, application-code: 41ms)
 GET /api/agent/sync-queue/pending 404 in 66ms (next.js: 20ms, application-code: 46ms)
 GET /api/agent/sync-queue/pending 404 in 63ms (next.js: 19ms, application-code: 44ms)
 POST /api/agent/heartbeat 404 in 60ms (next.js: 15ms, application-code: 46ms)
 GET /api/agent/sync-queue/pending 404 in 119ms (next.js: 25ms, application-code: 94ms)
 GET /api/agent/sync-queue/pending 404 in 82ms (next.js: 14ms, application-code: 68ms)
 POST /api/agent/heartbeat 404 in 70ms (next.js: 13ms, application-code: 57ms)
 GET /api/agent/sync-queue/pending 404 in 64ms (next.js: 16ms, application-code: 48ms)
 GET /api/agent/sync-queue/pending 404 in 73ms (next.js: 17ms, application-code: 56ms)
 POST /api/agent/heartbeat 404 in 77ms (next.js: 15ms, application-code: 62ms)
 GET /api/agent/sync-queue/pending 404 in 57ms (next.js: 15ms, application-code: 42ms)
 GET /api/agent/sync-queue/pending 404 in 76ms (next.js: 22ms, application-code: 55ms)
 POST /api/agent/heartbeat 404 in 66ms (next.js: 15ms, application-code: 51ms)
 GET /api/agent/sync-queue/pending 404 in 104ms (next.js: 27ms, application-code: 77ms)
 GET /api/agent/sync-queue/pending 404 in 78ms (next.js: 18ms, application-code: 60ms)
 POST /api/agent/heartbeat 404 in 88ms (next.js: 18ms, application-code: 70ms)
 GET /api/agent/sync-queue/pending 404 in 72ms (next.js: 15ms, application-code: 58ms)
 GET /api/agent/sync-queue/pending 404 in 71ms (next.js: 19ms, application-code: 52ms)
 POST /api/agent/heartbeat 404 in 64ms (next.js: 15ms, application-code: 49ms)
 GET /api/agent/sync-queue/pending 404 in 66ms (next.js: 19ms, application-code: 47ms)
 GET /api/agent/sync-queue/pending 404 in 58ms (next.js: 13ms, application-code: 45ms)
 POST /api/agent/heartbeat 404 in 84ms (next.js: 21ms, application-code: 63ms)
 GET /api/agent/sync-queue/pending 404 in 102ms (next.js: 18ms, application-code: 84ms)
 GET /api/agent/sync-queue/pending 404 in 81ms (next.js: 15ms, application-code: 67ms)
 POST /api/agent/heartbeat 404 in 68ms (next.js: 18ms, application-code: 50ms)
 GET /api/agent/sync-queue/pending 404 in 70ms (next.js: 11ms, application-code: 59ms)
 GET /api/agent/sync-queue/pending 404 in 94ms (next.js: 21ms, application-code: 73ms)
 POST /api/agent/heartbeat 404 in 43ms (next.js: 7ms, application-code: 36ms)
 GET /api/agent/sync-queue/pending 404 in 63ms (next.js: 16ms, application-code: 47ms)
 GET /api/agent/sync-queue/pending 404 in 60ms (next.js: 13ms, application-code: 46ms)
 POST /api/agent/heartbeat 404 in 62ms (next.js: 16ms, application-code: 46ms)
 GET /api/agent/sync-queue/pending 404 in 84ms (next.js: 8ms, application-code: 76ms)
 GET /api/agent/sync-queue/pending 404 in 70ms (next.js: 15ms, application-code: 54ms)
 POST /api/agent/heartbeat 404 in 90ms (next.js: 18ms, application-code: 72ms)
 GET /api/agent/sync-queue/pending 404 in 61ms (next.js: 12ms, application-code: 49ms)
 GET /api/agent/sync-queue/pending 404 in 62ms (next.js: 15ms, application-code: 47ms)
 POST /api/agent/heartbeat 404 in 51ms (next.js: 13ms, application-code: 38ms)
 GET /api/agent/sync-queue/pending 404 in 64ms (next.js: 15ms, application-code: 49ms)
 GET /api/agent/sync-queue/pending 404 in 60ms (next.js: 15ms, application-code: 44ms)
 POST /api/agent/heartbeat 404 in 47ms (next.js: 12ms, application-code: 36ms)
 GET /api/agent/sync-queue/pending 404 in 106ms (next.js: 23ms, application-code: 83ms)
 GET /api/agent/sync-queue/pending 404 in 60ms (next.js: 13ms, application-code: 47ms)
 POST /api/agent/heartbeat 404 in 54ms (next.js: 16ms, application-code: 38ms)
 GET /api/agent/sync-queue/pending 404 in 65ms (next.js: 16ms, application-code: 49ms)
 GET /api/agent/sync-queue/pending 404 in 62ms (next.js: 15ms, application-code: 47ms)
 POST /api/agent/heartbeat 404 in 71ms (next.js: 15ms, application-code: 56ms)
 GET /api/agent/sync-queue/pending 404 in 76ms (next.js: 12ms, application-code: 65ms)
 GET /api/agent/sync-queue/pending 404 in 68ms (next.js: 18ms, application-code: 51ms)
 POST /api/agent/heartbeat 404 in 68ms (next.js: 19ms, application-code: 49ms)
 GET /api/agent/sync-queue/pending 404 in 70ms (next.js: 17ms, application-code: 53ms)
 GET /api/agent/sync-queue/pending 404 in 70ms (next.js: 13ms, application-code: 57ms)
 POST /api/agent/heartbeat 404 in 56ms (next.js: 12ms, application-code: 43ms)
 GET /api/agent/sync-queue/pending 404 in 44ms (next.js: 8ms, application-code: 36ms)
 GET /api/agent/sync-queue/pending 404 in 84ms (next.js: 16ms, application-code: 68ms)
 POST /api/agent/heartbeat 404 in 64ms (next.js: 16ms, application-code: 48ms)
 GET /api/agent/sync-queue/pending 404 in 99ms (next.js: 22ms, application-code: 77ms)
 GET /api/agent/sync-queue/pending 404 in 70ms (next.js: 16ms, application-code: 54ms)
 POST /api/agent/heartbeat 404 in 62ms (next.js: 13ms, application-code: 49ms)
 GET /api/agent/sync-queue/pending 404 in 74ms (next.js: 15ms, application-code: 59ms)
 GET /api/agent/sync-queue/pending 404 in 83ms (next.js: 22ms, application-code: 60ms)
 POST /api/agent/heartbeat 404 in 54ms (next.js: 15ms, application-code: 39ms)
 GET /api/agent/sync-queue/pending 404 in 59ms (next.js: 14ms, application-code: 45ms)
 GET /api/agent/sync-queue/pending 404 in 56ms (next.js: 15ms, application-code: 41ms)
 POST /api/agent/heartbeat 404 in 57ms (next.js: 15ms, application-code: 42ms)
 GET /api/agent/sync-queue/pending 404 in 93ms (next.js: 28ms, application-code: 65ms)
 GET /api/agent/sync-queue/pending 404 in 83ms (next.js: 15ms, application-code: 69ms)
 POST /api/agent/heartbeat 404 in 68ms (next.js: 18ms, application-code: 50ms)
 GET /api/agent/sync-queue/pending 404 in 64ms (next.js: 16ms, application-code: 48ms)
 GET /api/agent/sync-queue/pending 404 in 67ms (next.js: 15ms, application-code: 52ms)
 POST /api/agent/heartbeat 404 in 79ms (next.js: 14ms, application-code: 66ms)
 GET /api/agent/sync-queue/pending 404 in 73ms (next.js: 19ms, application-code: 54ms)
 GET /api/agent/sync-queue/pending 404 in 67ms (next.js: 16ms, application-code: 51ms)
 POST /api/agent/heartbeat 404 in 62ms (next.js: 14ms, application-code: 48ms)
 GET /api/agent/sync-queue/pending 404 in 68ms (next.js: 16ms, application-code: 52ms)
 GET /api/agent/sync-queue/pending 404 in 54ms (next.js: 10ms, application-code: 44ms)
 POST /api/agent/heartbeat 404 in 83ms (next.js: 16ms, application-code: 68ms)
 GET /api/agent/sync-queue/pending 404 in 65ms (next.js: 16ms, application-code: 49ms)
 GET /api/agent/sync-queue/pending 404 in 91ms (next.js: 23ms, application-code: 68ms)
 POST /api/agent/heartbeat 404 in 62ms (next.js: 13ms, application-code: 49ms)
 GET /api/agent/sync-queue/pending 404 in 67ms (next.js: 14ms, application-code: 54ms)
 GET /api/agent/sync-queue/pending 404 in 64ms (next.js: 12ms, application-code: 52ms)
 POST /api/agent/heartbeat 404 in 91ms (next.js: 17ms, application-code: 74ms)
 GET /api/agent/sync-queue/pending 404 in 60ms (next.js: 16ms, application-code: 43ms)
 GET /api/agent/sync-queue/pending 404 in 74ms (next.js: 16ms, application-code: 58ms)
 POST /api/agent/heartbeat 404 in 62ms (next.js: 11ms, application-code: 51ms)
 GET /api/agent/sync-queue/pending 404 in 90ms (next.js: 22ms, application-code: 68ms)
 GET /api/agent/sync-queue/pending 404 in 92ms (next.js: 20ms, application-code: 73ms)
 POST /api/agent/heartbeat 404 in 63ms (next.js: 13ms, application-code: 49ms)
 GET /api/agent/sync-queue/pending 404 in 44ms (next.js: 10ms, application-code: 35ms)
 GET /api/agent/sync-queue/pending 404 in 58ms (next.js: 12ms, application-code: 46ms)
 POST /api/agent/heartbeat 404 in 50ms (next.js: 13ms, application-code: 37ms)
 GET /api/agent/sync-queue/pending 404 in 67ms (next.js: 16ms, application-code: 51ms)
 GET /api/agent/sync-queue/pending 404 in 75ms (next.js: 12ms, application-code: 63ms)
 POST /api/agent/heartbeat 404 in 53ms (next.js: 14ms, application-code: 39ms)
 GET /api/agent/sync-queue/pending 404 in 53ms (next.js: 10ms, application-code: 43ms)
 GET /api/agent/sync-queue/pending 404 in 80ms (next.js: 28ms, application-code: 52ms)
 POST /api/agent/heartbeat 404 in 54ms (next.js: 14ms, application-code: 40ms)
 GET /api/agent/sync-queue/pending 404 in 44ms (next.js: 10ms, application-code: 34ms)
 GET /api/agent/sync-queue/pending 404 in 60ms (next.js: 14ms, application-code: 45ms)
 POST /api/agent/heartbeat 404 in 51ms (next.js: 15ms, application-code: 35ms)
 GET /api/agent/sync-queue/pending 404 in 57ms (next.js: 14ms, application-code: 43ms)
 GET /api/agent/sync-queue/pending 404 in 81ms (next.js: 17ms, application-code: 64ms)
 POST /api/agent/heartbeat 404 in 66ms (next.js: 14ms, application-code: 52ms)
 GET /api/agent/sync-queue/pending 404 in 67ms (next.js: 16ms, application-code: 51ms)
 GET /api/agent/sync-queue/pending 404 in 80ms (next.js: 17ms, application-code: 63ms)
 POST /api/agent/heartbeat 404 in 51ms (next.js: 13ms, application-code: 38ms)
 GET /api/agent/sync-queue/pending 404 in 61ms (next.js: 12ms, application-code: 50ms)
 GET /api/agent/sync-queue/pending 404 in 66ms (next.js: 18ms, application-code: 48ms)
 POST /api/agent/heartbeat 404 in 64ms (next.js: 14ms, application-code: 50ms)
 GET /api/agent/sync-queue/pending 404 in 62ms (next.js: 17ms, application-code: 45ms)
 GET /api/agent/sync-queue/pending 404 in 71ms (next.js: 15ms, application-code: 56ms)
 POST /api/agent/heartbeat 404 in 65ms (next.js: 13ms, application-code: 52ms)
 GET /api/agent/sync-queue/pending 404 in 94ms (next.js: 15ms, application-code: 79ms)
 GET /api/agent/sync-queue/pending 404 in 86ms (next.js: 30ms, application-code: 56ms)
 POST /api/agent/heartbeat 404 in 53ms (next.js: 12ms, application-code: 41ms)
 GET /api/agent/sync-queue/pending 404 in 54ms (next.js: 9ms, application-code: 45ms)
 GET /api/agent/sync-queue/pending 404 in 75ms (next.js: 14ms, application-code: 61ms)
 POST /api/agent/heartbeat 404 in 63ms (next.js: 15ms, application-code: 47ms)
 GET /api/agent/sync-queue/pending 404 in 98ms (next.js: 32ms, application-code: 66ms)
 GET /api/agent/sync-queue/pending 404 in 75ms (next.js: 15ms, application-code: 60ms)
 POST /api/agent/heartbeat 404 in 50ms (next.js: 14ms, application-code: 37ms)
 GET /api/agent/sync-queue/pending 404 in 82ms (next.js: 14ms, application-code: 68ms)
 GET /api/agent/sync-queue/pending 404 in 56ms (next.js: 15ms, application-code: 41ms)
 POST /api/agent/heartbeat 404 in 63ms (next.js: 15ms, application-code: 49ms)
 GET /api/agent/sync-queue/pending 404 in 70ms (next.js: 17ms, application-code: 53ms)
 GET /api/agent/sync-queue/pending 404 in 63ms (next.js: 16ms, application-code: 47ms)
 POST /api/agent/heartbeat 404 in 60ms (next.js: 13ms, application-code: 47ms)
 GET /api/agent/sync-queue/pending 404 in 71ms (next.js: 9ms, application-code: 61ms)
 GET /api/agent/sync-queue/pending 404 in 49ms (next.js: 13ms, application-code: 36ms)
 POST /api/agent/heartbeat 404 in 50ms (next.js: 13ms, application-code: 37ms)
 GET /api/agent/sync-queue/pending 404 in 45ms (next.js: 13ms, application-code: 32ms)
 GET /api/agent/sync-queue/pending 404 in 62ms (next.js: 19ms, application-code: 43ms)
 POST /api/agent/heartbeat 404 in 97ms (next.js: 14ms, application-code: 83ms)
 GET /api/agent/sync-queue/pending 404 in 67ms (next.js: 16ms, application-code: 51ms)
 GET /api/agent/sync-queue/pending 404 in 82ms (next.js: 14ms, application-code: 68ms)
 POST /api/agent/heartbeat 404 in 70ms (next.js: 21ms, application-code: 49ms)
 GET /api/agent/sync-queue/pending 404 in 73ms (next.js: 15ms, application-code: 58ms)
 GET /api/agent/sync-queue/pending 404 in 68ms (next.js: 16ms, application-code: 52ms)
 POST /api/agent/heartbeat 404 in 60ms (next.js: 13ms, application-code: 47ms)
 GET /api/agent/sync-queue/pending 404 in 70ms (next.js: 14ms, application-code: 57ms)
 GET /api/agent/sync-queue/pending 404 in 62ms (next.js: 16ms, application-code: 46ms)
 POST /api/agent/heartbeat 404 in 83ms (next.js: 20ms, application-code: 63ms)
 GET /api/agent/sync-queue/pending 404 in 55ms (next.js: 11ms, application-code: 44ms)
 GET /api/agent/sync-queue/pending 404 in 69ms (next.js: 14ms, application-code: 54ms)
 POST /api/agent/heartbeat 404 in 53ms (next.js: 13ms, application-code: 40ms)
 GET /api/agent/sync-queue/pending 404 in 102ms (next.js: 18ms, application-code: 84ms)
 GET /api/agent/sync-queue/pending 404 in 46ms (next.js: 13ms, application-code: 33ms)
 POST /api/agent/heartbeat 404 in 53ms (next.js: 9ms, application-code: 44ms)
 GET /api/agent/sync-queue/pending 404 in 62ms (next.js: 13ms, application-code: 49ms)
 GET /api/agent/sync-queue/pending 404 in 64ms (next.js: 24ms, application-code: 40ms)
 POST /api/agent/heartbeat 404 in 57ms (next.js: 15ms, application-code: 42ms)
 GET /api/agent/sync-queue/pending 404 in 102ms (next.js: 14ms, application-code: 88ms)
 GET /api/agent/sync-queue/pending 404 in 70ms (next.js: 13ms, application-code: 57ms)
 POST /api/agent/heartbeat 404 in 58ms (next.js: 15ms, application-code: 43ms)
 GET /api/agent/sync-queue/pending 404 in 71ms (next.js: 14ms, application-code: 57ms)
 GET /api/agent/sync-queue/pending 404 in 69ms (next.js: 14ms, application-code: 55ms)
 POST /api/agent/heartbeat 404 in 58ms (next.js: 14ms, application-code: 45ms)
 GET /api/agent/sync-queue/pending 404 in 65ms (next.js: 15ms, application-code: 50ms)
 GET /api/agent/sync-queue/pending 404 in 79ms (next.js: 15ms, application-code: 64ms)
 POST /api/agent/heartbeat 404 in 59ms (next.js: 14ms, application-code: 45ms)
 GET /api/agent/sync-queue/pending 404 in 59ms (next.js: 17ms, application-code: 42ms)
 GET /api/agent/sync-queue/pending 404 in 68ms (next.js: 16ms, application-code: 53ms)
 POST /api/agent/heartbeat 404 in 72ms (next.js: 14ms, application-code: 59ms)
 GET /api/agent/sync-queue/pending 404 in 60ms (next.js: 14ms, application-code: 46ms)
 GET /api/agent/sync-queue/pending 404 in 73ms (next.js: 15ms, application-code: 58ms)
 POST /api/agent/heartbeat 404 in 67ms (next.js: 15ms, application-code: 53ms)
 GET /api/agent/sync-queue/pending 404 in 82ms (next.js: 14ms, application-code: 68ms)
 GET /api/agent/sync-queue/pending 404 in 80ms (next.js: 23ms, application-code: 57ms)
 POST /api/agent/heartbeat 404 in 64ms (next.js: 17ms, application-code: 47ms)
 GET /api/agent/sync-queue/pending 404 in 57ms (next.js: 14ms, application-code: 43ms)
 GET /api/agent/sync-queue/pending 404 in 46ms (next.js: 9ms, application-code: 37ms)
 POST /api/agent/heartbeat 404 in 68ms (next.js: 14ms, application-code: 54ms)
 GET /api/agent/sync-queue/pending 404 in 116ms (next.js: 15ms, application-code: 101ms)
 GET /api/agent/sync-queue/pending 404 in 91ms (next.js: 18ms, application-code: 74ms)
 POST /api/agent/heartbeat 404 in 58ms (next.js: 12ms, application-code: 46ms)
 GET /api/agent/sync-queue/pending 404 in 72ms (next.js: 15ms, application-code: 57ms)
 GET /api/agent/sync-queue/pending 404 in 52ms (next.js: 12ms, application-code: 40ms)
 POST /api/agent/heartbeat 404 in 65ms (next.js: 17ms, application-code: 48ms)
 GET /api/agent/sync-queue/pending 404 in 93ms (next.js: 19ms, application-code: 74ms)
 GET /api/agent/sync-queue/pending 404 in 47ms (next.js: 10ms, application-code: 37ms)
 POST /api/agent/heartbeat 404 in 56ms (next.js: 15ms, application-code: 42ms)
 GET /api/agent/sync-queue/pending 404 in 63ms (next.js: 19ms, application-code: 45ms)
 GET /api/agent/sync-queue/pending 404 in 56ms (next.js: 15ms, application-code: 41ms)
 POST /api/agent/heartbeat 404 in 67ms (next.js: 17ms, application-code: 50ms)
 GET /api/agent/sync-queue/pending 404 in 60ms (next.js: 13ms, application-code: 47ms)
 GET /api/agent/sync-queue/pending 404 in 66ms (next.js: 24ms, application-code: 42ms)
 POST /api/agent/heartbeat 404 in 55ms (next.js: 16ms, application-code: 39ms)
 GET /api/agent/sync-queue/pending 404 in 68ms (next.js: 15ms, application-code: 54ms)
 GET /api/agent/sync-queue/pending 404 in 63ms (next.js: 16ms, application-code: 46ms)
 POST /api/agent/heartbeat 404 in 108ms (next.js: 16ms, application-code: 92ms)
 GET /api/agent/sync-queue/pending 404 in 58ms (next.js: 14ms, application-code: 44ms)
 GET /api/agent/sync-queue/pending 404 in 58ms (next.js: 14ms, application-code: 44ms)
 POST /api/agent/heartbeat 404 in 48ms (next.js: 13ms, application-code: 35ms)
 GET /api/agent/sync-queue/pending 404 in 64ms (next.js: 15ms, application-code: 49ms)
 GET /api/agent/sync-queue/pending 404 in 73ms (next.js: 14ms, application-code: 59ms)
 POST /api/agent/heartbeat 404 in 91ms (next.js: 20ms, application-code: 71ms)
 GET /api/agent/sync-queue/pending 404 in 54ms (next.js: 14ms, application-code: 41ms)
 GET /api/agent/sync-queue/pending 404 in 62ms (next.js: 15ms, application-code: 47ms)
 POST /api/agent/heartbeat 404 in 62ms (next.js: 14ms, application-code: 49ms)
 GET /api/agent/sync-queue/pending 404 in 103ms (next.js: 13ms, application-code: 90ms)
 GET /api/agent/sync-queue/pending 404 in 73ms (next.js: 14ms, application-code: 59ms)
 POST /api/agent/heartbeat 404 in 61ms (next.js: 16ms, application-code: 45ms)
 GET /api/agent/sync-queue/pending 404 in 78ms (next.js: 18ms, application-code: 60ms)
 GET /api/agent/sync-queue/pending 404 in 70ms (next.js: 18ms, application-code: 52ms)
 POST /api/agent/heartbeat 404 in 71ms (next.js: 15ms, application-code: 56ms)
 GET /api/agent/sync-queue/pending 404 in 91ms (next.js: 14ms, application-code: 76ms)
 GET /api/agent/sync-queue/pending 404 in 64ms (next.js: 18ms, application-code: 47ms)
 POST /api/agent/heartbeat 404 in 59ms (next.js: 15ms, application-code: 45ms)
 GET /api/agent/sync-queue/pending 404 in 66ms (next.js: 15ms, application-code: 52ms)
 GET /api/agent/sync-queue/pending 404 in 107ms (next.js: 18ms, application-code: 88ms)
 POST /api/agent/heartbeat 404 in 68ms (next.js: 16ms, application-code: 52ms)
 GET /api/agent/sync-queue/pending 404 in 67ms (next.js: 17ms, application-code: 51ms)
 GET /api/agent/sync-queue/pending 404 in 71ms (next.js: 15ms, application-code: 57ms)
 POST /api/agent/heartbeat 404 in 48ms (next.js: 15ms, application-code: 33ms)
 GET /api/agent/sync-queue/pending 404 in 62ms (next.js: 16ms, application-code: 46ms)
 GET /api/agent/sync-queue/pending 404 in 63ms (next.js: 15ms, application-code: 48ms)
 POST /api/agent/heartbeat 404 in 69ms (next.js: 14ms, application-code: 55ms)
 GET /api/agent/sync-queue/pending 404 in 62ms (next.js: 15ms, application-code: 47ms)
 GET /api/agent/sync-queue/pending 404 in 58ms (next.js: 14ms, application-code: 44ms)
 POST /api/agent/heartbeat 404 in 64ms (next.js: 12ms, application-code: 52ms)
 GET /api/agent/sync-queue/pending 404 in 49ms (next.js: 15ms, application-code: 34ms)
 GET /api/agent/sync-queue/pending 404 in 98ms (next.js: 30ms, application-code: 68ms)
 POST /api/agent/heartbeat 404 in 70ms (next.js: 17ms, application-code: 53ms)
 GET /api/agent/sync-queue/pending 404 in 77ms (next.js: 15ms, application-code: 62ms)
 GET /api/agent/sync-queue/pending 404 in 71ms (next.js: 15ms, application-code: 56ms)
 POST /api/agent/heartbeat 404 in 59ms (next.js: 14ms, application-code: 46ms)
 GET /api/agent/sync-queue/pending 404 in 102ms (next.js: 18ms, application-code: 84ms)
 GET /api/agent/sync-queue/pending 404 in 75ms (next.js: 23ms, application-code: 52ms)
 POST /api/agent/heartbeat 404 in 68ms (next.js: 13ms, application-code: 55ms)
 GET /api/agent/sync-queue/pending 404 in 46ms (next.js: 9ms, application-code: 37ms)
 GET /api/agent/sync-queue/pending 404 in 53ms (next.js: 13ms, application-code: 41ms)
 POST /api/agent/heartbeat 404 in 52ms (next.js: 13ms, application-code: 39ms)
 GET /api/agent/sync-queue/pending 404 in 99ms (next.js: 18ms, application-code: 81ms)
 GET /api/agent/sync-queue/pending 404 in 50ms (next.js: 15ms, application-code: 35ms)
 POST /api/agent/heartbeat 404 in 89ms (next.js: 16ms, application-code: 73ms)
 GET /api/agent/sync-queue/pending 404 in 69ms (next.js: 16ms, application-code: 52ms)
 GET /api/agent/sync-queue/pending 404 in 63ms (next.js: 14ms, application-code: 49ms)
 POST /api/agent/heartbeat 404 in 60ms (next.js: 13ms, application-code: 47ms)
 GET /api/agent/sync-queue/pending 404 in 52ms (next.js: 15ms, application-code: 36ms)
 GET /api/agent/sync-queue/pending 404 in 98ms (next.js: 22ms, application-code: 76ms)
 POST /api/agent/heartbeat 404 in 65ms (next.js: 15ms, application-code: 50ms)
 GET /api/agent/sync-queue/pending 404 in 54ms (next.js: 16ms, application-code: 39ms)
 GET /api/agent/sync-queue/pending 404 in 64ms (next.js: 14ms, application-code: 50ms)
 POST /api/agent/heartbeat 404 in 77ms (next.js: 16ms, application-code: 61ms)
 GET /api/agent/sync-queue/pending 404 in 73ms (next.js: 16ms, application-code: 57ms)
 GET /api/agent/sync-queue/pending 404 in 68ms (next.js: 14ms, application-code: 54ms)
 POST /api/agent/heartbeat 404 in 59ms (next.js: 14ms, application-code: 45ms)
 GET /api/agent/sync-queue/pending 404 in 54ms (next.js: 15ms, application-code: 39ms)
 GET /api/agent/sync-queue/pending 404 in 65ms (next.js: 13ms, application-code: 52ms)
 POST /api/agent/heartbeat 404 in 48ms (next.js: 13ms, application-code: 35ms)
 GET /api/agent/sync-queue/pending 404 in 65ms (next.js: 20ms, application-code: 45ms)
 GET /api/agent/sync-queue/pending 404 in 85ms (next.js: 14ms, application-code: 72ms)
 POST /api/agent/heartbeat 404 in 54ms (next.js: 14ms, application-code: 40ms)
 GET /api/agent/sync-queue/pending 404 in 74ms (next.js: 20ms, application-code: 54ms)
 GET /api/agent/sync-queue/pending 404 in 69ms (next.js: 17ms, application-code: 52ms)
 POST /api/agent/heartbeat 404 in 57ms (next.js: 20ms, application-code: 37ms)
 GET /api/agent/sync-queue/pending 404 in 81ms (next.js: 13ms, application-code: 68ms)
 GET /api/agent/sync-queue/pending 404 in 82ms (next.js: 26ms, application-code: 56ms)
 POST /api/agent/heartbeat 404 in 69ms (next.js: 16ms, application-code: 53ms)
 GET /api/agent/sync-queue/pending 404 in 62ms (next.js: 14ms, application-code: 48ms)
 GET /api/agent/sync-queue/pending 404 in 87ms (next.js: 15ms, application-code: 72ms)
 POST /api/agent/heartbeat 404 in 52ms (next.js: 13ms, application-code: 39ms)
 GET /api/agent/sync-queue/pending 404 in 94ms (next.js: 20ms, application-code: 75ms)
 GET /api/agent/sync-queue/pending 404 in 71ms (next.js: 16ms, application-code: 56ms)
 POST /api/agent/heartbeat 404 in 54ms (next.js: 13ms, application-code: 42ms)
 GET /api/agent/sync-queue/pending 404 in 45ms (next.js: 7ms, application-code: 37ms)
 GET /api/agent/sync-queue/pending 404 in 49ms (next.js: 11ms, application-code: 38ms)
 POST /api/agent/heartbeat 404 in 57ms (next.js: 15ms, application-code: 42ms)
 GET /api/agent/sync-queue/pending 404 in 70ms (next.js: 20ms, application-code: 50ms)
 GET /api/agent/sync-queue/pending 404 in 74ms (next.js: 15ms, application-code: 59ms)
 POST /api/agent/heartbeat 404 in 89ms (next.js: 14ms, application-code: 75ms)
 GET /api/agent/sync-queue/pending 404 in 49ms (next.js: 13ms, application-code: 35ms)
 GET /api/agent/sync-queue/pending 404 in 56ms (next.js: 10ms, application-code: 46ms)
 POST /api/agent/heartbeat 404 in 73ms (next.js: 16ms, application-code: 57ms)
 GET /api/agent/sync-queue/pending 404 in 63ms (next.js: 15ms, application-code: 47ms)
 GET /api/agent/sync-queue/pending 404 in 73ms (next.js: 21ms, application-code: 52ms)
 POST /api/agent/heartbeat 404 in 64ms (next.js: 19ms, application-code: 45ms)
 GET /api/agent/sync-queue/pending 404 in 56ms (next.js: 16ms, application-code: 40ms)
 GET /api/agent/sync-queue/pending 404 in 53ms (next.js: 16ms, application-code: 37ms)
 POST /api/agent/heartbeat 404 in 59ms (next.js: 14ms, application-code: 45ms)
 GET /api/agent/sync-queue/pending 404 in 57ms (next.js: 13ms, application-code: 44ms)
 GET /api/agent/sync-queue/pending 404 in 53ms (next.js: 18ms, application-code: 35ms)
 POST /api/agent/heartbeat 404 in 97ms (next.js: 13ms, application-code: 84ms)
 GET /api/agent/sync-queue/pending 404 in 68ms (next.js: 15ms, application-code: 53ms)
 GET /api/agent/sync-queue/pending 404 in 61ms (next.js: 13ms, application-code: 48ms)
 POST /api/agent/heartbeat 404 in 52ms (next.js: 13ms, application-code: 38ms)
 GET /api/agent/sync-queue/pending 404 in 59ms (next.js: 17ms, application-code: 42ms)
 GET /api/agent/sync-queue/pending 404 in 92ms (next.js: 16ms, application-code: 76ms)
 POST /api/agent/heartbeat 404 in 76ms (next.js: 15ms, application-code: 60ms)
 GET /api/agent/sync-queue/pending 404 in 49ms (next.js: 12ms, application-code: 37ms)
 GET /api/agent/sync-queue/pending 404 in 64ms (next.js: 14ms, application-code: 51ms)
 POST /api/agent/heartbeat 404 in 67ms (next.js: 14ms, application-code: 53ms)
 GET /api/agent/sync-queue/pending 404 in 89ms (next.js: 13ms, application-code: 75ms)
 GET /api/agent/sync-queue/pending 404 in 59ms (next.js: 19ms, application-code: 40ms)
 POST /api/agent/heartbeat 404 in 59ms (next.js: 15ms, application-code: 44ms)
 GET /api/agent/sync-queue/pending 404 in 73ms (next.js: 14ms, application-code: 58ms)
 GET /api/agent/sync-queue/pending 404 in 61ms (next.js: 13ms, application-code: 49ms)
 POST /api/agent/heartbeat 404 in 54ms (next.js: 12ms, application-code: 42ms)
 GET /api/agent/sync-queue/pending 404 in 60ms (next.js: 12ms, application-code: 48ms)
 GET /api/agent/sync-queue/pending 404 in 53ms (next.js: 13ms, application-code: 40ms)
 POST /api/agent/heartbeat 404 in 133ms (next.js: 20ms, application-code: 112ms)
 GET /api/agent/sync-queue/pending 404 in 59ms (next.js: 14ms, application-code: 45ms)
 GET /api/agent/sync-queue/pending 404 in 64ms (next.js: 16ms, application-code: 47ms)
 POST /api/agent/heartbeat 404 in 61ms (next.js: 13ms, application-code: 48ms)
 GET /api/agent/sync-queue/pending 404 in 70ms (next.js: 18ms, application-code: 52ms)
 GET /api/agent/sync-queue/pending 404 in 72ms (next.js: 26ms, application-code: 46ms)
 POST /api/agent/heartbeat 404 in 73ms (next.js: 20ms, application-code: 53ms)
 GET /api/agent/sync-queue/pending 404 in 106ms (next.js: 17ms, application-code: 88ms)
 GET /api/agent/sync-queue/pending 404 in 66ms (next.js: 28ms, application-code: 38ms)
 POST /api/agent/heartbeat 404 in 79ms (next.js: 13ms, application-code: 66ms)
 GET /api/agent/sync-queue/pending 404 in 59ms (next.js: 14ms, application-code: 45ms)
 GET /api/agent/sync-queue/pending 404 in 85ms (next.js: 19ms, application-code: 67ms)
 POST /api/agent/heartbeat 404 in 92ms (next.js: 16ms, application-code: 77ms)
 GET /api/agent/sync-queue/pending 404 in 80ms (next.js: 12ms, application-code: 67ms)
 GET /api/agent/sync-queue/pending 404 in 58ms (next.js: 15ms, application-code: 43ms)
 POST /api/agent/heartbeat 404 in 60ms (next.js: 15ms, application-code: 45ms)
 GET /api/agent/sync-queue/pending 404 in 56ms (next.js: 13ms, application-code: 43ms)
 GET /api/agent/sync-queue/pending 404 in 62ms (next.js: 16ms, application-code: 46ms)
 POST /api/agent/heartbeat 404 in 71ms (next.js: 16ms, application-code: 54ms)
 GET /api/agent/sync-queue/pending 404 in 77ms (next.js: 16ms, application-code: 60ms)
 GET /api/agent/sync-queue/pending 404 in 73ms (next.js: 15ms, application-code: 58ms)
 POST /api/agent/heartbeat 404 in 75ms (next.js: 21ms, application-code: 54ms)
 GET /api/agent/sync-queue/pending 404 in 62ms (next.js: 16ms, application-code: 46ms)
 GET /api/agent/sync-queue/pending 404 in 71ms (next.js: 15ms, application-code: 56ms)
 POST /api/agent/heartbeat 404 in 55ms (next.js: 14ms, application-code: 41ms)
 GET /api/agent/sync-queue/pending 404 in 68ms (next.js: 14ms, application-code: 54ms)
 GET /api/agent/sync-queue/pending 404 in 63ms (next.js: 14ms, application-code: 49ms)
 POST /api/agent/heartbeat 404 in 61ms (next.js: 13ms, application-code: 48ms)
 GET /api/agent/sync-queue/pending 404 in 56ms (next.js: 19ms, application-code: 36ms)
 GET /api/agent/sync-queue/pending 404 in 67ms (next.js: 16ms, application-code: 51ms)
 POST /api/agent/heartbeat 404 in 78ms (next.js: 14ms, application-code: 64ms)
 GET /api/agent/sync-queue/pending 404 in 58ms (next.js: 10ms, application-code: 48ms)
 GET /api/agent/sync-queue/pending 404 in 57ms (next.js: 12ms, application-code: 44ms)
 POST /api/agent/heartbeat 404 in 59ms (next.js: 11ms, application-code: 48ms)
 GET /api/agent/sync-queue/pending 404 in 60ms (next.js: 14ms, application-code: 46ms)
 GET /api/agent/sync-queue/pending 404 in 71ms (next.js: 16ms, application-code: 55ms)
 POST /api/agent/heartbeat 404 in 52ms (next.js: 14ms, application-code: 38ms)
 GET /api/agent/sync-queue/pending 404 in 52ms (next.js: 13ms, application-code: 39ms)
 GET /api/agent/sync-queue/pending 404 in 59ms (next.js: 14ms, application-code: 45ms)
 POST /api/agent/heartbeat 404 in 77ms (next.js: 18ms, application-code: 59ms)
 GET /api/agent/sync-queue/pending 404 in 71ms (next.js: 16ms, application-code: 55ms)
 GET /api/agent/sync-queue/pending 404 in 86ms (next.js: 14ms, application-code: 72ms)
 POST /api/agent/heartbeat 404 in 69ms (next.js: 23ms, application-code: 46ms)
 GET /api/agent/sync-queue/pending 404 in 58ms (next.js: 15ms, application-code: 43ms)
 GET /api/agent/sync-queue/pending 404 in 72ms (next.js: 15ms, application-code: 57ms)
 POST /api/agent/heartbeat 404 in 50ms (next.js: 8ms, application-code: 42ms)
 GET /api/agent/sync-queue/pending 404 in 66ms (next.js: 16ms, application-code: 51ms)
 GET /api/agent/sync-queue/pending 404 in 82ms (next.js: 18ms, application-code: 64ms)
 POST /api/agent/heartbeat 404 in 53ms (next.js: 16ms, application-code: 37ms)
 GET /api/agent/sync-queue/pending 404 in 83ms (next.js: 12ms, application-code: 70ms)
 GET /api/agent/sync-queue/pending 404 in 64ms (next.js: 14ms, application-code: 50ms)
 POST /api/agent/heartbeat 404 in 61ms (next.js: 15ms, application-code: 46ms)
 GET /api/agent/sync-queue/pending 404 in 65ms (next.js: 12ms, application-code: 54ms)
 GET /api/agent/sync-queue/pending 404 in 95ms (next.js: 18ms, application-code: 77ms)
 POST /api/agent/heartbeat 404 in 67ms (next.js: 19ms, application-code: 48ms)
 GET /api/agent/sync-queue/pending 404 in 72ms (next.js: 14ms, application-code: 58ms)
 GET /api/agent/sync-queue/pending 404 in 69ms (next.js: 14ms, application-code: 55ms)
 POST /api/agent/heartbeat 404 in 96ms (next.js: 23ms, application-code: 73ms)
 GET /api/agent/sync-queue/pending 404 in 64ms (next.js: 17ms, application-code: 47ms)
 GET /api/agent/sync-queue/pending 404 in 89ms (next.js: 15ms, application-code: 73ms)
 POST /api/agent/heartbeat 404 in 80ms (next.js: 15ms, application-code: 64ms)
 GET /api/agent/sync-queue/pending 404 in 61ms (next.js: 15ms, application-code: 46ms)
 GET /api/agent/sync-queue/pending 404 in 50ms (next.js: 13ms, application-code: 37ms)
 POST /api/agent/heartbeat 404 in 71ms (next.js: 18ms, application-code: 53ms)
 GET /api/agent/sync-queue/pending 404 in 85ms (next.js: 18ms, application-code: 67ms)
 GET /api/agent/sync-queue/pending 404 in 87ms (next.js: 21ms, application-code: 67ms)
 POST /api/agent/heartbeat 404 in 78ms (next.js: 20ms, application-code: 58ms)
 GET /api/agent/sync-queue/pending 404 in 72ms (next.js: 21ms, application-code: 51ms)
 GET /api/agent/sync-queue/pending 404 in 79ms (next.js: 16ms, application-code: 63ms)
 POST /api/agent/heartbeat 404 in 106ms (next.js: 13ms, application-code: 93ms)
 GET /api/agent/sync-queue/pending 404 in 68ms (next.js: 9ms, application-code: 59ms)
 GET /api/agent/sync-queue/pending 404 in 64ms (next.js: 18ms, application-code: 46ms)
 POST /api/agent/heartbeat 404 in 56ms (next.js: 16ms, application-code: 40ms)
 GET /api/agent/sync-queue/pending 404 in 68ms (next.js: 21ms, application-code: 47ms)
 GET /api/agent/sync-queue/pending 404 in 76ms (next.js: 20ms, application-code: 56ms)
 POST /api/agent/heartbeat 404 in 60ms (next.js: 15ms, application-code: 45ms)
 GET /api/agent/sync-queue/pending 404 in 64ms (next.js: 15ms, application-code: 49ms)
 GET /api/agent/sync-queue/pending 404 in 49ms (next.js: 12ms, application-code: 36ms)
 POST /api/agent/heartbeat 404 in 58ms (next.js: 15ms, application-code: 44ms)
 GET /api/agent/sync-queue/pending 404 in 66ms (next.js: 18ms, application-code: 48ms)
 GET /api/agent/sync-queue/pending 404 in 72ms (next.js: 18ms, application-code: 55ms)
 POST /api/agent/heartbeat 404 in 59ms (next.js: 14ms, application-code: 45ms)
 GET /api/agent/sync-queue/pending 404 in 65ms (next.js: 16ms, application-code: 48ms)
 GET /api/agent/sync-queue/pending 404 in 78ms (next.js: 21ms, application-code: 57ms)
 POST /api/agent/heartbeat 404 in 57ms (next.js: 14ms, application-code: 44ms)
 GET /api/agent/sync-queue/pending 404 in 52ms (next.js: 13ms, application-code: 39ms)
 GET /api/agent/sync-queue/pending 404 in 71ms (next.js: 14ms, application-code: 56ms)
 POST /api/agent/heartbeat 404 in 58ms (next.js: 16ms, application-code: 43ms)
 GET /api/agent/sync-queue/pending 404 in 50ms (next.js: 12ms, application-code: 39ms)
 GET /api/agent/sync-queue/pending 404 in 60ms (next.js: 13ms, application-code: 47ms)
 POST /api/agent/heartbeat 404 in 56ms (next.js: 13ms, application-code: 44ms)
 GET /api/agent/sync-queue/pending 404 in 57ms (next.js: 13ms, application-code: 45ms)
 GET /api/agent/sync-queue/pending 404 in 68ms (next.js: 17ms, application-code: 51ms)
 POST /api/agent/heartbeat 404 in 61ms (next.js: 13ms, application-code: 48ms)
 GET /api/agent/sync-queue/pending 404 in 42ms (next.js: 8ms, application-code: 34ms)
 GET /api/agent/sync-queue/pending 404 in 64ms (next.js: 13ms, application-code: 51ms)
 POST /api/agent/heartbeat 404 in 63ms (next.js: 15ms, application-code: 48ms)
 GET /api/agent/sync-queue/pending 404 in 63ms (next.js: 11ms, application-code: 51ms)
 GET /api/agent/sync-queue/pending 404 in 73ms (next.js: 19ms, application-code: 54ms)
 POST /api/agent/heartbeat 404 in 71ms (next.js: 19ms, application-code: 52ms)
 GET /api/agent/sync-queue/pending 404 in 58ms (next.js: 15ms, application-code: 43ms)
 GET /api/agent/sync-queue/pending 404 in 65ms (next.js: 22ms, application-code: 43ms)
 POST /api/agent/heartbeat 404 in 60ms (next.js: 13ms, application-code: 48ms)
 GET /api/agent/sync-queue/pending 404 in 82ms (next.js: 15ms, application-code: 68ms)
 GET /api/agent/sync-queue/pending 404 in 63ms (next.js: 13ms, application-code: 50ms)
 POST /api/agent/heartbeat 404 in 66ms (next.js: 16ms, application-code: 49ms)
 GET /api/agent/sync-queue/pending 404 in 89ms (next.js: 13ms, application-code: 76ms)
 GET /api/agent/sync-queue/pending 404 in 66ms (next.js: 13ms, application-code: 53ms)
 POST /api/agent/heartbeat 404 in 64ms (next.js: 13ms, application-code: 50ms)
 GET /api/agent/sync-queue/pending 404 in 54ms (next.js: 14ms, application-code: 40ms)
 GET /api/agent/sync-queue/pending 404 in 48ms (next.js: 13ms, application-code: 35ms)
 POST /api/agent/heartbeat 404 in 71ms (next.js: 22ms, application-code: 49ms)
 GET /api/agent/sync-queue/pending 404 in 68ms (next.js: 16ms, application-code: 52ms)
 GET /api/agent/sync-queue/pending 404 in 67ms (next.js: 14ms, application-code: 53ms)
 POST /api/agent/heartbeat 404 in 61ms (next.js: 20ms, application-code: 41ms)
 GET /api/agent/sync-queue/pending 404 in 60ms (next.js: 12ms, application-code: 47ms)
 GET /api/agent/sync-queue/pending 404 in 63ms (next.js: 12ms, application-code: 50ms)
 POST /api/agent/heartbeat 404 in 54ms (next.js: 15ms, application-code: 39ms)
 GET /api/agent/sync-queue/pending 404 in 57ms (next.js: 13ms, application-code: 44ms)
 GET /api/agent/sync-queue/pending 404 in 66ms (next.js: 13ms, application-code: 53ms)
 POST /api/agent/heartbeat 404 in 75ms (next.js: 14ms, application-code: 61ms)
 GET /api/agent/sync-queue/pending 404 in 74ms (next.js: 14ms, application-code: 60ms)
 GET /api/agent/sync-queue/pending 404 in 58ms (next.js: 13ms, application-code: 44ms)
 POST /api/agent/heartbeat 404 in 77ms (next.js: 12ms, application-code: 65ms)
 GET /api/agent/sync-queue/pending 404 in 54ms (next.js: 13ms, application-code: 41ms)
 GET /api/agent/sync-queue/pending 404 in 57ms (next.js: 13ms, application-code: 44ms)
 POST /api/agent/heartbeat 404 in 56ms (next.js: 12ms, application-code: 44ms)
 GET /api/agent/sync-queue/pending 404 in 64ms (next.js: 15ms, application-code: 49ms)
 GET /api/agent/sync-queue/pending 404 in 63ms (next.js: 15ms, application-code: 48ms)
 POST /api/agent/heartbeat 404 in 50ms (next.js: 8ms, application-code: 42ms)
 GET /api/agent/sync-queue/pending 404 in 61ms (next.js: 15ms, application-code: 46ms)
 GET /api/agent/sync-queue/pending 404 in 79ms (next.js: 18ms, application-code: 61ms)
 POST /api/agent/heartbeat 404 in 59ms (next.js: 14ms, application-code: 45ms)
 GET /api/agent/sync-queue/pending 404 in 53ms (next.js: 13ms, application-code: 39ms)
 GET /api/agent/sync-queue/pending 404 in 57ms (next.js: 13ms, application-code: 45ms)
 POST /api/agent/heartbeat 404 in 58ms (next.js: 14ms, application-code: 44ms)
 GET /api/agent/sync-queue/pending 404 in 61ms (next.js: 13ms, application-code: 48ms)
 GET /api/agent/sync-queue/pending 404 in 55ms (next.js: 17ms, application-code: 37ms)
 POST /api/agent/heartbeat 404 in 63ms (next.js: 15ms, application-code: 48ms)
 GET /api/agent/sync-queue/pending 404 in 77ms (next.js: 14ms, application-code: 63ms)
 GET /api/agent/sync-queue/pending 404 in 56ms (next.js: 12ms, application-code: 43ms)
 POST /api/agent/heartbeat 404 in 63ms (next.js: 16ms, application-code: 47ms)
 GET /api/agent/sync-queue/pending 404 in 60ms (next.js: 14ms, application-code: 46ms)
 GET /api/agent/sync-queue/pending 404 in 116ms (next.js: 16ms, application-code: 100ms)
 POST /api/agent/heartbeat 404 in 69ms (next.js: 13ms, application-code: 56ms)
 GET /api/agent/sync-queue/pending 404 in 59ms (next.js: 13ms, application-code: 46ms)
 GET /api/agent/sync-queue/pending 404 in 59ms (next.js: 13ms, application-code: 46ms)
 POST /api/agent/heartbeat 404 in 58ms (next.js: 14ms, application-code: 45ms)
 GET /api/agent/sync-queue/pending 404 in 101ms (next.js: 18ms, application-code: 84ms)
 GET /api/agent/sync-queue/pending 404 in 56ms (next.js: 13ms, application-code: 43ms)
 POST /api/agent/heartbeat 404 in 62ms (next.js: 13ms, application-code: 48ms)
 GET /api/agent/sync-queue/pending 404 in 48ms (next.js: 9ms, application-code: 39ms)
 GET /api/agent/sync-queue/pending 404 in 56ms (next.js: 20ms, application-code: 36ms)
 POST /api/agent/heartbeat 404 in 50ms (next.js: 13ms, application-code: 37ms)
 GET /api/agent/sync-queue/pending 404 in 62ms (next.js: 18ms, application-code: 45ms)
 GET /api/agent/sync-queue/pending 404 in 48ms (next.js: 9ms, application-code: 39ms)
 POST /api/agent/heartbeat 404 in 58ms (next.js: 13ms, application-code: 44ms)
 GET /api/agent/sync-queue/pending 404 in 67ms (next.js: 15ms, application-code: 52ms)
 GET /api/agent/sync-queue/pending 404 in 61ms (next.js: 17ms, application-code: 44ms)
 POST /api/agent/heartbeat 404 in 67ms (next.js: 13ms, application-code: 54ms)
 GET /api/agent/sync-queue/pending 404 in 58ms (next.js: 14ms, application-code: 43ms)
 GET /api/agent/sync-queue/pending 404 in 67ms (next.js: 17ms, application-code: 50ms)
 POST /api/agent/heartbeat 404 in 60ms (next.js: 16ms, application-code: 44ms)
 GET /api/agent/sync-queue/pending 404 in 59ms (next.js: 15ms, application-code: 44ms)
 GET /api/agent/sync-queue/pending 404 in 43ms (next.js: 10ms, application-code: 33ms)
 POST /api/agent/heartbeat 404 in 66ms (next.js: 14ms, application-code: 53ms)
 GET /api/agent/sync-queue/pending 404 in 54ms (next.js: 8ms, application-code: 46ms)
 GET /api/agent/sync-queue/pending 404 in 78ms (next.js: 14ms, application-code: 64ms)
 POST /api/agent/heartbeat 404 in 51ms (next.js: 14ms, application-code: 37ms)
 GET /api/agent/sync-queue/pending 404 in 62ms (next.js: 17ms, application-code: 45ms)
 GET /api/agent/sync-queue/pending 404 in 67ms (next.js: 13ms, application-code: 54ms)
 POST /api/agent/heartbeat 404 in 54ms (next.js: 15ms, application-code: 39ms)
 GET /api/agent/sync-queue/pending 404 in 67ms (next.js: 17ms, application-code: 50ms)
 GET /api/agent/sync-queue/pending 404 in 65ms (next.js: 25ms, application-code: 39ms)
 POST /api/agent/heartbeat 404 in 53ms (next.js: 16ms, application-code: 37ms)
 GET /api/agent/sync-queue/pending 404 in 74ms (next.js: 13ms, application-code: 61ms)
 GET /api/agent/sync-queue/pending 404 in 80ms (next.js: 14ms, application-code: 66ms)
 POST /api/agent/heartbeat 404 in 67ms (next.js: 13ms, application-code: 55ms)
 GET /api/agent/sync-queue/pending 404 in 65ms (next.js: 15ms, application-code: 50ms)
 GET /api/agent/sync-queue/pending 404 in 62ms (next.js: 15ms, application-code: 47ms)
 POST /api/agent/heartbeat 404 in 66ms (next.js: 15ms, application-code: 51ms)
 GET /api/agent/sync-queue/pending 404 in 89ms (next.js: 15ms, application-code: 74ms)
 GET /api/agent/sync-queue/pending 404 in 71ms (next.js: 19ms, application-code: 53ms)
 POST /api/agent/heartbeat 404 in 67ms (next.js: 12ms, application-code: 55ms)
 GET /api/agent/sync-queue/pending 404 in 61ms (next.js: 15ms, application-code: 46ms)
 GET /api/agent/sync-queue/pending 404 in 72ms (next.js: 17ms, application-code: 55ms)
 POST /api/agent/heartbeat 404 in 78ms (next.js: 16ms, application-code: 62ms)
 GET /api/agent/sync-queue/pending 404 in 75ms (next.js: 15ms, application-code: 60ms)
 GET /api/agent/sync-queue/pending 404 in 69ms (next.js: 14ms, application-code: 55ms)
 POST /api/agent/heartbeat 404 in 84ms (next.js: 13ms, application-code: 71ms)
 GET /api/agent/sync-queue/pending 404 in 67ms (next.js: 16ms, application-code: 51ms)
 GET /api/agent/sync-queue/pending 404 in 71ms (next.js: 23ms, application-code: 48ms)
 POST /api/agent/heartbeat 404 in 57ms (next.js: 13ms, application-code: 44ms)
 GET /api/agent/sync-queue/pending 404 in 64ms (next.js: 21ms, application-code: 43ms)
 GET /api/agent/sync-queue/pending 404 in 53ms (next.js: 13ms, application-code: 40ms)
 POST /api/agent/heartbeat 404 in 66ms (next.js: 14ms, application-code: 52ms)
 GET /api/agent/sync-queue/pending 404 in 75ms (next.js: 18ms, application-code: 56ms)
 GET /api/agent/sync-queue/pending 404 in 61ms (next.js: 12ms, application-code: 49ms)
 POST /api/agent/heartbeat 404 in 73ms (next.js: 16ms, application-code: 56ms)
 GET /api/agent/sync-queue/pending 404 in 60ms (next.js: 14ms, application-code: 46ms)
 GET /api/agent/sync-queue/pending 404 in 61ms (next.js: 15ms, application-code: 46ms)
 POST /api/agent/heartbeat 404 in 80ms (next.js: 13ms, application-code: 67ms)
 GET /api/agent/sync-queue/pending 404 in 56ms (next.js: 13ms, application-code: 43ms)
 GET /api/agent/sync-queue/pending 404 in 59ms (next.js: 14ms, application-code: 44ms)
 POST /api/agent/heartbeat 404 in 55ms (next.js: 12ms, application-code: 43ms)
 GET /api/agent/sync-queue/pending 404 in 60ms (next.js: 16ms, application-code: 44ms)
 GET /api/agent/sync-queue/pending 404 in 45ms (next.js: 7ms, application-code: 38ms)
 POST /api/agent/heartbeat 404 in 71ms (next.js: 15ms, application-code: 56ms)
 GET /api/agent/sync-queue/pending 404 in 62ms (next.js: 13ms, application-code: 49ms)
 GET /api/agent/sync-queue/pending 404 in 100ms (next.js: 18ms, application-code: 82ms)
 POST /api/agent/heartbeat 404 in 59ms (next.js: 11ms, application-code: 48ms)
 GET /api/agent/sync-queue/pending 404 in 56ms (next.js: 12ms, application-code: 44ms)
 GET /api/agent/sync-queue/pending 404 in 61ms (next.js: 15ms, application-code: 46ms)
 POST /api/agent/heartbeat 404 in 55ms (next.js: 16ms, application-code: 39ms)
 GET /api/agent/sync-queue/pending 404 in 59ms (next.js: 17ms, application-code: 42ms)
 GET /api/agent/sync-queue/pending 404 in 74ms (next.js: 16ms, application-code: 58ms)
 POST /api/agent/heartbeat 404 in 66ms (next.js: 18ms, application-code: 48ms)
 GET /api/agent/sync-queue/pending 404 in 75ms (next.js: 15ms, application-code: 59ms)
 GET /api/agent/sync-queue/pending 404 in 67ms (next.js: 13ms, application-code: 54ms)
 POST /api/agent/heartbeat 404 in 52ms (next.js: 15ms, application-code: 37ms)
 GET /api/agent/sync-queue/pending 404 in 61ms (next.js: 14ms, application-code: 47ms)
 GET /api/agent/sync-queue/pending 404 in 62ms (next.js: 15ms, application-code: 48ms)
 POST /api/agent/heartbeat 404 in 63ms (next.js: 14ms, application-code: 49ms)
 GET /api/agent/sync-queue/pending 404 in 64ms (next.js: 13ms, application-code: 51ms)
 GET /api/agent/sync-queue/pending 404 in 59ms (next.js: 12ms, application-code: 46ms)
 POST /api/agent/heartbeat 404 in 64ms (next.js: 14ms, application-code: 50ms)
 GET /api/agent/sync-queue/pending 404 in 58ms (next.js: 14ms, application-code: 44ms)
 GET /api/agent/sync-queue/pending 404 in 57ms (next.js: 19ms, application-code: 38ms)
 POST /api/agent/heartbeat 404 in 56ms (next.js: 14ms, application-code: 43ms)
 GET /api/agent/sync-queue/pending 404 in 81ms (next.js: 14ms, application-code: 66ms)
 GET /api/agent/sync-queue/pending 404 in 73ms (next.js: 19ms, application-code: 54ms)
 POST /api/agent/heartbeat 404 in 48ms (next.js: 15ms, application-code: 33ms)
 GET /api/agent/sync-queue/pending 404 in 68ms (next.js: 16ms, application-code: 52ms)
 GET /api/agent/sync-queue/pending 404 in 112ms (next.js: 15ms, application-code: 96ms)
 POST /api/agent/heartbeat 404 in 47ms (next.js: 12ms, application-code: 34ms)
 GET /api/agent/sync-queue/pending 404 in 67ms (next.js: 15ms, application-code: 53ms)
 GET /api/agent/sync-queue/pending 404 in 57ms (next.js: 17ms, application-code: 40ms)
 POST /api/agent/heartbeat 404 in 57ms (next.js: 13ms, application-code: 44ms)
 GET /api/agent/sync-queue/pending 404 in 48ms (next.js: 12ms, application-code: 36ms)
 GET /api/agent/sync-queue/pending 404 in 60ms (next.js: 18ms, application-code: 41ms)
 POST /api/agent/heartbeat 404 in 57ms (next.js: 13ms, application-code: 44ms)
 GET /api/agent/sync-queue/pending 404 in 54ms (next.js: 18ms, application-code: 36ms)
 GET /api/agent/sync-queue/pending 404 in 69ms (next.js: 17ms, application-code: 52ms)
 POST /api/agent/heartbeat 404 in 56ms (next.js: 10ms, application-code: 46ms)
 GET /api/agent/sync-queue/pending 404 in 53ms (next.js: 17ms, application-code: 36ms)
 GET /api/agent/sync-queue/pending 404 in 68ms (next.js: 19ms, application-code: 49ms)
 POST /api/agent/heartbeat 404 in 60ms (next.js: 13ms, application-code: 47ms)
 GET /api/agent/sync-queue/pending 404 in 47ms (next.js: 11ms, application-code: 36ms)
 GET /api/agent/sync-queue/pending 404 in 89ms (next.js: 16ms, application-code: 73ms)
 POST /api/agent/heartbeat 404 in 64ms (next.js: 18ms, application-code: 46ms)
 GET /api/agent/sync-queue/pending 404 in 58ms (next.js: 16ms, application-code: 42ms)
 GET /api/agent/sync-queue/pending 404 in 71ms (next.js: 19ms, application-code: 52ms)
 POST /api/agent/heartbeat 404 in 56ms (next.js: 15ms, application-code: 41ms)
 GET /api/agent/sync-queue/pending 404 in 53ms (next.js: 13ms, application-code: 40ms)
 GET /api/agent/sync-queue/pending 404 in 61ms (next.js: 15ms, application-code: 46ms)
 POST /api/agent/heartbeat 404 in 44ms (next.js: 9ms, application-code: 36ms)
 GET /api/agent/sync-queue/pending 404 in 76ms (next.js: 11ms, application-code: 65ms)
 GET /api/agent/sync-queue/pending 404 in 54ms (next.js: 15ms, application-code: 39ms)
 POST /api/agent/heartbeat 404 in 68ms (next.js: 13ms, application-code: 55ms)
 GET /api/agent/sync-queue/pending 404 in 60ms (next.js: 12ms, application-code: 47ms)
 GET /api/agent/sync-queue/pending 404 in 50ms (next.js: 12ms, application-code: 37ms)
 POST /api/agent/heartbeat 404 in 67ms (next.js: 16ms, application-code: 51ms)
 GET /api/agent/sync-queue/pending 404 in 115ms (next.js: 42ms, application-code: 73ms)
 GET /api/agent/sync-queue/pending 404 in 65ms (next.js: 20ms, application-code: 45ms)
 POST /api/agent/heartbeat 404 in 71ms (next.js: 12ms, application-code: 58ms)
 GET /api/agent/sync-queue/pending 404 in 85ms (next.js: 18ms, application-code: 67ms)
 GET /api/agent/sync-queue/pending 404 in 92ms (next.js: 18ms, application-code: 74ms)
 POST /api/agent/heartbeat 404 in 84ms (next.js: 14ms, application-code: 70ms)
 GET /api/agent/sync-queue/pending 404 in 66ms (next.js: 10ms, application-code: 56ms)
 GET /api/agent/sync-queue/pending 404 in 61ms (next.js: 12ms, application-code: 49ms)
 POST /api/agent/heartbeat 404 in 60ms (next.js: 17ms, application-code: 43ms)
 GET /api/agent/sync-queue/pending 404 in 65ms (next.js: 22ms, application-code: 43ms)
 GET /api/agent/sync-queue/pending 404 in 87ms (next.js: 13ms, application-code: 74ms)
 POST /api/agent/heartbeat 404 in 50ms (next.js: 15ms, application-code: 35ms)
 GET /api/agent/sync-queue/pending 404 in 92ms (next.js: 14ms, application-code: 78ms)
 GET /api/agent/sync-queue/pending 404 in 52ms (next.js: 12ms, application-code: 40ms)
 POST /api/agent/heartbeat 404 in 76ms (next.js: 15ms, application-code: 61ms)
 GET /api/agent/sync-queue/pending 404 in 55ms (next.js: 12ms, application-code: 43ms)
 GET /api/agent/sync-queue/pending 404 in 83ms (next.js: 14ms, application-code: 68ms)
 POST /api/agent/heartbeat 404 in 57ms (next.js: 12ms, application-code: 45ms)
 GET /api/agent/sync-queue/pending 404 in 50ms (next.js: 13ms, application-code: 37ms)
 GET /api/agent/sync-queue/pending 404 in 60ms (next.js: 20ms, application-code: 40ms)
 POST /api/agent/heartbeat 404 in 84ms (next.js: 14ms, application-code: 70ms)
 GET /api/agent/sync-queue/pending 404 in 69ms (next.js: 16ms, application-code: 53ms)
 GET /api/agent/sync-queue/pending 404 in 59ms (next.js: 14ms, application-code: 45ms)
 POST /api/agent/heartbeat 404 in 66ms (next.js: 14ms, application-code: 51ms)
 GET /api/agent/sync-queue/pending 404 in 55ms (next.js: 14ms, application-code: 42ms)
 GET /api/agent/sync-queue/pending 404 in 97ms (next.js: 14ms, application-code: 83ms)
 POST /api/agent/heartbeat 404 in 56ms (next.js: 13ms, application-code: 43ms)
 GET /api/agent/sync-queue/pending 404 in 49ms (next.js: 10ms, application-code: 39ms)
 GET /api/agent/sync-queue/pending 404 in 52ms (next.js: 14ms, application-code: 38ms)
 POST /api/agent/heartbeat 404 in 57ms (next.js: 13ms, application-code: 44ms)
 GET /api/agent/sync-queue/pending 404 in 58ms (next.js: 14ms, application-code: 44ms)
 GET /api/agent/sync-queue/pending 404 in 66ms (next.js: 16ms, application-code: 50ms)
 POST /api/agent/heartbeat 404 in 79ms (next.js: 15ms, application-code: 65ms)
 GET /api/agent/sync-queue/pending 404 in 52ms (next.js: 12ms, application-code: 40ms)
 GET /api/agent/sync-queue/pending 404 in 68ms (next.js: 12ms, application-code: 56ms)
 POST /api/agent/heartbeat 404 in 57ms (next.js: 18ms, application-code: 38ms)
 GET /api/agent/sync-queue/pending 404 in 63ms (next.js: 17ms, application-code: 46ms)
 GET /api/agent/sync-queue/pending 404 in 66ms (next.js: 18ms, application-code: 48ms)
 POST /api/agent/heartbeat 404 in 58ms (next.js: 13ms, application-code: 45ms)
 GET /api/agent/sync-queue/pending 404 in 44ms (next.js: 9ms, application-code: 35ms)
 GET /api/agent/sync-queue/pending 404 in 58ms (next.js: 13ms, application-code: 45ms)
 POST /api/agent/heartbeat 404 in 94ms (next.js: 13ms, application-code: 82ms)
 GET /api/agent/sync-queue/pending 404 in 62ms (next.js: 17ms, application-code: 46ms)
 GET /api/agent/sync-queue/pending 404 in 63ms (next.js: 13ms, application-code: 50ms)
 POST /api/agent/heartbeat 404 in 52ms (next.js: 12ms, application-code: 40ms)
 GET /api/agent/sync-queue/pending 404 in 46ms (next.js: 9ms, application-code: 37ms)
 GET /api/agent/sync-queue/pending 404 in 53ms (next.js: 12ms, application-code: 41ms)
 POST /api/agent/heartbeat 404 in 59ms (next.js: 16ms, application-code: 44ms)
 GET /api/agent/sync-queue/pending 404 in 51ms (next.js: 12ms, application-code: 39ms)
 GET /api/agent/sync-queue/pending 404 in 73ms (next.js: 13ms, application-code: 60ms)
 POST /api/agent/heartbeat 404 in 61ms (next.js: 13ms, application-code: 48ms)
 GET /api/agent/sync-queue/pending 404 in 78ms (next.js: 17ms, application-code: 62ms)
 GET /api/agent/sync-queue/pending 404 in 128ms (next.js: 29ms, application-code: 100ms)
 POST /api/agent/heartbeat 404 in 47ms (next.js: 14ms, application-code: 33ms)
 GET /api/agent/sync-queue/pending 404 in 58ms (next.js: 12ms, application-code: 46ms)
 GET /api/agent/sync-queue/pending 404 in 72ms (next.js: 23ms, application-code: 49ms)
 POST /api/agent/heartbeat 404 in 63ms (next.js: 14ms, application-code: 49ms)
 GET /api/agent/sync-queue/pending 404 in 54ms (next.js: 14ms, application-code: 40ms)
 GET /api/agent/sync-queue/pending 404 in 65ms (next.js: 13ms, application-code: 52ms)
 POST /api/agent/heartbeat 404 in 62ms (next.js: 13ms, application-code: 49ms)
 GET /api/agent/sync-queue/pending 404 in 63ms (next.js: 13ms, application-code: 50ms)
 GET /api/agent/sync-queue/pending 404 in 51ms (next.js: 12ms, application-code: 39ms)
 POST /api/agent/heartbeat 404 in 56ms (next.js: 14ms, application-code: 42ms)
 GET /api/agent/sync-queue/pending 404 in 68ms (next.js: 16ms, application-code: 52ms)
 GET /api/agent/sync-queue/pending 404 in 60ms (next.js: 15ms, application-code: 45ms)
 POST /api/agent/heartbeat 404 in 73ms (next.js: 15ms, application-code: 59ms)
 GET /api/agent/sync-queue/pending 404 in 84ms (next.js: 14ms, application-code: 70ms)
 GET /api/agent/sync-queue/pending 404 in 62ms (next.js: 19ms, application-code: 43ms)
 POST /api/agent/heartbeat 404 in 56ms (next.js: 14ms, application-code: 42ms)
 GET /api/agent/sync-queue/pending 404 in 59ms (next.js: 10ms, application-code: 49ms)
 GET /api/agent/sync-queue/pending 404 in 57ms (next.js: 14ms, application-code: 42ms)
 POST /api/agent/heartbeat 404 in 57ms (next.js: 14ms, application-code: 43ms)
 GET /api/agent/sync-queue/pending 404 in 53ms (next.js: 11ms, application-code: 42ms)
 GET /api/agent/sync-queue/pending 404 in 97ms (next.js: 31ms, application-code: 66ms)
 POST /api/agent/heartbeat 404 in 66ms (next.js: 16ms, application-code: 50ms)
 GET /api/agent/sync-queue/pending 404 in 61ms (next.js: 13ms, application-code: 48ms)
 GET /api/agent/sync-queue/pending 404 in 75ms (next.js: 14ms, application-code: 61ms)
 POST /api/agent/heartbeat 404 in 57ms (next.js: 12ms, application-code: 44ms)
 GET /api/agent/sync-queue/pending 404 in 53ms (next.js: 15ms, application-code: 39ms)
 GET /api/agent/sync-queue/pending 404 in 55ms (next.js: 7ms, application-code: 48ms)
 POST /api/agent/heartbeat 404 in 61ms (next.js: 14ms, application-code: 47ms)
 GET /api/agent/sync-queue/pending 404 in 61ms (next.js: 14ms, application-code: 47ms)
 GET /api/agent/sync-queue/pending 404 in 98ms (next.js: 15ms, application-code: 83ms)
 POST /api/agent/heartbeat 404 in 73ms (next.js: 13ms, application-code: 60ms)
 GET /api/agent/sync-queue/pending 404 in 61ms (next.js: 14ms, application-code: 47ms)
 GET /api/agent/sync-queue/pending 404 in 90ms (next.js: 16ms, application-code: 75ms)
 POST /api/agent/heartbeat 404 in 60ms (next.js: 15ms, application-code: 45ms)
 GET /api/agent/sync-queue/pending 404 in 91ms (next.js: 14ms, application-code: 78ms)
 GET /api/agent/sync-queue/pending 404 in 74ms (next.js: 20ms, application-code: 54ms)
 POST /api/agent/heartbeat 404 in 62ms (next.js: 12ms, application-code: 49ms)
 GET /api/agent/sync-queue/pending 404 in 65ms (next.js: 11ms, application-code: 54ms)
 GET /api/agent/sync-queue/pending 404 in 73ms (next.js: 21ms, application-code: 52ms)
 POST /api/agent/heartbeat 404 in 61ms (next.js: 12ms, application-code: 50ms)
 GET /api/agent/sync-queue/pending 404 in 80ms (next.js: 15ms, application-code: 65ms)
 GET /api/agent/sync-queue/pending 404 in 47ms (next.js: 10ms, application-code: 37ms)
 POST /api/agent/heartbeat 404 in 55ms (next.js: 11ms, application-code: 44ms)
 GET /api/agent/sync-queue/pending 404 in 64ms (next.js: 13ms, application-code: 51ms)
 GET /api/agent/sync-queue/pending 404 in 57ms (next.js: 12ms, application-code: 45ms)
 POST /api/agent/heartbeat 404 in 60ms (next.js: 13ms, application-code: 47ms)
 GET /api/agent/sync-queue/pending 404 in 61ms (next.js: 17ms, application-code: 44ms)
 GET /api/agent/sync-queue/pending 404 in 73ms (next.js: 10ms, application-code: 63ms)
 POST /api/agent/heartbeat 404 in 56ms (next.js: 12ms, application-code: 45ms)
 GET /api/agent/sync-queue/pending 404 in 70ms (next.js: 15ms, application-code: 55ms)
 GET /api/agent/sync-queue/pending 404 in 73ms (next.js: 16ms, application-code: 57ms)
 POST /api/agent/heartbeat 404 in 67ms (next.js: 13ms, application-code: 53ms)
 GET /api/agent/sync-queue/pending 404 in 81ms (next.js: 16ms, application-code: 65ms)
 GET /api/agent/sync-queue/pending 404 in 73ms (next.js: 11ms, application-code: 61ms)
 POST /api/agent/heartbeat 404 in 70ms (next.js: 15ms, application-code: 56ms)
 GET /api/agent/sync-queue/pending 404 in 61ms (next.js: 14ms, application-code: 47ms)
 GET /api/agent/sync-queue/pending 404 in 90ms (next.js: 24ms, application-code: 66ms)
 POST /api/agent/heartbeat 404 in 76ms (next.js: 23ms, application-code: 53ms)
 GET /api/agent/sync-queue/pending 404 in 61ms (next.js: 13ms, application-code: 48ms)
 GET /api/agent/sync-queue/pending 404 in 66ms (next.js: 11ms, application-code: 55ms)
 POST /api/agent/heartbeat 404 in 49ms (next.js: 15ms, application-code: 35ms)
 GET /api/agent/sync-queue/pending 404 in 56ms (next.js: 13ms, application-code: 43ms)
 GET /api/agent/sync-queue/pending 404 in 67ms (next.js: 17ms, application-code: 50ms)
 POST /api/agent/heartbeat 404 in 53ms (next.js: 12ms, application-code: 41ms)
 GET /api/agent/sync-queue/pending 404 in 101ms (next.js: 17ms, application-code: 84ms)
 GET /api/agent/sync-queue/pending 404 in 60ms (next.js: 15ms, application-code: 45ms)
 POST /api/agent/heartbeat 404 in 56ms (next.js: 12ms, application-code: 44ms)
 GET /api/agent/sync-queue/pending 404 in 63ms (next.js: 15ms, application-code: 48ms)
 GET /api/agent/sync-queue/pending 404 in 55ms (next.js: 11ms, application-code: 44ms)
 POST /api/agent/heartbeat 404 in 70ms (next.js: 15ms, application-code: 56ms)
 GET /api/agent/sync-queue/pending 404 in 71ms (next.js: 14ms, application-code: 57ms)
 GET /api/agent/sync-queue/pending 404 in 71ms (next.js: 22ms, application-code: 49ms)
 POST /api/agent/heartbeat 404 in 74ms (next.js: 13ms, application-code: 61ms)
 GET /api/agent/sync-queue/pending 404 in 47ms (next.js: 13ms, application-code: 34ms)
 GET /api/agent/sync-queue/pending 404 in 65ms (next.js: 19ms, application-code: 46ms)
 POST /api/agent/heartbeat 404 in 83ms (next.js: 16ms, application-code: 67ms)
 GET /api/agent/sync-queue/pending 404 in 56ms (next.js: 13ms, application-code: 43ms)
 GET /api/agent/sync-queue/pending 404 in 42ms (next.js: 9ms, application-code: 33ms)
 POST /api/agent/heartbeat 404 in 60ms (next.js: 14ms, application-code: 46ms)
 GET /api/agent/sync-queue/pending 404 in 55ms (next.js: 10ms, application-code: 46ms)
 GET /api/agent/sync-queue/pending 404 in 46ms (next.js: 9ms, application-code: 37ms)
 POST /api/agent/heartbeat 404 in 61ms (next.js: 16ms, application-code: 44ms)
 GET /api/agent/sync-queue/pending 404 in 53ms (next.js: 14ms, application-code: 38ms)
 GET /api/agent/sync-queue/pending 404 in 45ms (next.js: 12ms, application-code: 33ms)
 POST /api/agent/heartbeat 404 in 58ms (next.js: 17ms, application-code: 41ms)
 GET /api/agent/sync-queue/pending 404 in 59ms (next.js: 18ms, application-code: 41ms)
 GET /api/agent/sync-queue/pending 404 in 44ms (next.js: 10ms, application-code: 34ms)
 POST /api/agent/heartbeat 404 in 73ms (next.js: 17ms, application-code: 56ms)
 GET /api/agent/sync-queue/pending 404 in 57ms (next.js: 14ms, application-code: 43ms)
 GET /api/agent/sync-queue/pending 404 in 66ms (next.js: 13ms, application-code: 53ms)
 POST /api/agent/heartbeat 404 in 67ms (next.js: 10ms, application-code: 57ms)
 GET /api/agent/sync-queue/pending 404 in 59ms (next.js: 13ms, application-code: 46ms)
 GET /api/agent/sync-queue/pending 404 in 70ms (next.js: 19ms, application-code: 51ms)
 POST /api/agent/heartbeat 404 in 55ms (next.js: 13ms, application-code: 41ms)
 GET /api/agent/sync-queue/pending 404 in 62ms (next.js: 14ms, application-code: 49ms)
 GET /api/agent/sync-queue/pending 404 in 71ms (next.js: 13ms, application-code: 58ms)
 POST /api/agent/heartbeat 404 in 56ms (next.js: 9ms, application-code: 46ms)
 GET /api/agent/sync-queue/pending 404 in 71ms (next.js: 14ms, application-code: 57ms)
 GET /api/agent/sync-queue/pending 404 in 160ms (next.js: 12ms, application-code: 147ms)
 POST /api/agent/heartbeat 404 in 82ms (next.js: 18ms, application-code: 64ms)
 GET /api/agent/sync-queue/pending 404 in 69ms (next.js: 12ms, application-code: 56ms)
 GET /api/agent/sync-queue/pending 404 in 145ms (next.js: 15ms, application-code: 130ms)
 POST /api/agent/heartbeat 404 in 61ms (next.js: 17ms, application-code: 44ms)
 GET /api/agent/sync-queue/pending 404 in 70ms (next.js: 12ms, application-code: 59ms)
 GET /api/agent/sync-queue/pending 404 in 137ms (next.js: 15ms, application-code: 121ms)
 POST /api/agent/heartbeat 404 in 65ms (next.js: 14ms, application-code: 51ms)
 GET /api/agent/sync-queue/pending 404 in 58ms (next.js: 15ms, application-code: 43ms)
 GET /api/agent/sync-queue/pending 404 in 105ms (next.js: 7ms, application-code: 97ms)
 POST /api/agent/heartbeat 404 in 53ms (next.js: 8ms, application-code: 45ms)
 GET /api/agent/sync-queue/pending 404 in 56ms (next.js: 14ms, application-code: 41ms)
 GET /api/agent/sync-queue/pending 404 in 100ms (next.js: 19ms, application-code: 81ms)
 POST /api/agent/heartbeat 404 in 41ms (next.js: 7ms, application-code: 34ms)
 GET /api/agent/sync-queue/pending 404 in 56ms (next.js: 12ms, application-code: 44ms)
 GET /api/agent/sync-queue/pending 404 in 166ms (next.js: 12ms, application-code: 154ms)
 POST /api/agent/heartbeat 404 in 102ms (next.js: 15ms, application-code: 87ms)
 GET /api/agent/sync-queue/pending 404 in 56ms (next.js: 11ms, application-code: 45ms)
 GET /api/agent/sync-queue/pending 404 in 119ms (next.js: 14ms, application-code: 105ms)
 POST /api/agent/heartbeat 404 in 64ms (next.js: 8ms, application-code: 57ms)
 GET /api/agent/sync-queue/pending 404 in 61ms (next.js: 15ms, application-code: 46ms)
 GET /api/agent/sync-queue/pending 404 in 140ms (next.js: 27ms, application-code: 112ms)
 POST /api/agent/heartbeat 404 in 137ms (next.js: 82ms, application-code: 55ms)
 GET /api/agent/sync-queue/pending 404 in 57ms (next.js: 12ms, application-code: 45ms)
 GET /api/agent/sync-queue/pending 404 in 93ms (next.js: 18ms, application-code: 76ms)
 POST /api/agent/heartbeat 404 in 92ms (next.js: 55ms, application-code: 37ms)
 GET /api/agent/sync-queue/pending 404 in 56ms (next.js: 11ms, application-code: 46ms)
 POST /api/agent/heartbeat 404 in 128ms (next.js: 14ms, application-code: 114ms)
 GET /api/agent/sync-queue/pending 404 in 64ms (next.js: 9ms, application-code: 55ms)
 GET /api/agent/sync-queue/pending 404 in 52ms (next.js: 13ms, application-code: 39ms)
 POST /api/agent/heartbeat 404 in 138ms (next.js: 17ms, application-code: 121ms)
 GET /api/agent/sync-queue/pending 404 in 96ms (next.js: 20ms, application-code: 76ms)
 GET /api/agent/sync-queue/pending 404 in 58ms (next.js: 11ms, application-code: 47ms)
 POST /api/agent/heartbeat 404 in 142ms (next.js: 13ms, application-code: 129ms)
 GET /api/agent/sync-queue/pending 404 in 64ms (next.js: 19ms, application-code: 46ms)
 GET /api/agent/sync-queue/pending 404 in 68ms (next.js: 14ms, application-code: 54ms)
 POST /api/agent/heartbeat 404 in 136ms (next.js: 13ms, application-code: 123ms)
 GET /api/agent/sync-queue/pending 404 in 70ms (next.js: 13ms, application-code: 58ms)
 GET /api/agent/sync-queue/pending 404 in 68ms (next.js: 12ms, application-code: 56ms)
 POST /api/agent/heartbeat 404 in 97ms (next.js: 12ms, application-code: 84ms)
 GET /api/agent/sync-queue/pending 404 in 51ms (next.js: 9ms, application-code: 41ms)
 GET /api/agent/sync-queue/pending 404 in 52ms (next.js: 11ms, application-code: 41ms)
 POST /api/agent/heartbeat 404 in 134ms (next.js: 13ms, application-code: 121ms)
 GET /api/agent/sync-queue/pending 404 in 57ms (next.js: 15ms, application-code: 42ms)
 GET /api/agent/sync-queue/pending 404 in 88ms (next.js: 11ms, application-code: 77ms)
 POST /api/agent/heartbeat 404 in 113ms (next.js: 15ms, application-code: 99ms)
 GET /api/agent/sync-queue/pending 404 in 50ms (next.js: 8ms, application-code: 42ms)
 GET /api/agent/sync-queue/pending 404 in 55ms (next.js: 15ms, application-code: 40ms)
 POST /api/agent/heartbeat 404 in 104ms (next.js: 13ms, application-code: 91ms)
 GET /api/agent/sync-queue/pending 404 in 55ms (next.js: 11ms, application-code: 44ms)
 GET /api/agent/sync-queue/pending 404 in 81ms (next.js: 19ms, application-code: 62ms)
 POST /api/agent/heartbeat 404 in 127ms (next.js: 15ms, application-code: 112ms)
 GET /api/agent/sync-queue/pending 404 in 59ms (next.js: 8ms, application-code: 51ms)
 GET /api/agent/sync-queue/pending 404 in 63ms (next.js: 13ms, application-code: 50ms)
 POST /api/agent/heartbeat 404 in 118ms (next.js: 12ms, application-code: 106ms)
 GET /api/agent/sync-queue/pending 404 in 63ms (next.js: 7ms, application-code: 55ms)
 GET /api/agent/sync-queue/pending 404 in 60ms (next.js: 12ms, application-code: 47ms)
 POST /api/agent/heartbeat 404 in 107ms (next.js: 17ms, application-code: 90ms)
 GET /api/agent/sync-queue/pending 404 in 42ms (next.js: 8ms, application-code: 34ms)
 GET /api/agent/sync-queue/pending 404 in 62ms (next.js: 12ms, application-code: 49ms)
 POST /api/agent/heartbeat 404 in 143ms (next.js: 12ms, application-code: 131ms)
 GET /api/agent/sync-queue/pending 404 in 76ms (next.js: 14ms, application-code: 61ms)
 GET /api/agent/sync-queue/pending 404 in 58ms (next.js: 13ms, application-code: 45ms)
 POST /api/agent/heartbeat 404 in 96ms (next.js: 13ms, application-code: 83ms)
 GET /api/agent/sync-queue/pending 404 in 46ms (next.js: 8ms, application-code: 38ms)
 GET /api/agent/sync-queue/pending 404 in 61ms (next.js: 11ms, application-code: 50ms)
 POST /api/agent/heartbeat 404 in 117ms (next.js: 14ms, application-code: 103ms)
 GET /api/agent/sync-queue/pending 404 in 53ms (next.js: 7ms, application-code: 46ms)
 GET /api/agent/sync-queue/pending 404 in 62ms (next.js: 13ms, application-code: 49ms)
 POST /api/agent/heartbeat 404 in 133ms (next.js: 17ms, application-code: 117ms)
 GET /api/agent/sync-queue/pending 404 in 77ms (next.js: 8ms, application-code: 68ms)
 GET /api/agent/sync-queue/pending 404 in 81ms (next.js: 15ms, application-code: 65ms)
 POST /api/agent/heartbeat 404 in 65ms (next.js: 12ms, application-code: 53ms)
 GET /api/agent/sync-queue/pending 404 in 60ms (next.js: 11ms, application-code: 49ms)
 GET /api/agent/sync-queue/pending 404 in 53ms (next.js: 13ms, application-code: 41ms)
 POST /api/agent/heartbeat 404 in 60ms (next.js: 15ms, application-code: 45ms)
 GET /api/agent/sync-queue/pending 404 in 54ms (next.js: 12ms, application-code: 42ms)
 GET /api/agent/sync-queue/pending 404 in 56ms (next.js: 14ms, application-code: 42ms)
 POST /api/agent/heartbeat 404 in 58ms (next.js: 13ms, application-code: 45ms)
 GET /api/agent/sync-queue/pending 404 in 78ms (next.js: 15ms, application-code: 64ms)
 GET /api/agent/sync-queue/pending 404 in 59ms (next.js: 14ms, application-code: 45ms)
 POST /api/agent/heartbeat 404 in 63ms (next.js: 13ms, application-code: 50ms)
 GET /api/agent/sync-queue/pending 404 in 62ms (next.js: 14ms, application-code: 48ms)
 GET /api/agent/sync-queue/pending 404 in 55ms (next.js: 11ms, application-code: 44ms)
 POST /api/agent/heartbeat 404 in 70ms (next.js: 20ms, application-code: 50ms)
 GET /api/agent/sync-queue/pending 404 in 54ms (next.js: 13ms, application-code: 41ms)
 GET /api/agent/sync-queue/pending 404 in 50ms (next.js: 13ms, application-code: 37ms)
 POST /api/agent/heartbeat 404 in 81ms (next.js: 12ms, application-code: 69ms)
 GET /api/agent/sync-queue/pending 404 in 41ms (next.js: 9ms, application-code: 33ms)
 GET /api/agent/sync-queue/pending 404 in 47ms (next.js: 11ms, application-code: 37ms)
 POST /api/agent/heartbeat 404 in 59ms (next.js: 12ms, application-code: 47ms)
 GET /api/agent/sync-queue/pending 404 in 61ms (next.js: 12ms, application-code: 50ms)
 GET /api/agent/sync-queue/pending 404 in 62ms (next.js: 13ms, application-code: 50ms)
 POST /api/agent/heartbeat 404 in 77ms (next.js: 14ms, application-code: 63ms)
 GET /api/agent/sync-queue/pending 404 in 55ms (next.js: 14ms, application-code: 41ms)
 GET /api/agent/sync-queue/pending 404 in 57ms (next.js: 14ms, application-code: 43ms)
 POST /api/agent/heartbeat 404 in 60ms (next.js: 15ms, application-code: 46ms)
 GET /api/agent/sync-queue/pending 404 in 65ms (next.js: 13ms, application-code: 52ms)
 GET /api/agent/sync-queue/pending 404 in 62ms (next.js: 12ms, application-code: 50ms)
 POST /api/agent/heartbeat 404 in 55ms (next.js: 11ms, application-code: 44ms)
 GET /api/agent/sync-queue/pending 404 in 63ms (next.js: 11ms, application-code: 51ms)
 GET /api/agent/sync-queue/pending 404 in 68ms (next.js: 13ms, application-code: 55ms)
 POST /api/agent/heartbeat 404 in 60ms (next.js: 18ms, application-code: 43ms)
 GET /api/agent/sync-queue/pending 404 in 56ms (next.js: 14ms, application-code: 42ms)
 GET /api/agent/sync-queue/pending 404 in 58ms (next.js: 12ms, application-code: 46ms)
 POST /api/agent/heartbeat 404 in 72ms (next.js: 11ms, application-code: 60ms)
 GET /api/agent/sync-queue/pending 404 in 49ms (next.js: 9ms, application-code: 41ms)
 GET /api/agent/sync-queue/pending 404 in 81ms (next.js: 17ms, application-code: 64ms)
 POST /api/agent/heartbeat 404 in 56ms (next.js: 12ms, application-code: 43ms)
 GET /api/agent/sync-queue/pending 404 in 66ms (next.js: 13ms, application-code: 53ms)
 GET /api/agent/sync-queue/pending 404 in 60ms (next.js: 16ms, application-code: 44ms)
 POST /api/agent/heartbeat 404 in 71ms (next.js: 14ms, application-code: 57ms)
 GET /api/agent/sync-queue/pending 404 in 88ms (next.js: 10ms, application-code: 78ms)
 GET /api/agent/sync-queue/pending 404 in 64ms (next.js: 14ms, application-code: 50ms)
 POST /api/agent/heartbeat 404 in 60ms (next.js: 13ms, application-code: 47ms)
 GET /api/agent/sync-queue/pending 404 in 56ms (next.js: 15ms, application-code: 41ms)
 GET /api/agent/sync-queue/pending 404 in 51ms (next.js: 13ms, application-code: 38ms)
 POST /api/agent/heartbeat 404 in 66ms (next.js: 12ms, application-code: 54ms)
 GET /api/agent/sync-queue/pending 404 in 78ms (next.js: 12ms, application-code: 66ms)
 GET /api/agent/sync-queue/pending 404 in 58ms (next.js: 15ms, application-code: 43ms)
 POST /api/agent/heartbeat 404 in 80ms (next.js: 21ms, application-code: 59ms)
 GET /api/agent/sync-queue/pending 404 in 60ms (next.js: 17ms, application-code: 44ms)
 GET /api/agent/sync-queue/pending 404 in 62ms (next.js: 15ms, application-code: 47ms)
 POST /api/agent/heartbeat 404 in 63ms (next.js: 14ms, application-code: 49ms)
 GET /api/agent/sync-queue/pending 404 in 60ms (next.js: 13ms, application-code: 47ms)
 GET /api/agent/sync-queue/pending 404 in 71ms (next.js: 13ms, application-code: 58ms)
 POST /api/agent/heartbeat 404 in 45ms (next.js: 11ms, application-code: 34ms)
 GET /api/agent/sync-queue/pending 404 in 67ms (next.js: 11ms, application-code: 56ms)
 GET /api/agent/sync-queue/pending 404 in 58ms (next.js: 12ms, application-code: 45ms)
 POST /api/agent/heartbeat 404 in 60ms (next.js: 12ms, application-code: 48ms)
 GET /api/agent/sync-queue/pending 404 in 56ms (next.js: 12ms, application-code: 45ms)
 GET /api/agent/sync-queue/pending 404 in 66ms (next.js: 12ms, application-code: 53ms)
 POST /api/agent/heartbeat 404 in 61ms (next.js: 12ms, application-code: 49ms)
 GET /api/agent/sync-queue/pending 404 in 64ms (next.js: 12ms, application-code: 53ms)
 GET /api/agent/sync-queue/pending 404 in 51ms (next.js: 12ms, application-code: 39ms)
 POST /api/agent/heartbeat 404 in 64ms (next.js: 13ms, application-code: 51ms)
 GET /api/agent/sync-queue/pending 404 in 65ms (next.js: 15ms, application-code: 50ms)
 GET /api/agent/sync-queue/pending 404 in 67ms (next.js: 15ms, application-code: 52ms)
 POST /api/agent/heartbeat 404 in 65ms (next.js: 19ms, application-code: 46ms)
 GET /api/agent/sync-queue/pending 404 in 92ms (next.js: 14ms, application-code: 78ms)
 GET /api/agent/sync-queue/pending 404 in 59ms (next.js: 13ms, application-code: 46ms)
 POST /api/agent/heartbeat 404 in 62ms (next.js: 12ms, application-code: 51ms)
 GET /api/agent/sync-queue/pending 404 in 58ms (next.js: 13ms, application-code: 45ms)
 GET /api/agent/sync-queue/pending 404 in 67ms (next.js: 17ms, application-code: 50ms)
 POST /api/agent/heartbeat 404 in 50ms (next.js: 10ms, application-code: 40ms)
 GET /api/agent/sync-queue/pending 404 in 73ms (next.js: 13ms, application-code: 60ms)
 GET /api/agent/sync-queue/pending 404 in 48ms (next.js: 7ms, application-code: 41ms)
 POST /api/agent/heartbeat 404 in 62ms (next.js: 12ms, application-code: 50ms)
 GET /api/agent/sync-queue/pending 404 in 68ms (next.js: 13ms, application-code: 54ms)
 GET /api/agent/sync-queue/pending 404 in 53ms (next.js: 12ms, application-code: 41ms)
 POST /api/agent/heartbeat 404 in 73ms (next.js: 11ms, application-code: 62ms)
 GET /api/agent/sync-queue/pending 404 in 51ms (next.js: 14ms, application-code: 37ms)
 GET /api/agent/sync-queue/pending 404 in 48ms (next.js: 12ms, application-code: 36ms)
 POST /api/agent/heartbeat 404 in 74ms (next.js: 14ms, application-code: 60ms)
 GET /api/agent/sync-queue/pending 404 in 50ms (next.js: 12ms, application-code: 37ms)
 GET /api/agent/sync-queue/pending 404 in 56ms (next.js: 12ms, application-code: 44ms)
 POST /api/agent/heartbeat 404 in 56ms (next.js: 17ms, application-code: 39ms)
 GET /api/agent/sync-queue/pending 404 in 60ms (next.js: 15ms, application-code: 45ms)
 GET /api/agent/sync-queue/pending 404 in 72ms (next.js: 15ms, application-code: 57ms)
 POST /api/agent/heartbeat 404 in 44ms (next.js: 8ms, application-code: 36ms)
 GET /api/agent/sync-queue/pending 404 in 54ms (next.js: 13ms, application-code: 41ms)
 GET /api/agent/sync-queue/pending 404 in 52ms (next.js: 11ms, application-code: 41ms)
 POST /api/agent/heartbeat 404 in 61ms (next.js: 13ms, application-code: 48ms)
 GET /api/agent/sync-queue/pending 404 in 52ms (next.js: 12ms, application-code: 40ms)
 GET /api/agent/sync-queue/pending 404 in 52ms (next.js: 14ms, application-code: 39ms)
 POST /api/agent/heartbeat 404 in 65ms (next.js: 26ms, application-code: 39ms)
 GET /api/agent/sync-queue/pending 404 in 50ms (next.js: 12ms, application-code: 39ms)
 GET /api/agent/sync-queue/pending 404 in 64ms (next.js: 12ms, application-code: 52ms)
 POST /api/agent/heartbeat 404 in 62ms (next.js: 12ms, application-code: 50ms)
 GET /api/agent/sync-queue/pending 404 in 57ms (next.js: 13ms, application-code: 44ms)
 GET /api/agent/sync-queue/pending 404 in 55ms (next.js: 14ms, application-code: 41ms)
 POST /api/agent/heartbeat 404 in 91ms (next.js: 14ms, application-code: 77ms)
 GET /api/agent/sync-queue/pending 404 in 58ms (next.js: 10ms, application-code: 48ms)
 GET /api/agent/sync-queue/pending 404 in 47ms (next.js: 12ms, application-code: 35ms)
 POST /api/agent/heartbeat 404 in 59ms (next.js: 15ms, application-code: 44ms)
 GET /api/agent/sync-queue/pending 404 in 50ms (next.js: 10ms, application-code: 40ms)
 GET /api/agent/sync-queue/pending 404 in 54ms (next.js: 12ms, application-code: 42ms)
 POST /api/agent/heartbeat 404 in 68ms (next.js: 13ms, application-code: 55ms)
 GET /api/agent/sync-queue/pending 404 in 58ms (next.js: 15ms, application-code: 42ms)
 GET /api/agent/sync-queue/pending 404 in 53ms (next.js: 12ms, application-code: 41ms)
 POST /api/agent/heartbeat 404 in 76ms (next.js: 13ms, application-code: 63ms)
 GET /api/agent/sync-queue/pending 404 in 50ms (next.js: 11ms, application-code: 39ms)
 GET /api/agent/sync-queue/pending 404 in 61ms (next.js: 12ms, application-code: 49ms)
 POST /api/agent/heartbeat 404 in 44ms (next.js: 11ms, application-code: 33ms)
 GET /api/agent/sync-queue/pending 404 in 59ms (next.js: 12ms, application-code: 47ms)
 GET /api/agent/sync-queue/pending 404 in 69ms (next.js: 13ms, application-code: 56ms)
 POST /api/agent/heartbeat 404 in 68ms (next.js: 19ms, application-code: 49ms)
 GET /api/agent/sync-queue/pending 404 in 81ms (next.js: 11ms, application-code: 70ms)
 GET /api/agent/sync-queue/pending 404 in 53ms (next.js: 12ms, application-code: 41ms)
 POST /api/agent/heartbeat 404 in 57ms (next.js: 16ms, application-code: 40ms)
 GET /api/agent/sync-queue/pending 404 in 52ms (next.js: 13ms, application-code: 39ms)
 GET /api/agent/sync-queue/pending 404 in 62ms (next.js: 13ms, application-code: 49ms)
 POST /api/agent/heartbeat 404 in 61ms (next.js: 22ms, application-code: 39ms)
 GET /api/agent/sync-queue/pending 404 in 59ms (next.js: 13ms, application-code: 46ms)
 GET /api/agent/sync-queue/pending 404 in 70ms (next.js: 15ms, application-code: 55ms)
 POST /api/agent/heartbeat 404 in 64ms (next.js: 14ms, application-code: 50ms)
 GET /api/agent/sync-queue/pending 404 in 50ms (next.js: 12ms, application-code: 38ms)
 GET /api/agent/sync-queue/pending 404 in 65ms (next.js: 14ms, application-code: 51ms)
 POST /api/agent/heartbeat 404 in 50ms (next.js: 13ms, application-code: 38ms)
 GET /api/agent/sync-queue/pending 404 in 58ms (next.js: 13ms, application-code: 45ms)
 GET /api/agent/sync-queue/pending 404 in 72ms (next.js: 13ms, application-code: 59ms)
 POST /api/agent/heartbeat 404 in 70ms (next.js: 13ms, application-code: 57ms)
 GET /api/agent/sync-queue/pending 404 in 61ms (next.js: 15ms, application-code: 46ms)
 GET /api/agent/sync-queue/pending 404 in 64ms (next.js: 13ms, application-code: 51ms)
 POST /api/agent/heartbeat 404 in 46ms (next.js: 11ms, application-code: 36ms)
 GET /api/agent/sync-queue/pending 404 in 67ms (next.js: 14ms, application-code: 54ms)
 GET /api/agent/sync-queue/pending 404 in 66ms (next.js: 17ms, application-code: 49ms)
 POST /api/agent/heartbeat 404 in 62ms (next.js: 12ms, application-code: 50ms)
 GET /api/agent/sync-queue/pending 404 in 56ms (next.js: 10ms, application-code: 46ms)
 GET /api/agent/sync-queue/pending 404 in 55ms (next.js: 14ms, application-code: 41ms)
 POST /api/agent/heartbeat 404 in 65ms (next.js: 24ms, application-code: 41ms)
 GET /api/agent/sync-queue/pending 404 in 50ms (next.js: 9ms, application-code: 40ms)
 GET /api/agent/sync-queue/pending 404 in 65ms (next.js: 11ms, application-code: 54ms)
 POST /api/agent/heartbeat 404 in 65ms (next.js: 11ms, application-code: 54ms)
 GET /api/agent/sync-queue/pending 404 in 48ms (next.js: 12ms, application-code: 36ms)
 GET /api/agent/sync-queue/pending 404 in 63ms (next.js: 13ms, application-code: 49ms)
 POST /api/agent/heartbeat 404 in 57ms (next.js: 11ms, application-code: 46ms)
 GET /api/agent/sync-queue/pending 404 in 46ms (next.js: 7ms, application-code: 39ms)
 GET /api/agent/sync-queue/pending 404 in 70ms (next.js: 12ms, application-code: 58ms)
 POST /api/agent/heartbeat 404 in 61ms (next.js: 13ms, application-code: 47ms)
 GET /api/agent/sync-queue/pending 404 in 61ms (next.js: 12ms, application-code: 48ms)
 GET /api/agent/sync-queue/pending 404 in 61ms (next.js: 14ms, application-code: 48ms)
 POST /api/agent/heartbeat 404 in 53ms (next.js: 12ms, application-code: 41ms)
 GET /api/agent/sync-queue/pending 404 in 56ms (next.js: 13ms, application-code: 43ms)
 GET /api/agent/sync-queue/pending 404 in 73ms (next.js: 15ms, application-code: 58ms)
 POST /api/agent/heartbeat 404 in 76ms (next.js: 14ms, application-code: 62ms)
 GET /api/agent/sync-queue/pending 404 in 52ms (next.js: 11ms, application-code: 42ms)
 GET /api/agent/sync-queue/pending 404 in 63ms (next.js: 13ms, application-code: 50ms)
 POST /api/agent/heartbeat 404 in 74ms (next.js: 19ms, application-code: 55ms)
 GET /api/agent/sync-queue/pending 404 in 68ms (next.js: 15ms, application-code: 53ms)
 GET /api/agent/sync-queue/pending 404 in 60ms (next.js: 11ms, application-code: 49ms)
 POST /api/agent/heartbeat 404 in 66ms (next.js: 12ms, application-code: 54ms)
 GET /api/agent/sync-queue/pending 404 in 62ms (next.js: 12ms, application-code: 50ms)
 GET /api/agent/sync-queue/pending 404 in 72ms (next.js: 13ms, application-code: 59ms)
 POST /api/agent/heartbeat 404 in 63ms (next.js: 12ms, application-code: 51ms)
 GET /api/agent/sync-queue/pending 404 in 78ms (next.js: 7ms, application-code: 71ms)
 GET /api/agent/sync-queue/pending 404 in 67ms (next.js: 13ms, application-code: 54ms)
 POST /api/agent/heartbeat 404 in 50ms (next.js: 10ms, application-code: 40ms)
 GET /api/agent/sync-queue/pending 404 in 55ms (next.js: 13ms, application-code: 42ms)
 GET /api/agent/sync-queue/pending 404 in 74ms (next.js: 15ms, application-code: 60ms)
 POST /api/agent/heartbeat 404 in 95ms (next.js: 18ms, application-code: 76ms)
 GET /api/agent/sync-queue/pending 404 in 69ms (next.js: 12ms, application-code: 57ms)
 GET /api/agent/sync-queue/pending 404 in 56ms (next.js: 13ms, application-code: 43ms)
 POST /api/agent/heartbeat 404 in 55ms (next.js: 12ms, application-code: 43ms)
 GET /api/agent/sync-queue/pending 404 in 56ms (next.js: 13ms, application-code: 43ms)
 GET /api/agent/sync-queue/pending 404 in 62ms (next.js: 13ms, application-code: 49ms)
 POST /api/agent/heartbeat 404 in 95ms (next.js: 21ms, application-code: 74ms)
 GET /api/agent/sync-queue/pending 404 in 57ms (next.js: 12ms, application-code: 46ms)
 GET /api/agent/sync-queue/pending 404 in 57ms (next.js: 12ms, application-code: 44ms)
 POST /api/agent/heartbeat 404 in 57ms (next.js: 12ms, application-code: 45ms)
 GET /api/agent/sync-queue/pending 404 in 59ms (next.js: 11ms, application-code: 48ms)
 GET /api/agent/sync-queue/pending 404 in 60ms (next.js: 12ms, application-code: 48ms)
 POST /api/agent/heartbeat 404 in 54ms (next.js: 12ms, application-code: 42ms)
 GET /api/agent/sync-queue/pending 404 in 71ms (next.js: 12ms, application-code: 59ms)
 GET /api/agent/sync-queue/pending 404 in 68ms (next.js: 18ms, application-code: 51ms)
 POST /api/agent/heartbeat 404 in 61ms (next.js: 15ms, application-code: 46ms)
 GET /api/agent/sync-queue/pending 404 in 58ms (next.js: 12ms, application-code: 46ms)
 GET /api/agent/sync-queue/pending 404 in 63ms (next.js: 12ms, application-code: 50ms)
 POST /api/agent/heartbeat 404 in 51ms (next.js: 12ms, application-code: 39ms)
 GET /api/agent/sync-queue/pending 404 in 61ms (next.js: 12ms, application-code: 50ms)
 GET /api/agent/sync-queue/pending 404 in 84ms (next.js: 11ms, application-code: 73ms)
 POST /api/agent/heartbeat 404 in 52ms (next.js: 13ms, application-code: 39ms)
 GET /api/agent/sync-queue/pending 404 in 54ms (next.js: 12ms, application-code: 43ms)
 GET /api/agent/sync-queue/pending 404 in 55ms (next.js: 11ms, application-code: 44ms)
 POST /api/agent/heartbeat 404 in 70ms (next.js: 20ms, application-code: 50ms)
 GET /api/agent/sync-queue/pending 404 in 60ms (next.js: 12ms, application-code: 47ms)
 GET /api/agent/sync-queue/pending 404 in 64ms (next.js: 13ms, application-code: 51ms)
 POST /api/agent/heartbeat 404 in 48ms (next.js: 11ms, application-code: 37ms)
 GET /api/agent/sync-queue/pending 404 in 58ms (next.js: 12ms, application-code: 47ms)
 GET /api/agent/sync-queue/pending 404 in 60ms (next.js: 11ms, application-code: 49ms)
 POST /api/agent/heartbeat 404 in 62ms (next.js: 14ms, application-code: 48ms)
 GET /api/agent/sync-queue/pending 404 in 56ms (next.js: 10ms, application-code: 46ms)
 GET /api/agent/sync-queue/pending 404 in 58ms (next.js: 14ms, application-code: 44ms)
 POST /api/agent/heartbeat 404 in 65ms (next.js: 13ms, application-code: 52ms)
 GET /api/agent/sync-queue/pending 404 in 61ms (next.js: 12ms, application-code: 49ms)
 GET /api/agent/sync-queue/pending 404 in 90ms (next.js: 31ms, application-code: 58ms)
 POST /api/agent/heartbeat 404 in 57ms (next.js: 12ms, application-code: 45ms)
 GET /api/agent/sync-queue/pending 404 in 58ms (next.js: 12ms, application-code: 46ms)
 GET /api/agent/sync-queue/pending 404 in 60ms (next.js: 13ms, application-code: 46ms)
 POST /api/agent/heartbeat 404 in 65ms (next.js: 13ms, application-code: 53ms)
 GET /api/agent/sync-queue/pending 404 in 45ms (next.js: 12ms, application-code: 33ms)
 GET /api/agent/sync-queue/pending 404 in 79ms (next.js: 12ms, application-code: 68ms)
 POST /api/agent/heartbeat 404 in 65ms (next.js: 19ms, application-code: 47ms)
 GET /api/agent/sync-queue/pending 404 in 60ms (next.js: 12ms, application-code: 48ms)
 GET /api/agent/sync-queue/pending 404 in 51ms (next.js: 11ms, application-code: 40ms)
 POST /api/agent/heartbeat 404 in 66ms (next.js: 13ms, application-code: 53ms)
 GET /api/agent/sync-queue/pending 404 in 54ms (next.js: 12ms, application-code: 42ms)
 GET /api/agent/sync-queue/pending 404 in 80ms (next.js: 13ms, application-code: 67ms)
 POST /api/agent/heartbeat 404 in 60ms (next.js: 14ms, application-code: 46ms)
 GET /api/agent/sync-queue/pending 404 in 61ms (next.js: 14ms, application-code: 47ms)
 GET /api/agent/sync-queue/pending 404 in 54ms (next.js: 11ms, application-code: 43ms)
 POST /api/agent/heartbeat 404 in 56ms (next.js: 14ms, application-code: 42ms)
 GET /api/agent/sync-queue/pending 404 in 62ms (next.js: 15ms, application-code: 47ms)
 GET /api/agent/sync-queue/pending 404 in 59ms (next.js: 12ms, application-code: 47ms)
 POST /api/agent/heartbeat 404 in 70ms (next.js: 13ms, application-code: 57ms)
 GET /api/agent/sync-queue/pending 404 in 83ms (next.js: 16ms, application-code: 67ms)
 GET /api/agent/sync-queue/pending 404 in 61ms (next.js: 15ms, application-code: 46ms)
 POST /api/agent/heartbeat 404 in 58ms (next.js: 12ms, application-code: 46ms)
 GET /api/agent/sync-queue/pending 404 in 61ms (next.js: 13ms, application-code: 48ms)
 GET /api/agent/sync-queue/pending 404 in 56ms (next.js: 11ms, application-code: 44ms)
 POST /api/agent/heartbeat 404 in 61ms (next.js: 18ms, application-code: 42ms)
 GET /api/agent/sync-queue/pending 404 in 77ms (next.js: 11ms, application-code: 66ms)
 GET /api/agent/sync-queue/pending 404 in 74ms (next.js: 13ms, application-code: 61ms)
 POST /api/agent/heartbeat 404 in 59ms (next.js: 13ms, application-code: 47ms)
 GET /api/agent/sync-queue/pending 404 in 50ms (next.js: 13ms, application-code: 37ms)
 GET /api/agent/sync-queue/pending 404 in 76ms (next.js: 12ms, application-code: 64ms)
 POST /api/agent/heartbeat 404 in 48ms (next.js: 11ms, application-code: 37ms)
 GET /api/agent/sync-queue/pending 404 in 54ms (next.js: 13ms, application-code: 41ms)
 GET /api/agent/sync-queue/pending 404 in 79ms (next.js: 15ms, application-code: 65ms)
 POST /api/agent/heartbeat 404 in 52ms (next.js: 12ms, application-code: 40ms)
 GET /api/agent/sync-queue/pending 404 in 55ms (next.js: 13ms, application-code: 42ms)
 GET /api/agent/sync-queue/pending 404 in 85ms (next.js: 13ms, application-code: 72ms)
 POST /api/agent/heartbeat 404 in 54ms (next.js: 12ms, application-code: 42ms)
 GET /api/agent/sync-queue/pending 404 in 61ms (next.js: 14ms, application-code: 47ms)
 GET /api/agent/sync-queue/pending 404 in 65ms (next.js: 13ms, application-code: 52ms)
 POST /api/agent/heartbeat 404 in 66ms (next.js: 12ms, application-code: 54ms)
 GET /api/agent/sync-queue/pending 404 in 59ms (next.js: 12ms, application-code: 47ms)
 GET /api/agent/sync-queue/pending 404 in 67ms (next.js: 12ms, application-code: 56ms)
 POST /api/agent/heartbeat 404 in 79ms (next.js: 26ms, application-code: 53ms)
 GET /api/agent/sync-queue/pending 404 in 53ms (next.js: 13ms, application-code: 41ms)
 GET /api/agent/sync-queue/pending 404 in 51ms (next.js: 12ms, application-code: 39ms)
 POST /api/agent/heartbeat 404 in 69ms (next.js: 12ms, application-code: 57ms)
 GET /api/agent/sync-queue/pending 404 in 51ms (next.js: 13ms, application-code: 38ms)
 GET /api/agent/sync-queue/pending 404 in 83ms (next.js: 18ms, application-code: 65ms)
 POST /api/agent/heartbeat 404 in 52ms (next.js: 12ms, application-code: 40ms)
 GET /api/agent/sync-queue/pending 404 in 50ms (next.js: 13ms, application-code: 37ms)
 GET /api/agent/sync-queue/pending 404 in 67ms (next.js: 17ms, application-code: 50ms)
 POST /api/agent/heartbeat 404 in 52ms (next.js: 11ms, application-code: 41ms)
 GET /api/agent/sync-queue/pending 404 in 70ms (next.js: 12ms, application-code: 58ms)
 GET /api/agent/sync-queue/pending 404 in 68ms (next.js: 19ms, application-code: 50ms)
 POST /api/agent/heartbeat 404 in 48ms (next.js: 13ms, application-code: 35ms)
 GET /api/agent/sync-queue/pending 404 in 95ms (next.js: 15ms, application-code: 79ms)
 GET /api/agent/sync-queue/pending 404 in 65ms (next.js: 14ms, application-code: 52ms)
 POST /api/agent/heartbeat 404 in 88ms (next.js: 17ms, application-code: 72ms)
 GET /api/agent/sync-queue/pending 404 in 54ms (next.js: 13ms, application-code: 41ms)
 GET /api/agent/sync-queue/pending 404 in 47ms (next.js: 9ms, application-code: 38ms)
 POST /api/agent/heartbeat 404 in 84ms (next.js: 19ms, application-code: 65ms)
 GET /api/agent/sync-queue/pending 404 in 47ms (next.js: 8ms, application-code: 40ms)
 GET /api/agent/sync-queue/pending 404 in 56ms (next.js: 9ms, application-code: 47ms)
 POST /api/agent/heartbeat 404 in 57ms (next.js: 12ms, application-code: 46ms)
 GET /api/agent/sync-queue/pending 404 in 55ms (next.js: 11ms, application-code: 44ms)
 GET /api/agent/sync-queue/pending 404 in 72ms (next.js: 12ms, application-code: 60ms)
 POST /api/agent/heartbeat 404 in 55ms (next.js: 14ms, application-code: 41ms)
 GET /api/agent/sync-queue/pending 404 in 61ms (next.js: 12ms, application-code: 49ms)
 GET /api/agent/sync-queue/pending 404 in 70ms (next.js: 19ms, application-code: 51ms)
 POST /api/agent/heartbeat 404 in 40ms (next.js: 7ms, application-code: 33ms)
 GET /api/agent/sync-queue/pending 404 in 59ms (next.js: 13ms, application-code: 46ms)
 GET /api/agent/sync-queue/pending 404 in 54ms (next.js: 10ms, application-code: 44ms)
 POST /api/agent/heartbeat 404 in 61ms (next.js: 15ms, application-code: 47ms)
 GET /api/agent/sync-queue/pending 404 in 54ms (next.js: 12ms, application-code: 42ms)
 GET /api/agent/sync-queue/pending 404 in 67ms (next.js: 15ms, application-code: 52ms)
 POST /api/agent/heartbeat 404 in 48ms (next.js: 12ms, application-code: 36ms)
 GET /api/agent/sync-queue/pending 404 in 78ms (next.js: 11ms, application-code: 67ms)
 GET /api/agent/sync-queue/pending 404 in 57ms (next.js: 11ms, application-code: 46ms)
 POST /api/agent/heartbeat 404 in 45ms (next.js: 12ms, application-code: 33ms)
 GET /api/agent/sync-queue/pending 404 in 55ms (next.js: 13ms, application-code: 42ms)
 GET /api/agent/sync-queue/pending 404 in 50ms (next.js: 11ms, application-code: 38ms)
 POST /api/agent/heartbeat 404 in 48ms (next.js: 12ms, application-code: 36ms)
 GET /api/agent/sync-queue/pending 404 in 77ms (next.js: 14ms, application-code: 63ms)
 GET /api/agent/sync-queue/pending 404 in 61ms (next.js: 12ms, application-code: 49ms)
 POST /api/agent/heartbeat 404 in 54ms (next.js: 12ms, application-code: 42ms)
 GET /api/agent/sync-queue/pending 404 in 65ms (next.js: 12ms, application-code: 54ms)
 GET /api/agent/sync-queue/pending 404 in 52ms (next.js: 9ms, application-code: 44ms)
 POST /api/agent/heartbeat 404 in 66ms (next.js: 20ms, application-code: 45ms)
 GET /api/agent/sync-queue/pending 404 in 63ms (next.js: 12ms, application-code: 50ms)
 GET /api/agent/sync-queue/pending 404 in 62ms (next.js: 13ms, application-code: 49ms)
 POST /api/agent/heartbeat 404 in 48ms (next.js: 11ms, application-code: 37ms)
 GET /api/agent/sync-queue/pending 404 in 63ms (next.js: 18ms, application-code: 45ms)
 GET /api/agent/sync-queue/pending 404 in 43ms (next.js: 12ms, application-code: 31ms)
 POST /api/agent/heartbeat 404 in 48ms (next.js: 12ms, application-code: 36ms)
 GET /api/agent/sync-queue/pending 404 in 75ms (next.js: 18ms, application-code: 57ms)
 GET /api/agent/sync-queue/pending 404 in 49ms (next.js: 13ms, application-code: 36ms)
 POST /api/agent/heartbeat 404 in 53ms (next.js: 16ms, application-code: 37ms)
 GET /api/agent/sync-queue/pending 404 in 47ms (next.js: 15ms, application-code: 32ms)
 GET /api/agent/sync-queue/pending 404 in 43ms (next.js: 7ms, application-code: 36ms)
 POST /api/agent/heartbeat 404 in 52ms (next.js: 16ms, application-code: 36ms)
 GET /api/agent/sync-queue/pending 404 in 54ms (next.js: 12ms, application-code: 42ms)
 GET /api/agent/sync-queue/pending 404 in 58ms (next.js: 10ms, application-code: 48ms)
 POST /api/agent/heartbeat 404 in 48ms (next.js: 9ms, application-code: 39ms)
 GET /api/agent/sync-queue/pending 404 in 47ms (next.js: 11ms, application-code: 36ms)
 GET /api/agent/sync-queue/pending 404 in 40ms (next.js: 9ms, application-code: 31ms)
 POST /api/agent/heartbeat 404 in 71ms (next.js: 14ms, application-code: 57ms)
 GET /api/agent/sync-queue/pending 404 in 58ms (next.js: 13ms, application-code: 44ms)
 GET /api/agent/sync-queue/pending 404 in 40ms (next.js: 8ms, application-code: 32ms)
 POST /api/agent/heartbeat 404 in 58ms (next.js: 12ms, application-code: 46ms)
 GET /api/agent/sync-queue/pending 404 in 66ms (next.js: 13ms, application-code: 52ms)
 GET /api/agent/sync-queue/pending 404 in 46ms (next.js: 12ms, application-code: 34ms)
 POST /api/agent/heartbeat 404 in 59ms (next.js: 13ms, application-code: 46ms)
 GET /api/agent/sync-queue/pending 404 in 58ms (next.js: 15ms, application-code: 43ms)
 GET /api/agent/sync-queue/pending 404 in 38ms (next.js: 6ms, application-code: 32ms)
 POST /api/agent/heartbeat 404 in 72ms (next.js: 30ms, application-code: 42ms)
 GET /api/agent/sync-queue/pending 404 in 51ms (next.js: 8ms, application-code: 43ms)
 GET /api/agent/sync-queue/pending 404 in 54ms (next.js: 9ms, application-code: 45ms)
 POST /api/agent/heartbeat 404 in 38ms (next.js: 8ms, application-code: 31ms)
 GET /api/agent/sync-queue/pending 404 in 54ms (next.js: 10ms, application-code: 44ms)
 GET /api/agent/sync-queue/pending 404 in 53ms (next.js: 12ms, application-code: 41ms)
 POST /api/agent/heartbeat 404 in 64ms (next.js: 10ms, application-code: 54ms)
 GET /api/agent/sync-queue/pending 404 in 58ms (next.js: 13ms, application-code: 46ms)
 GET /api/agent/sync-queue/pending 404 in 56ms (next.js: 12ms, application-code: 44ms)
 POST /api/agent/heartbeat 404 in 73ms (next.js: 17ms, application-code: 56ms)
 GET /api/agent/sync-queue/pending 404 in 56ms (next.js: 13ms, application-code: 43ms)
 GET /api/agent/sync-queue/pending 404 in 52ms (next.js: 13ms, application-code: 39ms)
 POST /api/agent/heartbeat 404 in 61ms (next.js: 10ms, application-code: 51ms)
 GET /api/agent/sync-queue/pending 404 in 67ms (next.js: 13ms, application-code: 54ms)
 GET /api/agent/sync-queue/pending 404 in 66ms (next.js: 13ms, application-code: 52ms)
 POST /api/agent/heartbeat 404 in 51ms (next.js: 11ms, application-code: 40ms)
 GET /api/agent/sync-queue/pending 404 in 72ms (next.js: 18ms, application-code: 54ms)
 GET /api/agent/sync-queue/pending 404 in 45ms (next.js: 8ms, application-code: 37ms)
 POST /api/agent/heartbeat 404 in 48ms (next.js: 13ms, application-code: 35ms)
 GET /api/agent/sync-queue/pending 404 in 58ms (next.js: 18ms, application-code: 40ms)
 GET /api/agent/sync-queue/pending 404 in 50ms (next.js: 11ms, application-code: 39ms)
 POST /api/agent/heartbeat 404 in 78ms (next.js: 10ms, application-code: 69ms)
 GET /api/agent/sync-queue/pending 404 in 73ms (next.js: 10ms, application-code: 63ms)
 GET /api/agent/sync-queue/pending 404 in 63ms (next.js: 12ms, application-code: 51ms)
 POST /api/agent/heartbeat 404 in 63ms (next.js: 16ms, application-code: 46ms)
 GET /api/agent/sync-queue/pending 404 in 80ms (next.js: 12ms, application-code: 68ms)
 GET /api/agent/sync-queue/pending 404 in 53ms (next.js: 15ms, application-code: 38ms)
 POST /api/agent/heartbeat 404 in 37ms (next.js: 7ms, application-code: 31ms)
 GET /api/agent/sync-queue/pending 404 in 64ms (next.js: 12ms, application-code: 52ms)
 GET /api/agent/sync-queue/pending 404 in 58ms (next.js: 11ms, application-code: 47ms)
 POST /api/agent/heartbeat 404 in 50ms (next.js: 12ms, application-code: 39ms)
 GET /api/agent/sync-queue/pending 404 in 59ms (next.js: 16ms, application-code: 43ms)
 GET /api/agent/sync-queue/pending 404 in 66ms (next.js: 12ms, application-code: 54ms)
 POST /api/agent/heartbeat 404 in 54ms (next.js: 16ms, application-code: 38ms)
 GET /api/agent/sync-queue/pending 404 in 74ms (next.js: 23ms, application-code: 51ms)
 GET /api/agent/sync-queue/pending 404 in 64ms (next.js: 12ms, application-code: 52ms)
 POST /api/agent/heartbeat 404 in 53ms (next.js: 20ms, application-code: 33ms)
 GET /api/agent/sync-queue/pending 404 in 50ms (next.js: 7ms, application-code: 43ms)
 GET /api/agent/sync-queue/pending 404 in 67ms (next.js: 13ms, application-code: 54ms)
 POST /api/agent/heartbeat 404 in 46ms (next.js: 7ms, application-code: 39ms)
 GET /api/agent/sync-queue/pending 404 in 68ms (next.js: 13ms, application-code: 55ms)
 GET /api/agent/sync-queue/pending 404 in 54ms (next.js: 12ms, application-code: 43ms)
 POST /api/agent/heartbeat 404 in 58ms (next.js: 16ms, application-code: 42ms)
 GET /api/agent/sync-queue/pending 404 in 53ms (next.js: 13ms, application-code: 40ms)
 GET /api/agent/sync-queue/pending 404 in 58ms (next.js: 11ms, application-code: 46ms)
 POST /api/agent/heartbeat 404 in 40ms (next.js: 9ms, application-code: 31ms)
 GET /api/agent/sync-queue/pending 404 in 53ms (next.js: 11ms, application-code: 42ms)
 GET /api/agent/sync-queue/pending 404 in 56ms (next.js: 12ms, application-code: 44ms)
 POST /api/agent/heartbeat 404 in 57ms (next.js: 16ms, application-code: 41ms)
 GET /api/agent/sync-queue/pending 404 in 53ms (next.js: 13ms, application-code: 40ms)
 GET /api/agent/sync-queue/pending 404 in 51ms (next.js: 12ms, application-code: 40ms)
 POST /api/agent/heartbeat 404 in 52ms (next.js: 10ms, application-code: 42ms)
 GET /api/agent/sync-queue/pending 404 in 56ms (next.js: 11ms, application-code: 45ms)
 GET /api/agent/sync-queue/pending 404 in 52ms (next.js: 12ms, application-code: 40ms)
 POST /api/agent/heartbeat 404 in 55ms (next.js: 16ms, application-code: 39ms)
 GET /api/agent/sync-queue/pending 404 in 49ms (next.js: 12ms, application-code: 37ms)
 GET /api/agent/sync-queue/pending 404 in 60ms (next.js: 12ms, application-code: 48ms)
 POST /api/agent/heartbeat 404 in 54ms (next.js: 13ms, application-code: 41ms)
 GET /api/agent/sync-queue/pending 404 in 60ms (next.js: 15ms, application-code: 45ms)
 GET /api/agent/sync-queue/pending 404 in 50ms (next.js: 11ms, application-code: 39ms)
 POST /api/agent/heartbeat 404 in 44ms (next.js: 9ms, application-code: 35ms)
 GET /api/agent/sync-queue/pending 404 in 65ms (next.js: 17ms, application-code: 48ms)
 GET /api/agent/sync-queue/pending 404 in 39ms (next.js: 7ms, application-code: 32ms)
 POST /api/agent/heartbeat 404 in 42ms (next.js: 10ms, application-code: 32ms)
 GET /api/agent/sync-queue/pending 404 in 56ms (next.js: 12ms, application-code: 44ms)
 GET /api/agent/sync-queue/pending 404 in 71ms (next.js: 13ms, application-code: 59ms)
 POST /api/agent/heartbeat 404 in 48ms (next.js: 10ms, application-code: 38ms)
 GET /api/agent/sync-queue/pending 404 in 84ms (next.js: 12ms, application-code: 72ms)
 GET /api/agent/sync-queue/pending 404 in 94ms (next.js: 13ms, application-code: 82ms)
 POST /api/agent/heartbeat 404 in 38ms (next.js: 7ms, application-code: 31ms)
 GET /api/agent/sync-queue/pending 404 in 55ms (next.js: 11ms, application-code: 43ms)
 GET /api/agent/sync-queue/pending 404 in 55ms (next.js: 12ms, application-code: 42ms)
 POST /api/agent/heartbeat 404 in 46ms (next.js: 13ms, application-code: 33ms)
 GET /api/agent/sync-queue/pending 404 in 69ms (next.js: 12ms, application-code: 57ms)
 GET /api/agent/sync-queue/pending 404 in 62ms (next.js: 13ms, application-code: 49ms)
 POST /api/agent/heartbeat 404 in 38ms (next.js: 7ms, application-code: 31ms)
 GET /api/agent/sync-queue/pending 404 in 85ms (next.js: 18ms, application-code: 67ms)
 GET /api/agent/sync-queue/pending 404 in 52ms (next.js: 15ms, application-code: 36ms)
 POST /api/agent/heartbeat 404 in 48ms (next.js: 12ms, application-code: 36ms)
 GET /api/agent/sync-queue/pending 404 in 63ms (next.js: 14ms, application-code: 49ms)
 GET /api/agent/sync-queue/pending 404 in 59ms (next.js: 14ms, application-code: 45ms)
 POST /api/agent/heartbeat 404 in 51ms (next.js: 13ms, application-code: 38ms)
 GET /api/agent/sync-queue/pending 404 in 58ms (next.js: 12ms, application-code: 45ms)
 GET /api/agent/sync-queue/pending 404 in 67ms (next.js: 16ms, application-code: 51ms)
 POST /api/agent/heartbeat 404 in 50ms (next.js: 11ms, application-code: 39ms)
 GET /api/agent/sync-queue/pending 404 in 51ms (next.js: 14ms, application-code: 37ms)
 GET /api/agent/sync-queue/pending 404 in 69ms (next.js: 18ms, application-code: 51ms)
 POST /api/agent/heartbeat 404 in 68ms (next.js: 19ms, application-code: 49ms)
 GET /api/agent/sync-queue/pending 404 in 58ms (next.js: 13ms, application-code: 45ms)
 GET /api/agent/sync-queue/pending 404 in 49ms (next.js: 12ms, application-code: 37ms)
 POST /api/agent/heartbeat 404 in 49ms (next.js: 13ms, application-code: 36ms)
 GET /api/agent/sync-queue/pending 404 in 58ms (next.js: 11ms, application-code: 47ms)
 GET /api/agent/sync-queue/pending 404 in 65ms (next.js: 12ms, application-code: 53ms)
 POST /api/agent/heartbeat 404 in 49ms (next.js: 7ms, application-code: 42ms)
 GET /api/agent/sync-queue/pending 404 in 59ms (next.js: 11ms, application-code: 48ms)
 GET /api/agent/sync-queue/pending 404 in 58ms (next.js: 12ms, application-code: 46ms)
 POST /api/agent/heartbeat 404 in 42ms (next.js: 9ms, application-code: 33ms)
 GET /api/agent/sync-queue/pending 404 in 57ms (next.js: 12ms, application-code: 46ms)
 GET /api/agent/sync-queue/pending 404 in 51ms (next.js: 11ms, application-code: 40ms)
 POST /api/agent/heartbeat 404 in 46ms (next.js: 14ms, application-code: 32ms)
 GET /api/agent/sync-queue/pending 404 in 59ms (next.js: 12ms, application-code: 46ms)
 GET /api/agent/sync-queue/pending 404 in 65ms (next.js: 11ms, application-code: 54ms)
 POST /api/agent/heartbeat 404 in 51ms (next.js: 11ms, application-code: 40ms)
 GET /api/agent/sync-queue/pending 404 in 56ms (next.js: 15ms, application-code: 41ms)
 GET /api/agent/sync-queue/pending 404 in 56ms (next.js: 12ms, application-code: 45ms)
 POST /api/agent/heartbeat 404 in 44ms (next.js: 14ms, application-code: 30ms)
 GET /api/agent/sync-queue/pending 404 in 64ms (next.js: 15ms, application-code: 49ms)
 GET /api/agent/sync-queue/pending 404 in 49ms (next.js: 12ms, application-code: 37ms)
 POST /api/agent/heartbeat 404 in 86ms (next.js: 37ms, application-code: 49ms)
 GET /api/agent/sync-queue/pending 404 in 61ms (next.js: 12ms, application-code: 49ms)
 GET /api/agent/sync-queue/pending 404 in 57ms (next.js: 12ms, application-code: 45ms)
 POST /api/agent/heartbeat 404 in 57ms (next.js: 20ms, application-code: 37ms)
 GET /api/agent/sync-queue/pending 404 in 62ms (next.js: 12ms, application-code: 50ms)
 GET /api/agent/sync-queue/pending 404 in 54ms (next.js: 12ms, application-code: 42ms)
 POST /api/agent/heartbeat 404 in 47ms (next.js: 10ms, application-code: 36ms)
 GET /api/agent/sync-queue/pending 404 in 55ms (next.js: 14ms, application-code: 41ms)
 GET /api/agent/sync-queue/pending 404 in 62ms (next.js: 11ms, application-code: 51ms)
 POST /api/agent/heartbeat 404 in 48ms (next.js: 9ms, application-code: 39ms)
 GET /api/agent/sync-queue/pending 404 in 57ms (next.js: 12ms, application-code: 45ms)
 GET /api/agent/sync-queue/pending 404 in 68ms (next.js: 12ms, application-code: 55ms)
 POST /api/agent/heartbeat 404 in 49ms (next.js: 10ms, application-code: 39ms)
 GET /api/agent/sync-queue/pending 404 in 52ms (next.js: 13ms, application-code: 39ms)
 GET /api/agent/sync-queue/pending 404 in 60ms (next.js: 14ms, application-code: 46ms)
 POST /api/agent/heartbeat 404 in 45ms (next.js: 7ms, application-code: 37ms)
 GET /api/agent/sync-queue/pending 404 in 56ms (next.js: 13ms, application-code: 43ms)
 GET /api/agent/sync-queue/pending 404 in 49ms (next.js: 9ms, application-code: 40ms)
 POST /api/agent/heartbeat 404 in 76ms (next.js: 15ms, application-code: 61ms)
 GET /api/agent/sync-queue/pending 404 in 68ms (next.js: 13ms, application-code: 55ms)
 GET /api/agent/sync-queue/pending 404 in 56ms (next.js: 13ms, application-code: 42ms)
 POST /api/agent/heartbeat 404 in 44ms (next.js: 10ms, application-code: 34ms)
 GET /api/agent/sync-queue/pending 404 in 65ms (next.js: 9ms, application-code: 56ms)
 GET /api/agent/sync-queue/pending 404 in 55ms (next.js: 13ms, application-code: 41ms)
 POST /api/agent/heartbeat 404 in 87ms (next.js: 22ms, application-code: 65ms)
 GET /api/agent/sync-queue/pending 404 in 66ms (next.js: 11ms, application-code: 55ms)
 GET /api/agent/sync-queue/pending 404 in 65ms (next.js: 15ms, application-code: 50ms)
 POST /api/agent/heartbeat 404 in 39ms (next.js: 8ms, application-code: 32ms)
 GET /api/agent/sync-queue/pending 404 in 63ms (next.js: 12ms, application-code: 51ms)
 GET /api/agent/sync-queue/pending 404 in 56ms (next.js: 11ms, application-code: 45ms)
 POST /api/agent/heartbeat 404 in 81ms (next.js: 18ms, application-code: 63ms)
 GET /api/agent/sync-queue/pending 404 in 62ms (next.js: 12ms, application-code: 50ms)
 GET /api/agent/sync-queue/pending 404 in 65ms (next.js: 12ms, application-code: 52ms)
 POST /api/agent/heartbeat 404 in 65ms (next.js: 21ms, application-code: 44ms)
 GET /api/agent/sync-queue/pending 404 in 58ms (next.js: 15ms, application-code: 43ms)
 GET /api/agent/sync-queue/pending 404 in 57ms (next.js: 10ms, application-code: 47ms)
 POST /api/agent/heartbeat 404 in 60ms (next.js: 21ms, application-code: 39ms)
 GET /api/agent/sync-queue/pending 404 in 78ms (next.js: 13ms, application-code: 66ms)
 GET /api/agent/sync-queue/pending 404 in 61ms (next.js: 12ms, application-code: 49ms)
 POST /api/agent/heartbeat 404 in 73ms (next.js: 10ms, application-code: 62ms)
 GET /api/agent/sync-queue/pending 404 in 83ms (next.js: 17ms, application-code: 66ms)
 GET /api/agent/sync-queue/pending 404 in 90ms (next.js: 12ms, application-code: 78ms)
 POST /api/agent/heartbeat 404 in 44ms (next.js: 13ms, application-code: 32ms)
 GET /api/agent/sync-queue/pending 404 in 66ms (next.js: 12ms, application-code: 54ms)
 GET /api/agent/sync-queue/pending 404 in 56ms (next.js: 12ms, application-code: 44ms)
 POST /api/agent/heartbeat 404 in 44ms (next.js: 9ms, application-code: 35ms)
 GET /api/agent/sync-queue/pending 404 in 56ms (next.js: 12ms, application-code: 44ms)
 GET /api/agent/sync-queue/pending 404 in 69ms (next.js: 22ms, application-code: 48ms)
 POST /api/agent/heartbeat 404 in 45ms (next.js: 10ms, application-code: 35ms)
 GET /api/agent/sync-queue/pending 404 in 78ms (next.js: 14ms, application-code: 64ms)
 GET /api/agent/sync-queue/pending 404 in 51ms (next.js: 12ms, application-code: 39ms)
 POST /api/agent/heartbeat 404 in 55ms (next.js: 9ms, application-code: 46ms)
 GET /api/agent/sync-queue/pending 404 in 67ms (next.js: 12ms, application-code: 55ms)
 GET /api/agent/sync-queue/pending 404 in 57ms (next.js: 11ms, application-code: 45ms)
 POST /api/agent/heartbeat 404 in 100ms (next.js: 23ms, application-code: 77ms)
 GET /api/agent/sync-queue/pending 404 in 49ms (next.js: 11ms, application-code: 38ms)
 GET /api/agent/sync-queue/pending 404 in 52ms (next.js: 13ms, application-code: 40ms)
 POST /api/agent/heartbeat 404 in 59ms (next.js: 14ms, application-code: 45ms)
 GET /api/agent/sync-queue/pending 404 in 41ms (next.js: 9ms, application-code: 32ms)
 GET /api/agent/sync-queue/pending 404 in 46ms (next.js: 10ms, application-code: 36ms)
 POST /api/agent/heartbeat 404 in 50ms (next.js: 13ms, application-code: 37ms)
 GET /api/agent/sync-queue/pending 404 in 56ms (next.js: 17ms, application-code: 38ms)
 GET /api/agent/sync-queue/pending 404 in 42ms (next.js: 8ms, application-code: 33ms)
 POST /api/agent/heartbeat 404 in 54ms (next.js: 9ms, application-code: 45ms)
 GET /api/agent/sync-queue/pending 404 in 62ms (next.js: 12ms, application-code: 50ms)
 GET /api/agent/sync-queue/pending 404 in 57ms (next.js: 13ms, application-code: 44ms)
 POST /api/agent/heartbeat 404 in 75ms (next.js: 10ms, application-code: 65ms)
 GET /api/agent/sync-queue/pending 404 in 70ms (next.js: 14ms, application-code: 56ms)
 GET /api/agent/sync-queue/pending 404 in 62ms (next.js: 13ms, application-code: 48ms)
 POST /api/agent/heartbeat 404 in 84ms (next.js: 17ms, application-code: 67ms)
 GET /api/agent/sync-queue/pending 404 in 64ms (next.js: 22ms, application-code: 41ms)
 GET /api/agent/sync-queue/pending 404 in 58ms (next.js: 12ms, application-code: 46ms)
 POST /api/agent/heartbeat 404 in 67ms (next.js: 16ms, application-code: 51ms)
 GET /api/agent/sync-queue/pending 404 in 48ms (next.js: 13ms, application-code: 35ms)
 GET /api/agent/sync-queue/pending 404 in 78ms (next.js: 11ms, application-code: 67ms)
 POST /api/agent/heartbeat 404 in 64ms (next.js: 17ms, application-code: 46ms)
 GET /api/agent/sync-queue/pending 404 in 48ms (next.js: 9ms, application-code: 39ms)
 GET /api/agent/sync-queue/pending 404 in 58ms (next.js: 12ms, application-code: 46ms)
 POST /api/agent/heartbeat 404 in 62ms (next.js: 12ms, application-code: 50ms)
 GET /api/agent/sync-queue/pending 404 in 59ms (next.js: 13ms, application-code: 47ms)
 GET /api/agent/sync-queue/pending 404 in 68ms (next.js: 12ms, application-code: 56ms)
 POST /api/agent/heartbeat 404 in 59ms (next.js: 16ms, application-code: 43ms)
 GET /api/agent/sync-queue/pending 404 in 67ms (next.js: 13ms, application-code: 54ms)
 GET /api/agent/sync-queue/pending 404 in 66ms (next.js: 13ms, application-code: 53ms)
 POST /api/agent/heartbeat 404 in 65ms (next.js: 10ms, application-code: 55ms)
 GET /api/agent/sync-queue/pending 404 in 70ms (next.js: 16ms, application-code: 54ms)
 GET /api/agent/sync-queue/pending 404 in 59ms (next.js: 16ms, application-code: 43ms)
 POST /api/agent/heartbeat 404 in 90ms (next.js: 8ms, application-code: 82ms)
 GET /api/agent/sync-queue/pending 404 in 66ms (next.js: 17ms, application-code: 49ms)
 GET /api/agent/sync-queue/pending 404 in 62ms (next.js: 21ms, application-code: 41ms)
 POST /api/agent/heartbeat 404 in 72ms (next.js: 14ms, application-code: 58ms)
 GET /api/agent/sync-queue/pending 404 in 55ms (next.js: 12ms, application-code: 43ms)
 GET /api/agent/sync-queue/pending 404 in 51ms (next.js: 11ms, application-code: 40ms)
 POST /api/agent/heartbeat 404 in 59ms (next.js: 12ms, application-code: 46ms)
 GET /api/agent/sync-queue/pending 404 in 54ms (next.js: 12ms, application-code: 42ms)
 GET /api/agent/sync-queue/pending 404 in 47ms (next.js: 11ms, application-code: 35ms)
 POST /api/agent/heartbeat 404 in 69ms (next.js: 13ms, application-code: 56ms)
 GET /api/agent/sync-queue/pending 404 in 56ms (next.js: 15ms, application-code: 42ms)
 GET /api/agent/sync-queue/pending 404 in 66ms (next.js: 10ms, application-code: 56ms)
 POST /api/agent/heartbeat 404 in 64ms (next.js: 14ms, application-code: 50ms)
 GET /api/agent/sync-queue/pending 404 in 51ms (next.js: 12ms, application-code: 40ms)
 GET /api/agent/sync-queue/pending 404 in 52ms (next.js: 15ms, application-code: 37ms)
 POST /api/agent/heartbeat 404 in 77ms (next.js: 19ms, application-code: 58ms)
 GET /api/agent/sync-queue/pending 404 in 53ms (next.js: 14ms, application-code: 39ms)
 GET /api/agent/sync-queue/pending 404 in 54ms (next.js: 12ms, application-code: 41ms)
 POST /api/agent/heartbeat 404 in 88ms (next.js: 24ms, application-code: 64ms)
 GET /api/agent/sync-queue/pending 404 in 70ms (next.js: 12ms, application-code: 58ms)
 GET /api/agent/sync-queue/pending 404 in 53ms (next.js: 14ms, application-code: 39ms)
 POST /api/agent/heartbeat 404 in 67ms (next.js: 20ms, application-code: 47ms)
 GET /api/agent/sync-queue/pending 404 in 54ms (next.js: 12ms, application-code: 42ms)
 GET /api/agent/sync-queue/pending 404 in 50ms (next.js: 14ms, application-code: 36ms)
 POST /api/agent/heartbeat 404 in 70ms (next.js: 10ms, application-code: 60ms)
 GET /api/agent/sync-queue/pending 404 in 51ms (next.js: 13ms, application-code: 38ms)
 GET /api/agent/sync-queue/pending 404 in 53ms (next.js: 11ms, application-code: 42ms)
 POST /api/agent/heartbeat 404 in 64ms (next.js: 10ms, application-code: 55ms)
 GET /api/agent/sync-queue/pending 404 in 73ms (next.js: 14ms, application-code: 59ms)
 GET /api/agent/sync-queue/pending 404 in 64ms (next.js: 12ms, application-code: 52ms)
 POST /api/agent/heartbeat 404 in 101ms (next.js: 12ms, application-code: 88ms)
 GET /api/agent/sync-queue/pending 404 in 48ms (next.js: 13ms, application-code: 35ms)
 GET /api/agent/sync-queue/pending 404 in 52ms (next.js: 12ms, application-code: 40ms)
 POST /api/agent/heartbeat 404 in 61ms (next.js: 16ms, application-code: 45ms)
 GET /api/agent/sync-queue/pending 404 in 86ms (next.js: 31ms, application-code: 55ms)
 GET /api/agent/sync-queue/pending 404 in 58ms (next.js: 14ms, application-code: 45ms)
 POST /api/agent/heartbeat 404 in 39ms (next.js: 8ms, application-code: 31ms)
 GET /api/agent/sync-queue/pending 404 in 51ms (next.js: 13ms, application-code: 38ms)
 GET /api/agent/sync-queue/pending 404 in 71ms (next.js: 12ms, application-code: 59ms)
 POST /api/agent/heartbeat 404 in 77ms (next.js: 17ms, application-code: 60ms)
 GET /api/agent/sync-queue/pending 404 in 73ms (next.js: 10ms, application-code: 63ms)
 GET /api/agent/sync-queue/pending 404 in 44ms (next.js: 9ms, application-code: 36ms)
 POST /api/agent/heartbeat 404 in 77ms (next.js: 10ms, application-code: 67ms)
 GET /api/agent/sync-queue/pending 404 in 61ms (next.js: 11ms, application-code: 50ms)
 GET /api/agent/sync-queue/pending 404 in 55ms (next.js: 13ms, application-code: 42ms)
 POST /api/agent/heartbeat 404 in 87ms (next.js: 13ms, application-code: 75ms)
 GET /api/agent/sync-queue/pending 404 in 48ms (next.js: 12ms, application-code: 36ms)
 GET /api/agent/sync-queue/pending 404 in 63ms (next.js: 14ms, application-code: 49ms)
 POST /api/agent/heartbeat 404 in 93ms (next.js: 21ms, application-code: 73ms)
 GET /api/agent/sync-queue/pending 404 in 58ms (next.js: 9ms, application-code: 49ms)
 GET /api/agent/sync-queue/pending 404 in 63ms (next.js: 14ms, application-code: 48ms)
 POST /api/agent/heartbeat 404 in 51ms (next.js: 13ms, application-code: 38ms)
 GET /api/agent/sync-queue/pending 404 in 56ms (next.js: 14ms, application-code: 43ms)
 GET /api/agent/sync-queue/pending 404 in 40ms (next.js: 9ms, application-code: 31ms)
 POST /api/agent/heartbeat 404 in 63ms (next.js: 8ms, application-code: 55ms)
 GET /api/agent/sync-queue/pending 404 in 51ms (next.js: 12ms, application-code: 39ms)
 GET /api/agent/sync-queue/pending 404 in 59ms (next.js: 14ms, application-code: 45ms)
 POST /api/agent/heartbeat 404 in 85ms (next.js: 30ms, application-code: 54ms)
 GET /api/agent/sync-queue/pending 404 in 54ms (next.js: 12ms, application-code: 42ms)
 GET /api/agent/sync-queue/pending 404 in 84ms (next.js: 15ms, application-code: 69ms)
 POST /api/agent/heartbeat 404 in 45ms (next.js: 10ms, application-code: 34ms)
 GET /api/agent/sync-queue/pending 404 in 68ms (next.js: 14ms, application-code: 54ms)
 GET /api/agent/sync-queue/pending 404 in 71ms (next.js: 12ms, application-code: 59ms)
 POST /api/agent/heartbeat 404 in 53ms (next.js: 13ms, application-code: 40ms)
 GET /api/agent/sync-queue/pending 404 in 62ms (next.js: 14ms, application-code: 49ms)
 GET /api/agent/sync-queue/pending 404 in 50ms (next.js: 13ms, application-code: 38ms)
 POST /api/agent/heartbeat 404 in 41ms (next.js: 10ms, application-code: 31ms)
 GET /api/agent/sync-queue/pending 404 in 58ms (next.js: 16ms, application-code: 42ms)
 GET /api/agent/sync-queue/pending 404 in 65ms (next.js: 17ms, application-code: 48ms)
 POST /api/agent/heartbeat 404 in 51ms (next.js: 8ms, application-code: 43ms)
 GET /api/agent/sync-queue/pending 404 in 42ms (next.js: 9ms, application-code: 33ms)
 GET /api/agent/sync-queue/pending 404 in 57ms (next.js: 17ms, application-code: 41ms)
 POST /api/agent/heartbeat 404 in 43ms (next.js: 7ms, application-code: 36ms)
 GET /api/agent/sync-queue/pending 404 in 65ms (next.js: 14ms, application-code: 51ms)
 GET /api/agent/sync-queue/pending 404 in 77ms (next.js: 14ms, application-code: 63ms)
 POST /api/agent/heartbeat 404 in 66ms (next.js: 8ms, application-code: 57ms)
 GET /api/agent/sync-queue/pending 404 in 46ms (next.js: 12ms, application-code: 35ms)
 GET /api/agent/sync-queue/pending 404 in 46ms (next.js: 10ms, application-code: 35ms)
 POST /api/agent/heartbeat 404 in 49ms (next.js: 10ms, application-code: 39ms)
 GET /api/agent/sync-queue/pending 404 in 64ms (next.js: 14ms, application-code: 50ms)
 GET /api/agent/sync-queue/pending 404 in 75ms (next.js: 13ms, application-code: 63ms)
 POST /api/agent/heartbeat 404 in 47ms (next.js: 11ms, application-code: 36ms)
 GET /api/agent/sync-queue/pending 404 in 70ms (next.js: 13ms, application-code: 58ms)
 GET /api/agent/sync-queue/pending 404 in 59ms (next.js: 14ms, application-code: 45ms)
 POST /api/agent/heartbeat 404 in 63ms (next.js: 11ms, application-code: 52ms)
 GET /api/agent/sync-queue/pending 404 in 56ms (next.js: 11ms, application-code: 45ms)
 GET /api/agent/sync-queue/pending 404 in 72ms (next.js: 16ms, application-code: 57ms)
 POST /api/agent/heartbeat 404 in 48ms (next.js: 12ms, application-code: 36ms)
 GET /api/agent/sync-queue/pending 404 in 64ms (next.js: 11ms, application-code: 53ms)
 GET /api/agent/sync-queue/pending 404 in 93ms (next.js: 13ms, application-code: 81ms)
 POST /api/agent/heartbeat 404 in 76ms (next.js: 17ms, application-code: 59ms)
 GET /api/agent/sync-queue/pending 404 in 56ms (next.js: 12ms, application-code: 44ms)
 GET /api/agent/sync-queue/pending 404 in 56ms (next.js: 13ms, application-code: 43ms)
 POST /api/agent/heartbeat 404 in 67ms (next.js: 24ms, application-code: 43ms)
 GET /api/agent/sync-queue/pending 404 in 61ms (next.js: 12ms, application-code: 49ms)
 GET /api/agent/sync-queue/pending 404 in 54ms (next.js: 12ms, application-code: 42ms)
 POST /api/agent/heartbeat 404 in 41ms (next.js: 8ms, application-code: 33ms)
 GET /api/agent/sync-queue/pending 404 in 53ms (next.js: 12ms, application-code: 41ms)
 GET /api/agent/sync-queue/pending 404 in 54ms (next.js: 12ms, application-code: 42ms)
 POST /api/agent/heartbeat 404 in 53ms (next.js: 16ms, application-code: 37ms)
 GET /api/agent/sync-queue/pending 404 in 65ms (next.js: 12ms, application-code: 53ms)
 GET /api/agent/sync-queue/pending 404 in 52ms (next.js: 11ms, application-code: 42ms)
 POST /api/agent/heartbeat 404 in 61ms (next.js: 16ms, application-code: 45ms)
 GET /api/agent/sync-queue/pending 404 in 51ms (next.js: 8ms, application-code: 43ms)
 GET /api/agent/sync-queue/pending 404 in 50ms (next.js: 10ms, application-code: 41ms)
 POST /api/agent/heartbeat 404 in 68ms (next.js: 11ms, application-code: 57ms)
 GET /api/agent/sync-queue/pending 404 in 61ms (next.js: 18ms, application-code: 43ms)
 GET /api/agent/sync-queue/pending 404 in 59ms (next.js: 12ms, application-code: 47ms)
 POST /api/agent/heartbeat 404 in 50ms (next.js: 9ms, application-code: 41ms)
 GET /api/agent/sync-queue/pending 404 in 71ms (next.js: 32ms, application-code: 39ms)
 GET /api/agent/sync-queue/pending 404 in 45ms (next.js: 8ms, application-code: 37ms)
 POST /api/agent/heartbeat 404 in 53ms (next.js: 16ms, application-code: 37ms)
 GET /api/agent/sync-queue/pending 404 in 52ms (next.js: 13ms, application-code: 38ms)
 GET /api/agent/sync-queue/pending 404 in 71ms (next.js: 16ms, application-code: 55ms)
 POST /api/agent/heartbeat 404 in 50ms (next.js: 11ms, application-code: 38ms)
 GET /api/agent/sync-queue/pending 404 in 55ms (next.js: 11ms, application-code: 43ms)
 GET /api/agent/sync-queue/pending 404 in 57ms (next.js: 15ms, application-code: 42ms)
 POST /api/agent/heartbeat 404 in 74ms (next.js: 14ms, application-code: 60ms)
 GET /api/agent/sync-queue/pending 404 in 57ms (next.js: 12ms, application-code: 45ms)
 GET /api/agent/sync-queue/pending 404 in 59ms (next.js: 18ms, application-code: 41ms)
 POST /api/agent/heartbeat 404 in 99ms (next.js: 22ms, application-code: 77ms)
 GET /api/agent/sync-queue/pending 404 in 62ms (next.js: 13ms, application-code: 50ms)
 GET /api/agent/sync-queue/pending 404 in 65ms (next.js: 12ms, application-code: 53ms)
 POST /api/agent/heartbeat 404 in 51ms (next.js: 12ms, application-code: 39ms)
 GET /api/agent/sync-queue/pending 404 in 56ms (next.js: 11ms, application-code: 44ms)
 GET /api/agent/sync-queue/pending 404 in 64ms (next.js: 10ms, application-code: 54ms)
 POST /api/agent/heartbeat 404 in 45ms (next.js: 10ms, application-code: 35ms)
 GET /api/agent/sync-queue/pending 404 in 63ms (next.js: 14ms, application-code: 50ms)
 GET /api/agent/sync-queue/pending 404 in 57ms (next.js: 12ms, application-code: 46ms)
 POST /api/agent/heartbeat 404 in 68ms (next.js: 19ms, application-code: 49ms)
 GET /api/agent/sync-queue/pending 404 in 61ms (next.js: 19ms, application-code: 42ms)
 GET /api/agent/sync-queue/pending 404 in 58ms (next.js: 13ms, application-code: 46ms)
 POST /api/agent/heartbeat 404 in 70ms (next.js: 16ms, application-code: 54ms)
 GET /api/agent/sync-queue/pending 404 in 52ms (next.js: 14ms, application-code: 39ms)
 GET /api/agent/sync-queue/pending 404 in 53ms (next.js: 14ms, application-code: 40ms)
 POST /api/agent/heartbeat 404 in 54ms (next.js: 16ms, application-code: 38ms)
 GET /api/agent/sync-queue/pending 404 in 57ms (next.js: 11ms, application-code: 46ms)
 GET /api/agent/sync-queue/pending 404 in 41ms (next.js: 8ms, application-code: 33ms)
 POST /api/agent/heartbeat 404 in 53ms (next.js: 14ms, application-code: 39ms)
 GET /api/agent/sync-queue/pending 404 in 58ms (next.js: 12ms, application-code: 46ms)
 GET /api/agent/sync-queue/pending 404 in 57ms (next.js: 12ms, application-code: 45ms)
 POST /api/agent/heartbeat 404 in 50ms (next.js: 9ms, application-code: 41ms)
 GET /api/agent/sync-queue/pending 404 in 56ms (next.js: 12ms, application-code: 44ms)
 GET /api/agent/sync-queue/pending 404 in 52ms (next.js: 12ms, application-code: 40ms)
 POST /api/agent/heartbeat 404 in 41ms (next.js: 9ms, application-code: 32ms)
 GET /api/agent/sync-queue/pending 404 in 64ms (next.js: 18ms, application-code: 46ms)
 GET /api/agent/sync-queue/pending 404 in 72ms (next.js: 14ms, application-code: 58ms)
 POST /api/agent/heartbeat 404 in 59ms (next.js: 17ms, application-code: 43ms)
 GET /api/agent/sync-queue/pending 404 in 56ms (next.js: 13ms, application-code: 43ms)
 GET /api/agent/sync-queue/pending 404 in 50ms (next.js: 12ms, application-code: 37ms)
 POST /api/agent/heartbeat 404 in 83ms (next.js: 26ms, application-code: 58ms)
 GET /api/agent/sync-queue/pending 404 in 70ms (next.js: 15ms, application-code: 55ms)
 GET /api/agent/sync-queue/pending 404 in 62ms (next.js: 13ms, application-code: 49ms)
 POST /api/agent/heartbeat 404 in 112ms (next.js: 15ms, application-code: 97ms)
 GET /api/agent/sync-queue/pending 404 in 67ms (next.js: 14ms, application-code: 53ms)
 GET /api/agent/sync-queue/pending 404 in 48ms (next.js: 12ms, application-code: 37ms)
 POST /api/agent/heartbeat 404 in 56ms (next.js: 9ms, application-code: 47ms)
 GET /api/agent/sync-queue/pending 404 in 52ms (next.js: 12ms, application-code: 39ms)
 GET /api/agent/sync-queue/pending 404 in 54ms (next.js: 12ms, application-code: 42ms)
 POST /api/agent/heartbeat 404 in 66ms (next.js: 10ms, application-code: 56ms)
 GET /api/agent/sync-queue/pending 404 in 68ms (next.js: 12ms, application-code: 57ms)
 GET /api/agent/sync-queue/pending 404 in 56ms (next.js: 12ms, application-code: 44ms)
 POST /api/agent/heartbeat 404 in 51ms (next.js: 9ms, application-code: 42ms)
 GET /api/agent/sync-queue/pending 404 in 64ms (next.js: 15ms, application-code: 50ms)
 GET /api/agent/sync-queue/pending 404 in 43ms (next.js: 8ms, application-code: 34ms)
 POST /api/agent/heartbeat 404 in 73ms (next.js: 15ms, application-code: 58ms)
 GET /api/agent/sync-queue/pending 404 in 69ms (next.js: 11ms, application-code: 57ms)
 GET /api/agent/sync-queue/pending 404 in 54ms (next.js: 13ms, application-code: 40ms)
 POST /api/agent/heartbeat 404 in 72ms (next.js: 21ms, application-code: 51ms)
 GET /api/agent/sync-queue/pending 404 in 59ms (next.js: 19ms, application-code: 40ms)
 GET /api/agent/sync-queue/pending 404 in 57ms (next.js: 17ms, application-code: 40ms)
 POST /api/agent/heartbeat 404 in 83ms (next.js: 15ms, application-code: 68ms)
 GET /api/agent/sync-queue/pending 404 in 57ms (next.js: 16ms, application-code: 41ms)
 GET /api/agent/sync-queue/pending 404 in 62ms (next.js: 16ms, application-code: 47ms)
 POST /api/agent/heartbeat 404 in 63ms (next.js: 12ms, application-code: 50ms)
 GET /api/agent/sync-queue/pending 404 in 56ms (next.js: 12ms, application-code: 44ms)
 GET /api/agent/sync-queue/pending 404 in 41ms (next.js: 10ms, application-code: 32ms)
 POST /api/agent/heartbeat 404 in 70ms (next.js: 11ms, application-code: 59ms)
 GET /api/agent/sync-queue/pending 404 in 63ms (next.js: 13ms, application-code: 49ms)
 GET /api/agent/sync-queue/pending 404 in 66ms (next.js: 14ms, application-code: 53ms)
 POST /api/agent/heartbeat 404 in 72ms (next.js: 11ms, application-code: 61ms)
 GET /api/agent/sync-queue/pending 404 in 54ms (next.js: 14ms, application-code: 40ms)
 GET /api/agent/sync-queue/pending 404 in 79ms (next.js: 13ms, application-code: 66ms)
 POST /api/agent/heartbeat 404 in 89ms (next.js: 28ms, application-code: 61ms)
 GET /api/agent/sync-queue/pending 404 in 52ms (next.js: 11ms, application-code: 41ms)
 GET /api/agent/sync-queue/pending 404 in 75ms (next.js: 12ms, application-code: 63ms)
 POST /api/agent/heartbeat 404 in 63ms (next.js: 12ms, application-code: 51ms)
 GET /api/agent/sync-queue/pending 404 in 70ms (next.js: 14ms, application-code: 56ms)
 GET /api/agent/sync-queue/pending 404 in 55ms (next.js: 12ms, application-code: 42ms)
 POST /api/agent/heartbeat 404 in 72ms (next.js: 16ms, application-code: 55ms)
 GET /api/agent/sync-queue/pending 404 in 66ms (next.js: 12ms, application-code: 54ms)
 GET /api/agent/sync-queue/pending 404 in 52ms (next.js: 12ms, application-code: 40ms)
 POST /api/agent/heartbeat 404 in 74ms (next.js: 13ms, application-code: 61ms)
 GET /api/agent/sync-queue/pending 404 in 57ms (next.js: 12ms, application-code: 45ms)
 GET /api/agent/sync-queue/pending 404 in 59ms (next.js: 14ms, application-code: 46ms)
 POST /api/agent/heartbeat 404 in 53ms (next.js: 11ms, application-code: 42ms)
 GET /api/agent/sync-queue/pending 404 in 47ms (next.js: 10ms, application-code: 36ms)
 GET /api/agent/sync-queue/pending 404 in 90ms (next.js: 16ms, application-code: 75ms)
 POST /api/agent/heartbeat 404 in 80ms (next.js: 18ms, application-code: 62ms)
 GET /api/agent/sync-queue/pending 404 in 75ms (next.js: 13ms, application-code: 62ms)
 GET /api/agent/sync-queue/pending 404 in 59ms (next.js: 17ms, application-code: 43ms)
 POST /api/agent/heartbeat 404 in 67ms (next.js: 25ms, application-code: 42ms)
 GET /api/agent/sync-queue/pending 404 in 69ms (next.js: 18ms, application-code: 51ms)
 GET /api/agent/sync-queue/pending 404 in 58ms (next.js: 11ms, application-code: 47ms)
 POST /api/agent/heartbeat 404 in 79ms (next.js: 16ms, application-code: 63ms)
 GET /api/agent/sync-queue/pending 404 in 55ms (next.js: 14ms, application-code: 42ms)
 GET /api/agent/sync-queue/pending 404 in 62ms (next.js: 15ms, application-code: 47ms)
 POST /api/agent/heartbeat 404 in 62ms (next.js: 18ms, application-code: 44ms)
 GET /api/agent/sync-queue/pending 404 in 64ms (next.js: 16ms, application-code: 48ms)
 GET /api/agent/sync-queue/pending 404 in 69ms (next.js: 12ms, application-code: 57ms)
 POST /api/agent/heartbeat 404 in 57ms (next.js: 14ms, application-code: 43ms)
 GET /api/agent/sync-queue/pending 404 in 65ms (next.js: 13ms, application-code: 52ms)
 GET /api/agent/sync-queue/pending 404 in 60ms (next.js: 13ms, application-code: 47ms)
 POST /api/agent/heartbeat 404 in 69ms (next.js: 11ms, application-code: 58ms)
 GET /api/agent/sync-queue/pending 404 in 62ms (next.js: 13ms, application-code: 49ms)
 GET /api/agent/sync-queue/pending 404 in 81ms (next.js: 13ms, application-code: 68ms)
 POST /api/agent/heartbeat 404 in 75ms (next.js: 21ms, application-code: 54ms)
 GET /api/agent/sync-queue/pending 404 in 53ms (next.js: 13ms, application-code: 41ms)
 GET /api/agent/sync-queue/pending 404 in 57ms (next.js: 15ms, application-code: 42ms)
 POST /api/agent/heartbeat 404 in 73ms (next.js: 20ms, application-code: 53ms)
 GET /api/agent/sync-queue/pending 404 in 51ms (next.js: 11ms, application-code: 40ms)
 GET /api/agent/sync-queue/pending 404 in 51ms (next.js: 15ms, application-code: 35ms)
 POST /api/agent/heartbeat 404 in 75ms (next.js: 10ms, application-code: 65ms)
 GET /api/agent/sync-queue/pending 404 in 59ms (next.js: 12ms, application-code: 47ms)
 GET /api/agent/sync-queue/pending 404 in 77ms (next.js: 19ms, application-code: 58ms)
 POST /api/agent/heartbeat 404 in 64ms (next.js: 19ms, application-code: 45ms)
 GET /api/agent/sync-queue/pending 404 in 56ms (next.js: 7ms, application-code: 49ms)
 GET /api/agent/sync-queue/pending 404 in 58ms (next.js: 12ms, application-code: 46ms)
 POST /api/agent/heartbeat 404 in 83ms (next.js: 13ms, application-code: 71ms)
 GET /api/agent/sync-queue/pending 404 in 49ms (next.js: 12ms, application-code: 37ms)
 GET /api/agent/sync-queue/pending 404 in 56ms (next.js: 14ms, application-code: 42ms)
 POST /api/agent/heartbeat 404 in 59ms (next.js: 12ms, application-code: 46ms)
 GET /api/agent/sync-queue/pending 404 in 55ms (next.js: 9ms, application-code: 46ms)
 GET /api/agent/sync-queue/pending 404 in 50ms (next.js: 13ms, application-code: 38ms)
 POST /api/agent/heartbeat 404 in 56ms (next.js: 12ms, application-code: 44ms)
 GET /api/agent/sync-queue/pending 404 in 70ms (next.js: 15ms, application-code: 56ms)
 GET /api/agent/sync-queue/pending 404 in 54ms (next.js: 12ms, application-code: 43ms)
 POST /api/agent/heartbeat 404 in 116ms (next.js: 31ms, application-code: 85ms)
 GET /api/agent/sync-queue/pending 404 in 55ms (next.js: 8ms, application-code: 47ms)
 GET /api/agent/sync-queue/pending 404 in 82ms (next.js: 12ms, application-code: 69ms)
 POST /api/agent/heartbeat 404 in 59ms (next.js: 16ms, application-code: 43ms)
 GET /api/agent/sync-queue/pending 404 in 74ms (next.js: 15ms, application-code: 59ms)
 GET /api/agent/sync-queue/pending 404 in 61ms (next.js: 12ms, application-code: 49ms)
 POST /api/agent/heartbeat 404 in 56ms (next.js: 15ms, application-code: 42ms)
 GET /api/agent/sync-queue/pending 404 in 60ms (next.js: 17ms, application-code: 43ms)
 GET /api/agent/sync-queue/pending 404 in 84ms (next.js: 13ms, application-code: 71ms)
 POST /api/agent/heartbeat 404 in 104ms (next.js: 42ms, application-code: 62ms)
 GET /api/agent/sync-queue/pending 404 in 65ms (next.js: 13ms, application-code: 52ms)
 GET /api/agent/sync-queue/pending 404 in 69ms (next.js: 14ms, application-code: 55ms)
 POST /api/agent/heartbeat 404 in 70ms (next.js: 17ms, application-code: 54ms)
 GET /api/agent/sync-queue/pending 404 in 65ms (next.js: 20ms, application-code: 45ms)
 GET /api/agent/sync-queue/pending 404 in 78ms (next.js: 16ms, application-code: 62ms)
 POST /api/agent/heartbeat 404 in 59ms (next.js: 11ms, application-code: 48ms)
 GET /api/agent/sync-queue/pending 404 in 60ms (next.js: 11ms, application-code: 49ms)
 GET /api/agent/sync-queue/pending 404 in 74ms (next.js: 12ms, application-code: 62ms)
 POST /api/agent/heartbeat 404 in 60ms (next.js: 18ms, application-code: 42ms)
 GET /api/agent/sync-queue/pending 404 in 62ms (next.js: 18ms, application-code: 44ms)
 GET /api/agent/sync-queue/pending 404 in 53ms (next.js: 12ms, application-code: 40ms)
 POST /api/agent/heartbeat 404 in 50ms (next.js: 16ms, application-code: 34ms)
 GET /api/agent/sync-queue/pending 404 in 50ms (next.js: 13ms, application-code: 38ms)
 GET /api/agent/sync-queue/pending 404 in 62ms (next.js: 15ms, application-code: 47ms)
 POST /api/agent/heartbeat 404 in 72ms (next.js: 10ms, application-code: 62ms)
 GET /api/agent/sync-queue/pending 404 in 72ms (next.js: 21ms, application-code: 50ms)
 GET /api/agent/sync-queue/pending 404 in 52ms (next.js: 14ms, application-code: 39ms)
 POST /api/agent/heartbeat 404 in 54ms (next.js: 12ms, application-code: 42ms)
 GET /api/agent/sync-queue/pending 404 in 59ms (next.js: 13ms, application-code: 46ms)
 GET /api/agent/sync-queue/pending 404 in 56ms (next.js: 14ms, application-code: 43ms)
 POST /api/agent/heartbeat 404 in 62ms (next.js: 16ms, application-code: 46ms)
 GET /api/agent/sync-queue/pending 404 in 61ms (next.js: 15ms, application-code: 46ms)
 GET /api/agent/sync-queue/pending 404 in 64ms (next.js: 13ms, application-code: 51ms)
 POST /api/agent/heartbeat 404 in 57ms (next.js: 16ms, application-code: 41ms)
 GET /api/agent/sync-queue/pending 404 in 67ms (next.js: 13ms, application-code: 54ms)
 GET /api/agent/sync-queue/pending 404 in 66ms (next.js: 13ms, application-code: 53ms)
 POST /api/agent/heartbeat 404 in 80ms (next.js: 25ms, application-code: 55ms)
 GET /api/agent/sync-queue/pending 404 in 62ms (next.js: 10ms, application-code: 52ms)
 GET /api/agent/sync-queue/pending 404 in 60ms (next.js: 14ms, application-code: 47ms)
 POST /api/agent/heartbeat 404 in 65ms (next.js: 14ms, application-code: 51ms)
 GET /api/agent/sync-queue/pending 404 in 50ms (next.js: 14ms, application-code: 36ms)
 GET /api/agent/sync-queue/pending 404 in 49ms (next.js: 16ms, application-code: 33ms)
 POST /api/agent/heartbeat 404 in 64ms (next.js: 17ms, application-code: 47ms)
 GET /api/agent/sync-queue/pending 404 in 58ms (next.js: 15ms, application-code: 43ms)
 GET /api/agent/sync-queue/pending 404 in 70ms (next.js: 19ms, application-code: 51ms)
 POST /api/agent/heartbeat 404 in 66ms (next.js: 13ms, application-code: 53ms)
 GET /api/agent/sync-queue/pending 404 in 60ms (next.js: 12ms, application-code: 48ms)
 GET /api/agent/sync-queue/pending 404 in 68ms (next.js: 15ms, application-code: 53ms)
 POST /api/agent/heartbeat 404 in 76ms (next.js: 12ms, application-code: 65ms)
 GET /api/agent/sync-queue/pending 404 in 79ms (next.js: 16ms, application-code: 63ms)
 GET /api/agent/sync-queue/pending 404 in 71ms (next.js: 11ms, application-code: 60ms)
 POST /api/agent/heartbeat 404 in 53ms (next.js: 12ms, application-code: 41ms)
 GET /api/agent/sync-queue/pending 404 in 61ms (next.js: 12ms, application-code: 50ms)
 GET /api/agent/sync-queue/pending 404 in 64ms (next.js: 14ms, application-code: 50ms)
 POST /api/agent/heartbeat 404 in 76ms (next.js: 19ms, application-code: 56ms)
 GET /api/agent/sync-queue/pending 404 in 53ms (next.js: 12ms, application-code: 42ms)
 GET /api/agent/sync-queue/pending 404 in 70ms (next.js: 12ms, application-code: 59ms)
 POST /api/agent/heartbeat 404 in 69ms (next.js: 12ms, application-code: 58ms)
 GET /api/agent/sync-queue/pending 404 in 53ms (next.js: 13ms, application-code: 41ms)
 GET /api/agent/sync-queue/pending 404 in 53ms (next.js: 10ms, application-code: 43ms)
 POST /api/agent/heartbeat 404 in 75ms (next.js: 12ms, application-code: 63ms)
 GET /api/agent/sync-queue/pending 404 in 62ms (next.js: 12ms, application-code: 50ms)
 GET /api/agent/sync-queue/pending 404 in 70ms (next.js: 13ms, application-code: 57ms)
 POST /api/agent/heartbeat 404 in 92ms (next.js: 12ms, application-code: 80ms)
 GET /api/agent/sync-queue/pending 404 in 66ms (next.js: 13ms, application-code: 53ms)
 GET /api/agent/sync-queue/pending 404 in 73ms (next.js: 19ms, application-code: 54ms)
 POST /api/agent/heartbeat 404 in 50ms (next.js: 12ms, application-code: 38ms)
 GET /api/agent/sync-queue/pending 404 in 50ms (next.js: 11ms, application-code: 39ms)
 GET /api/agent/sync-queue/pending 404 in 70ms (next.js: 21ms, application-code: 49ms)
 POST /api/agent/heartbeat 404 in 68ms (next.js: 18ms, application-code: 50ms)
 GET /api/agent/sync-queue/pending 404 in 60ms (next.js: 12ms, application-code: 48ms)
 GET /api/agent/sync-queue/pending 404 in 57ms (next.js: 14ms, application-code: 43ms)
 POST /api/agent/heartbeat 404 in 78ms (next.js: 27ms, application-code: 51ms)
 GET /api/agent/sync-queue/pending 404 in 52ms (next.js: 13ms, application-code: 39ms)
 GET /api/agent/sync-queue/pending 404 in 56ms (next.js: 14ms, application-code: 43ms)
 POST /api/agent/heartbeat 404 in 80ms (next.js: 11ms, application-code: 69ms)
 GET /api/agent/sync-queue/pending 404 in 64ms (next.js: 13ms, application-code: 50ms)
 GET /api/agent/sync-queue/pending 404 in 57ms (next.js: 15ms, application-code: 42ms)
 POST /api/agent/heartbeat 404 in 64ms (next.js: 14ms, application-code: 50ms)
 GET /api/agent/sync-queue/pending 404 in 74ms (next.js: 18ms, application-code: 56ms)
 GET /api/agent/sync-queue/pending 404 in 75ms (next.js: 12ms, application-code: 64ms)
 POST /api/agent/heartbeat 404 in 47ms (next.js: 11ms, application-code: 36ms)
 GET /api/agent/sync-queue/pending 404 in 52ms (next.js: 11ms, application-code: 41ms)
 GET /api/agent/sync-queue/pending 404 in 46ms (next.js: 12ms, application-code: 34ms)
 POST /api/agent/heartbeat 404 in 44ms (next.js: 11ms, application-code: 33ms)
 GET /api/agent/sync-queue/pending 404 in 55ms (next.js: 15ms, application-code: 41ms)
 GET /api/agent/sync-queue/pending 404 in 63ms (next.js: 13ms, application-code: 50ms)
 POST /api/agent/heartbeat 404 in 58ms (next.js: 15ms, application-code: 43ms)
 GET /api/agent/sync-queue/pending 404 in 67ms (next.js: 13ms, application-code: 54ms)
 GET /api/agent/sync-queue/pending 404 in 60ms (next.js: 12ms, application-code: 48ms)
 POST /api/agent/heartbeat 404 in 90ms (next.js: 19ms, application-code: 72ms)
 GET /api/agent/sync-queue/pending 404 in 67ms (next.js: 14ms, application-code: 53ms)
 GET /api/agent/sync-queue/pending 404 in 54ms (next.js: 13ms, application-code: 40ms)
 POST /api/agent/heartbeat 404 in 48ms (next.js: 12ms, application-code: 36ms)
 GET /api/agent/sync-queue/pending 404 in 60ms (next.js: 12ms, application-code: 47ms)
 GET /api/agent/sync-queue/pending 404 in 51ms (next.js: 12ms, application-code: 39ms)
 POST /api/agent/heartbeat 404 in 59ms (next.js: 12ms, application-code: 47ms)
 GET /api/agent/sync-queue/pending 404 in 59ms (next.js: 12ms, application-code: 48ms)
 GET /api/agent/sync-queue/pending 404 in 65ms (next.js: 13ms, application-code: 52ms)
 POST /api/agent/heartbeat 404 in 63ms (next.js: 16ms, application-code: 47ms)
 GET /api/agent/sync-queue/pending 404 in 50ms (next.js: 12ms, application-code: 38ms)
 GET /api/agent/sync-queue/pending 404 in 78ms (next.js: 12ms, application-code: 66ms)
 POST /api/agent/heartbeat 404 in 90ms (next.js: 17ms, application-code: 72ms)
 GET /api/agent/sync-queue/pending 404 in 57ms (next.js: 12ms, application-code: 44ms)
 GET /api/agent/sync-queue/pending 404 in 68ms (next.js: 14ms, application-code: 54ms)
 POST /api/agent/heartbeat 404 in 54ms (next.js: 13ms, application-code: 41ms)
 GET /api/agent/sync-queue/pending 404 in 49ms (next.js: 12ms, application-code: 38ms)
 GET /api/agent/sync-queue/pending 404 in 53ms (next.js: 18ms, application-code: 35ms)
 POST /api/agent/heartbeat 404 in 71ms (next.js: 20ms, application-code: 52ms)
 GET /api/agent/sync-queue/pending 404 in 62ms (next.js: 19ms, application-code: 43ms)
 GET /api/agent/sync-queue/pending 404 in 73ms (next.js: 12ms, application-code: 62ms)
 POST /api/agent/heartbeat 404 in 53ms (next.js: 11ms, application-code: 42ms)
 GET /api/agent/sync-queue/pending 404 in 47ms (next.js: 11ms, application-code: 35ms)
 GET /api/agent/sync-queue/pending 404 in 56ms (next.js: 12ms, application-code: 44ms)
 POST /api/agent/heartbeat 404 in 58ms (next.js: 13ms, application-code: 45ms)
 GET /api/agent/sync-queue/pending 404 in 57ms (next.js: 12ms, application-code: 45ms)
 GET /api/agent/sync-queue/pending 404 in 69ms (next.js: 12ms, application-code: 56ms)
 POST /api/agent/heartbeat 404 in 82ms (next.js: 13ms, application-code: 69ms)
 GET /api/agent/sync-queue/pending 404 in 55ms (next.js: 14ms, application-code: 41ms)
 GET /api/agent/sync-queue/pending 404 in 57ms (next.js: 15ms, application-code: 42ms)
 POST /api/agent/heartbeat 404 in 79ms (next.js: 16ms, application-code: 63ms)
 GET /api/agent/sync-queue/pending 404 in 56ms (next.js: 12ms, application-code: 44ms)
 GET /api/agent/sync-queue/pending 404 in 57ms (next.js: 12ms, application-code: 45ms)
 POST /api/agent/heartbeat 404 in 63ms (next.js: 17ms, application-code: 46ms)
 GET /api/agent/sync-queue/pending 404 in 78ms (next.js: 13ms, application-code: 65ms)
 GET /api/agent/sync-queue/pending 404 in 39ms (next.js: 7ms, application-code: 32ms)
 POST /api/agent/heartbeat 404 in 71ms (next.js: 22ms, application-code: 49ms)
 GET /api/agent/sync-queue/pending 404 in 77ms (next.js: 15ms, application-code: 62ms)
 GET /api/agent/sync-queue/pending 404 in 71ms (next.js: 16ms, application-code: 55ms)
 POST /api/agent/heartbeat 404 in 68ms (next.js: 17ms, application-code: 51ms)
 GET /api/agent/sync-queue/pending 404 in 57ms (next.js: 13ms, application-code: 44ms)
 GET /api/agent/sync-queue/pending 404 in 62ms (next.js: 14ms, application-code: 48ms)
 POST /api/agent/heartbeat 404 in 55ms (next.js: 13ms, application-code: 42ms)
 GET /api/agent/sync-queue/pending 404 in 57ms (next.js: 14ms, application-code: 43ms)
 GET /api/agent/sync-queue/pending 404 in 59ms (next.js: 15ms, application-code: 45ms)
 POST /api/agent/heartbeat 404 in 55ms (next.js: 15ms, application-code: 40ms)
 GET /api/agent/sync-queue/pending 404 in 58ms (next.js: 14ms, application-code: 44ms)
 GET /api/agent/sync-queue/pending 404 in 64ms (next.js: 16ms, application-code: 48ms)
 POST /api/agent/heartbeat 404 in 78ms (next.js: 24ms, application-code: 54ms)
 GET /api/agent/sync-queue/pending 404 in 52ms (next.js: 14ms, application-code: 38ms)
 GET /api/agent/sync-queue/pending 404 in 64ms (next.js: 16ms, application-code: 48ms)
 POST /api/agent/heartbeat 404 in 52ms (next.js: 10ms, application-code: 42ms)
 GET /api/agent/sync-queue/pending 404 in 49ms (next.js: 13ms, application-code: 36ms)
 GET /api/agent/sync-queue/pending 404 in 77ms (next.js: 17ms, application-code: 60ms)
 POST /api/agent/heartbeat 404 in 90ms (next.js: 24ms, application-code: 65ms)
 GET /api/agent/sync-queue/pending 404 in 78ms (next.js: 13ms, application-code: 65ms)
 GET /api/agent/sync-queue/pending 404 in 49ms (next.js: 12ms, application-code: 37ms)
 POST /api/agent/heartbeat 404 in 62ms (next.js: 16ms, application-code: 46ms)
 GET /api/agent/sync-queue/pending 404 in 58ms (next.js: 13ms, application-code: 46ms)
 GET /api/agent/sync-queue/pending 404 in 62ms (next.js: 12ms, application-code: 49ms)
 POST /api/agent/heartbeat 404 in 72ms (next.js: 17ms, application-code: 55ms)
 GET /api/agent/sync-queue/pending 404 in 56ms (next.js: 13ms, application-code: 42ms)
 GET /api/agent/sync-queue/pending 404 in 57ms (next.js: 15ms, application-code: 42ms)
 POST /api/agent/heartbeat 404 in 67ms (next.js: 14ms, application-code: 52ms)
 GET /api/agent/sync-queue/pending 404 in 56ms (next.js: 11ms, application-code: 45ms)
 GET /api/agent/sync-queue/pending 404 in 49ms (next.js: 12ms, application-code: 37ms)
 POST /api/agent/heartbeat 404 in 54ms (next.js: 16ms, application-code: 39ms)
 GET /api/agent/sync-queue/pending 404 in 50ms (next.js: 11ms, application-code: 39ms)
 GET /api/agent/sync-queue/pending 404 in 82ms (next.js: 11ms, application-code: 70ms)
 POST /api/agent/heartbeat 404 in 65ms (next.js: 13ms, application-code: 52ms)
 GET /api/agent/sync-queue/pending 404 in 52ms (next.js: 13ms, application-code: 39ms)
 GET /api/agent/sync-queue/pending 404 in 56ms (next.js: 9ms, application-code: 47ms)
 POST /api/agent/heartbeat 404 in 55ms (next.js: 20ms, application-code: 34ms)
 GET /api/agent/sync-queue/pending 404 in 62ms (next.js: 12ms, application-code: 50ms)
 GET /api/agent/sync-queue/pending 404 in 61ms (next.js: 12ms, application-code: 49ms)
 POST /api/agent/heartbeat 404 in 69ms (next.js: 21ms, application-code: 48ms)
 GET /api/agent/sync-queue/pending 404 in 54ms (next.js: 14ms, application-code: 40ms)
 GET /api/agent/sync-queue/pending 404 in 63ms (next.js: 15ms, application-code: 48ms)
 POST /api/agent/heartbeat 404 in 87ms (next.js: 16ms, application-code: 71ms)
 GET /api/agent/sync-queue/pending 404 in 48ms (next.js: 11ms, application-code: 37ms)
 GET /api/agent/sync-queue/pending 404 in 61ms (next.js: 12ms, application-code: 48ms)
 POST /api/agent/heartbeat 404 in 66ms (next.js: 13ms, application-code: 53ms)
 GET /api/agent/sync-queue/pending 404 in 64ms (next.js: 12ms, application-code: 52ms)
 GET /api/agent/sync-queue/pending 404 in 53ms (next.js: 15ms, application-code: 38ms)
 POST /api/agent/heartbeat 404 in 79ms (next.js: 27ms, application-code: 52ms)
 GET /api/agent/sync-queue/pending 404 in 55ms (next.js: 12ms, application-code: 43ms)
 GET /api/agent/sync-queue/pending 404 in 60ms (next.js: 18ms, application-code: 41ms)
 POST /api/agent/heartbeat 404 in 72ms (next.js: 14ms, application-code: 58ms)
 GET /api/agent/sync-queue/pending 404 in 72ms (next.js: 14ms, application-code: 58ms)
 GET /api/agent/sync-queue/pending 404 in 61ms (next.js: 12ms, application-code: 49ms)
 POST /api/agent/heartbeat 404 in 61ms (next.js: 19ms, application-code: 42ms)
 GET /api/agent/sync-queue/pending 404 in 56ms (next.js: 12ms, application-code: 44ms)
 GET /api/agent/sync-queue/pending 404 in 97ms (next.js: 13ms, application-code: 84ms)
 POST /api/agent/heartbeat 404 in 73ms (next.js: 15ms, application-code: 58ms)
 GET /api/agent/sync-queue/pending 404 in 69ms (next.js: 15ms, application-code: 53ms)
 GET /api/agent/sync-queue/pending 404 in 61ms (next.js: 12ms, application-code: 48ms)
 POST /api/agent/heartbeat 404 in 56ms (next.js: 12ms, application-code: 44ms)
 GET /api/agent/sync-queue/pending 404 in 71ms (next.js: 12ms, application-code: 58ms)
 GET /api/agent/sync-queue/pending 404 in 65ms (next.js: 12ms, application-code: 53ms)
 POST /api/agent/heartbeat 404 in 68ms (next.js: 19ms, application-code: 49ms)
 GET /api/agent/sync-queue/pending 404 in 59ms (next.js: 13ms, application-code: 46ms)
 GET /api/agent/sync-queue/pending 404 in 65ms (next.js: 14ms, application-code: 51ms)
 POST /api/agent/heartbeat 404 in 65ms (next.js: 13ms, application-code: 53ms)
 GET /api/agent/sync-queue/pending 404 in 67ms (next.js: 13ms, application-code: 55ms)
 GET /api/agent/sync-queue/pending 404 in 81ms (next.js: 19ms, application-code: 62ms)
 POST /api/agent/heartbeat 404 in 51ms (next.js: 9ms, application-code: 43ms)
 GET /api/agent/sync-queue/pending 404 in 52ms (next.js: 14ms, application-code: 38ms)
 GET /api/agent/sync-queue/pending 404 in 68ms (next.js: 15ms, application-code: 53ms)
 POST /api/agent/heartbeat 404 in 58ms (next.js: 21ms, application-code: 37ms)
 GET /api/agent/sync-queue/pending 404 in 60ms (next.js: 16ms, application-code: 44ms)
 GET /api/agent/sync-queue/pending 404 in 62ms (next.js: 10ms, application-code: 52ms)
 POST /api/agent/heartbeat 404 in 60ms (next.js: 16ms, application-code: 44ms)
 GET /api/agent/sync-queue/pending 404 in 53ms (next.js: 12ms, application-code: 41ms)
 GET /api/agent/sync-queue/pending 404 in 55ms (next.js: 12ms, application-code: 43ms)
 POST /api/agent/heartbeat 404 in 66ms (next.js: 13ms, application-code: 52ms)
 GET /api/agent/sync-queue/pending 404 in 57ms (next.js: 11ms, application-code: 47ms)
 GET /api/agent/sync-queue/pending 404 in 58ms (next.js: 16ms, application-code: 42ms)
 POST /api/agent/heartbeat 404 in 69ms (next.js: 10ms, application-code: 58ms)
 GET /api/agent/sync-queue/pending 404 in 56ms (next.js: 9ms, application-code: 47ms)
 GET /api/agent/sync-queue/pending 404 in 65ms (next.js: 12ms, application-code: 53ms)
 POST /api/agent/heartbeat 404 in 50ms (next.js: 15ms, application-code: 35ms)
 GET /api/agent/sync-queue/pending 404 in 54ms (next.js: 13ms, application-code: 41ms)
 GET /api/agent/sync-queue/pending 404 in 58ms (next.js: 13ms, application-code: 46ms)
 POST /api/agent/heartbeat 404 in 56ms (next.js: 9ms, application-code: 47ms)
 GET /api/agent/sync-queue/pending 404 in 53ms (next.js: 12ms, application-code: 41ms)
 GET /api/agent/sync-queue/pending 404 in 42ms (next.js: 8ms, application-code: 34ms)
 POST /api/agent/heartbeat 404 in 79ms (next.js: 22ms, application-code: 57ms)
 GET /api/agent/sync-queue/pending 404 in 56ms (next.js: 13ms, application-code: 43ms)
 GET /api/agent/sync-queue/pending 404 in 70ms (next.js: 17ms, application-code: 53ms)
 POST /api/agent/heartbeat 404 in 57ms (next.js: 9ms, application-code: 48ms)
 GET /api/agent/sync-queue/pending 404 in 66ms (next.js: 12ms, application-code: 54ms)
 GET /api/agent/sync-queue/pending 404 in 70ms (next.js: 18ms, application-code: 52ms)
 POST /api/agent/heartbeat 404 in 57ms (next.js: 8ms, application-code: 49ms)
 GET /api/agent/sync-queue/pending 404 in 62ms (next.js: 9ms, application-code: 53ms)
 GET /api/agent/sync-queue/pending 404 in 62ms (next.js: 16ms, application-code: 46ms)
 POST /api/agent/heartbeat 404 in 70ms (next.js: 14ms, application-code: 55ms)
 GET /api/agent/sync-queue/pending 404 in 65ms (next.js: 11ms, application-code: 54ms)
 GET /api/agent/sync-queue/pending 404 in 51ms (next.js: 12ms, application-code: 38ms)
 POST /api/agent/heartbeat 404 in 64ms (next.js: 16ms, application-code: 47ms)
 GET /api/agent/sync-queue/pending 404 in 55ms (next.js: 12ms, application-code: 43ms)
 GET /api/agent/sync-queue/pending 404 in 91ms (next.js: 12ms, application-code: 79ms)
 POST /api/agent/heartbeat 404 in 58ms (next.js: 14ms, application-code: 44ms)
 GET /api/agent/sync-queue/pending 404 in 59ms (next.js: 12ms, application-code: 47ms)
 GET /api/agent/sync-queue/pending 404 in 57ms (next.js: 12ms, application-code: 45ms)
 POST /api/agent/heartbeat 404 in 62ms (next.js: 21ms, application-code: 41ms)
 GET /api/agent/sync-queue/pending 404 in 66ms (next.js: 11ms, application-code: 55ms)
 GET /api/agent/sync-queue/pending 404 in 57ms (next.js: 12ms, application-code: 45ms)
 POST /api/agent/heartbeat 404 in 79ms (next.js: 13ms, application-code: 66ms)
 GET /api/agent/sync-queue/pending 404 in 54ms (next.js: 12ms, application-code: 43ms)
 GET /api/agent/sync-queue/pending 404 in 69ms (next.js: 13ms, application-code: 57ms)
 POST /api/agent/heartbeat 404 in 54ms (next.js: 7ms, application-code: 47ms)
 GET /api/agent/sync-queue/pending 404 in 64ms (next.js: 12ms, application-code: 51ms)
 GET /api/agent/sync-queue/pending 404 in 65ms (next.js: 15ms, application-code: 50ms)
 POST /api/agent/heartbeat 404 in 54ms (next.js: 9ms, application-code: 46ms)
 GET /api/agent/sync-queue/pending 404 in 53ms (next.js: 13ms, application-code: 40ms)
 GET /api/agent/sync-queue/pending 404 in 74ms (next.js: 13ms, application-code: 61ms)
 POST /api/agent/heartbeat 404 in 60ms (next.js: 14ms, application-code: 46ms)
 GET /api/agent/sync-queue/pending 404 in 70ms (next.js: 12ms, application-code: 59ms)
 GET /api/agent/sync-queue/pending 404 in 54ms (next.js: 12ms, application-code: 43ms)
 POST /api/agent/heartbeat 404 in 62ms (next.js: 19ms, application-code: 43ms)
 GET /api/agent/sync-queue/pending 404 in 54ms (next.js: 12ms, application-code: 42ms)
 GET /api/agent/sync-queue/pending 404 in 55ms (next.js: 12ms, application-code: 42ms)
 POST /api/agent/heartbeat 404 in 48ms (next.js: 12ms, application-code: 36ms)
 GET /api/agent/sync-queue/pending 404 in 47ms (next.js: 12ms, application-code: 35ms)
 GET /api/agent/sync-queue/pending 404 in 49ms (next.js: 9ms, application-code: 40ms)
 POST /api/agent/heartbeat 404 in 71ms (next.js: 18ms, application-code: 53ms)
 GET /api/agent/sync-queue/pending 404 in 51ms (next.js: 11ms, application-code: 39ms)
 GET /api/agent/sync-queue/pending 404 in 92ms (next.js: 13ms, application-code: 79ms)
 POST /api/agent/heartbeat 404 in 63ms (next.js: 14ms, application-code: 49ms)
 GET /api/agent/sync-queue/pending 404 in 61ms (next.js: 15ms, application-code: 47ms)
 GET /api/agent/sync-queue/pending 404 in 53ms (next.js: 14ms, application-code: 40ms)
 POST /api/agent/heartbeat 404 in 55ms (next.js: 14ms, application-code: 41ms)
 GET /api/agent/sync-queue/pending 404 in 55ms (next.js: 13ms, application-code: 42ms)
 GET /api/agent/sync-queue/pending 404 in 58ms (next.js: 14ms, application-code: 44ms)
 POST /api/agent/heartbeat 404 in 53ms (next.js: 13ms, application-code: 40ms)
 GET /api/agent/sync-queue/pending 404 in 76ms (next.js: 20ms, application-code: 56ms)
 GET /api/agent/sync-queue/pending 404 in 51ms (next.js: 15ms, application-code: 37ms)
 POST /api/agent/heartbeat 404 in 64ms (next.js: 13ms, application-code: 51ms)
 GET /api/agent/sync-queue/pending 404 in 54ms (next.js: 12ms, application-code: 42ms)
 GET /api/agent/sync-queue/pending 404 in 60ms (next.js: 12ms, application-code: 49ms)
 POST /api/agent/heartbeat 404 in 77ms (next.js: 16ms, application-code: 60ms)
 GET /api/agent/sync-queue/pending 404 in 75ms (next.js: 17ms, application-code: 58ms)
 GET /api/agent/sync-queue/pending 404 in 74ms (next.js: 31ms, application-code: 44ms)
 POST /api/agent/heartbeat 404 in 62ms (next.js: 12ms, application-code: 50ms)
 GET /api/agent/sync-queue/pending 404 in 64ms (next.js: 11ms, application-code: 53ms)
 GET /api/agent/sync-queue/pending 404 in 51ms (next.js: 11ms, application-code: 39ms)
 POST /api/agent/heartbeat 404 in 63ms (next.js: 13ms, application-code: 50ms)
 GET /api/agent/sync-queue/pending 404 in 57ms (next.js: 12ms, application-code: 45ms)
 GET /api/agent/sync-queue/pending 404 in 65ms (next.js: 12ms, application-code: 52ms)
 POST /api/agent/heartbeat 404 in 52ms (next.js: 11ms, application-code: 41ms)
 GET /api/agent/sync-queue/pending 404 in 69ms (next.js: 11ms, application-code: 57ms)
 GET /api/agent/sync-queue/pending 404 in 76ms (next.js: 13ms, application-code: 62ms)
 POST /api/agent/heartbeat 404 in 62ms (next.js: 12ms, application-code: 50ms)
 GET /api/agent/sync-queue/pending 404 in 82ms (next.js: 15ms, application-code: 68ms)
 GET /api/agent/sync-queue/pending 404 in 65ms (next.js: 14ms, application-code: 52ms)
 POST /api/agent/heartbeat 404 in 96ms (next.js: 17ms, application-code: 79ms)
 GET /api/agent/sync-queue/pending 404 in 86ms (next.js: 19ms, application-code: 67ms)
 GET /api/agent/sync-queue/pending 404 in 79ms (next.js: 13ms, application-code: 66ms)
 POST /api/agent/heartbeat 404 in 79ms (next.js: 18ms, application-code: 61ms)
 GET /api/agent/sync-queue/pending 404 in 55ms (next.js: 18ms, application-code: 37ms)
 GET /api/agent/sync-queue/pending 404 in 67ms (next.js: 19ms, application-code: 48ms)
 POST /api/agent/heartbeat 404 in 77ms (next.js: 17ms, application-code: 61ms)
 GET /api/agent/sync-queue/pending 404 in 56ms (next.js: 18ms, application-code: 37ms)
 GET /api/agent/sync-queue/pending 404 in 59ms (next.js: 13ms, application-code: 46ms)
 POST /api/agent/heartbeat 404 in 64ms (next.js: 11ms, application-code: 53ms)
 GET /api/agent/sync-queue/pending 404 in 53ms (next.js: 13ms, application-code: 41ms)
 GET /api/agent/sync-queue/pending 404 in 58ms (next.js: 12ms, application-code: 46ms)
 POST /api/agent/heartbeat 404 in 70ms (next.js: 12ms, application-code: 58ms)
 GET /api/agent/sync-queue/pending 404 in 50ms (next.js: 13ms, application-code: 37ms)
 GET /api/agent/sync-queue/pending 404 in 68ms (next.js: 14ms, application-code: 53ms)
 POST /api/agent/heartbeat 404 in 83ms (next.js: 11ms, application-code: 72ms)
 GET /api/agent/sync-queue/pending 404 in 66ms (next.js: 16ms, application-code: 50ms)
 GET /api/agent/sync-queue/pending 404 in 49ms (next.js: 12ms, application-code: 37ms)
 POST /api/agent/heartbeat 404 in 60ms (next.js: 12ms, application-code: 48ms)
 GET /api/agent/sync-queue/pending 404 in 53ms (next.js: 10ms, application-code: 43ms)
 GET /api/agent/sync-queue/pending 404 in 64ms (next.js: 15ms, application-code: 50ms)
 POST /api/agent/heartbeat 404 in 69ms (next.js: 21ms, application-code: 47ms)
 GET /api/agent/sync-queue/pending 404 in 96ms (next.js: 17ms, application-code: 79ms)
 GET /api/agent/sync-queue/pending 404 in 50ms (next.js: 12ms, application-code: 38ms)
 POST /api/agent/heartbeat 404 in 74ms (next.js: 16ms, application-code: 58ms)
 GET /api/agent/sync-queue/pending 404 in 68ms (next.js: 13ms, application-code: 55ms)
 GET /api/agent/sync-queue/pending 404 in 65ms (next.js: 13ms, application-code: 52ms)
 POST /api/agent/heartbeat 404 in 71ms (next.js: 15ms, application-code: 56ms)
 GET /api/agent/sync-queue/pending 404 in 69ms (next.js: 12ms, application-code: 57ms)
 GET /api/agent/sync-queue/pending 404 in 48ms (next.js: 11ms, application-code: 37ms)
 POST /api/agent/heartbeat 404 in 83ms (next.js: 20ms, application-code: 63ms)
 GET /api/agent/sync-queue/pending 404 in 63ms (next.js: 11ms, application-code: 52ms)
 GET /api/agent/sync-queue/pending 404 in 61ms (next.js: 11ms, application-code: 51ms)
 POST /api/agent/heartbeat 404 in 54ms (next.js: 16ms, application-code: 38ms)
 GET /api/agent/sync-queue/pending 404 in 64ms (next.js: 13ms, application-code: 51ms)
 GET /api/agent/sync-queue/pending 404 in 58ms (next.js: 11ms, application-code: 47ms)
 POST /api/agent/heartbeat 404 in 50ms (next.js: 10ms, application-code: 41ms)
 GET /api/agent/sync-queue/pending 404 in 67ms (next.js: 16ms, application-code: 51ms)
 GET /api/agent/sync-queue/pending 404 in 50ms (next.js: 12ms, application-code: 37ms)
 POST /api/agent/heartbeat 404 in 87ms (next.js: 20ms, application-code: 66ms)
 GET /api/agent/sync-queue/pending 404 in 69ms (next.js: 11ms, application-code: 58ms)
 GET /api/agent/sync-queue/pending 404 in 56ms (next.js: 14ms, application-code: 43ms)
 POST /api/agent/heartbeat 404 in 58ms (next.js: 11ms, application-code: 47ms)
 GET /api/agent/sync-queue/pending 404 in 51ms (next.js: 11ms, application-code: 39ms)
 GET /api/agent/sync-queue/pending 404 in 50ms (next.js: 13ms, application-code: 37ms)
 POST /api/agent/heartbeat 404 in 66ms (next.js: 14ms, application-code: 52ms)
 GET /api/agent/sync-queue/pending 404 in 52ms (next.js: 14ms, application-code: 37ms)
 GET /api/agent/sync-queue/pending 404 in 64ms (next.js: 15ms, application-code: 49ms)
 POST /api/agent/heartbeat 404 in 71ms (next.js: 15ms, application-code: 57ms)
 GET /api/agent/sync-queue/pending 404 in 66ms (next.js: 15ms, application-code: 51ms)
 GET /api/agent/sync-queue/pending 404 in 69ms (next.js: 16ms, application-code: 53ms)
 POST /api/agent/heartbeat 404 in 57ms (next.js: 15ms, application-code: 42ms)
 GET /api/agent/sync-queue/pending 404 in 49ms (next.js: 13ms, application-code: 36ms)
 GET /api/agent/sync-queue/pending 404 in 49ms (next.js: 10ms, application-code: 38ms)
 POST /api/agent/heartbeat 404 in 55ms (next.js: 14ms, application-code: 40ms)
 GET /api/agent/sync-queue/pending 404 in 55ms (next.js: 12ms, application-code: 43ms)
 GET /api/agent/sync-queue/pending 404 in 83ms (next.js: 12ms, application-code: 71ms)
 POST /api/agent/heartbeat 404 in 80ms (next.js: 21ms, application-code: 59ms)
 GET /api/agent/sync-queue/pending 404 in 54ms (next.js: 15ms, application-code: 40ms)
 GET /api/agent/sync-queue/pending 404 in 72ms (next.js: 15ms, application-code: 57ms)
 POST /api/agent/heartbeat 404 in 43ms (next.js: 7ms, application-code: 36ms)
 GET /api/agent/sync-queue/pending 404 in 59ms (next.js: 13ms, application-code: 46ms)
 GET /api/agent/sync-queue/pending 404 in 58ms (next.js: 11ms, application-code: 47ms)
 POST /api/agent/heartbeat 404 in 52ms (next.js: 11ms, application-code: 40ms)
 GET /api/agent/sync-queue/pending 404 in 68ms (next.js: 12ms, application-code: 56ms)
 GET /api/agent/sync-queue/pending 404 in 80ms (next.js: 16ms, application-code: 64ms)
 POST /api/agent/heartbeat 404 in 44ms (next.js: 11ms, application-code: 34ms)
 GET /api/agent/sync-queue/pending 404 in 60ms (next.js: 16ms, application-code: 44ms)
 GET /api/agent/sync-queue/pending 404 in 53ms (next.js: 14ms, application-code: 39ms)
 POST /api/agent/heartbeat 404 in 69ms (next.js: 14ms, application-code: 54ms)
 GET /api/agent/sync-queue/pending 404 in 59ms (next.js: 13ms, application-code: 46ms)
 GET /api/agent/sync-queue/pending 404 in 56ms (next.js: 12ms, application-code: 44ms)
 POST /api/agent/heartbeat 404 in 84ms (next.js: 13ms, application-code: 71ms)
 GET /api/agent/sync-queue/pending 404 in 46ms (next.js: 11ms, application-code: 35ms)
 GET /api/agent/sync-queue/pending 404 in 82ms (next.js: 16ms, application-code: 66ms)
 POST /api/agent/heartbeat 404 in 67ms (next.js: 21ms, application-code: 46ms)
 GET /api/agent/sync-queue/pending 404 in 49ms (next.js: 15ms, application-code: 35ms)
 GET /api/agent/sync-queue/pending 404 in 58ms (next.js: 13ms, application-code: 46ms)
 POST /api/agent/heartbeat 404 in 72ms (next.js: 15ms, application-code: 57ms)
 GET /api/agent/sync-queue/pending 404 in 59ms (next.js: 12ms, application-code: 47ms)
 GET /api/agent/sync-queue/pending 404 in 71ms (next.js: 13ms, application-code: 59ms)
 POST /api/agent/heartbeat 404 in 65ms (next.js: 13ms, application-code: 52ms)
 GET /api/agent/sync-queue/pending 404 in 58ms (next.js: 11ms, application-code: 46ms)
 GET /api/agent/sync-queue/pending 404 in 67ms (next.js: 18ms, application-code: 49ms)
 POST /api/agent/heartbeat 404 in 68ms (next.js: 12ms, application-code: 56ms)
 GET /api/agent/sync-queue/pending 404 in 57ms (next.js: 12ms, application-code: 45ms)
 GET /api/agent/sync-queue/pending 404 in 93ms (next.js: 24ms, application-code: 69ms)
 POST /api/agent/heartbeat 404 in 64ms (next.js: 12ms, application-code: 52ms)
 GET /api/agent/sync-queue/pending 404 in 68ms (next.js: 16ms, application-code: 52ms)
 GET /api/agent/sync-queue/pending 404 in 90ms (next.js: 24ms, application-code: 65ms)
 POST /api/agent/heartbeat 404 in 73ms (next.js: 16ms, application-code: 57ms)
 GET /api/agent/sync-queue/pending 404 in 61ms (next.js: 13ms, application-code: 48ms)
 GET /api/agent/sync-queue/pending 404 in 84ms (next.js: 24ms, application-code: 60ms)
 POST /api/agent/heartbeat 404 in 61ms (next.js: 11ms, application-code: 49ms)
 GET /api/agent/sync-queue/pending 404 in 59ms (next.js: 13ms, application-code: 46ms)
 GET /api/agent/sync-queue/pending 404 in 86ms (next.js: 27ms, application-code: 59ms)
 POST /api/agent/heartbeat 404 in 66ms (next.js: 12ms, application-code: 54ms)
 GET /api/agent/sync-queue/pending 404 in 59ms (next.js: 12ms, application-code: 47ms)
 GET /api/agent/sync-queue/pending 404 in 90ms (next.js: 14ms, application-code: 76ms)
 POST /api/agent/heartbeat 404 in 61ms (next.js: 14ms, application-code: 47ms)
 GET /api/agent/sync-queue/pending 404 in 54ms (next.js: 13ms, application-code: 41ms)
 GET /api/agent/sync-queue/pending 404 in 69ms (next.js: 19ms, application-code: 51ms)
 POST /api/agent/heartbeat 404 in 60ms (next.js: 16ms, application-code: 44ms)
 GET /api/agent/sync-queue/pending 404 in 74ms (next.js: 19ms, application-code: 55ms)
 GET /api/agent/sync-queue/pending 404 in 70ms (next.js: 13ms, application-code: 57ms)
 POST /api/agent/heartbeat 404 in 48ms (next.js: 12ms, application-code: 36ms)
 GET /api/agent/sync-queue/pending 404 in 51ms (next.js: 12ms, application-code: 39ms)
 GET /api/agent/sync-queue/pending 404 in 61ms (next.js: 13ms, application-code: 49ms)
 POST /api/agent/heartbeat 404 in 74ms (next.js: 16ms, application-code: 58ms)
 GET /api/agent/sync-queue/pending 404 in 54ms (next.js: 13ms, application-code: 41ms)
 GET /api/agent/sync-queue/pending 404 in 65ms (next.js: 17ms, application-code: 48ms)
 POST /api/agent/heartbeat 404 in 68ms (next.js: 21ms, application-code: 46ms)
 GET /api/agent/sync-queue/pending 404 in 56ms (next.js: 13ms, application-code: 42ms)
 GET /api/agent/sync-queue/pending 404 in 78ms (next.js: 14ms, application-code: 63ms)
 POST /api/agent/heartbeat 404 in 52ms (next.js: 16ms, application-code: 36ms)
 GET /api/agent/sync-queue/pending 404 in 54ms (next.js: 12ms, application-code: 42ms)
 GET /api/agent/sync-queue/pending 404 in 54ms (next.js: 15ms, application-code: 39ms)
 POST /api/agent/heartbeat 404 in 54ms (next.js: 13ms, application-code: 41ms)
 GET /api/agent/sync-queue/pending 404 in 53ms (next.js: 13ms, application-code: 40ms)
 GET /api/agent/sync-queue/pending 404 in 47ms (next.js: 14ms, application-code: 33ms)
 POST /api/agent/heartbeat 404 in 57ms (next.js: 20ms, application-code: 37ms)
 GET /api/agent/sync-queue/pending 404 in 51ms (next.js: 12ms, application-code: 39ms)
 GET /api/agent/sync-queue/pending 404 in 48ms (next.js: 14ms, application-code: 34ms)
 POST /api/agent/heartbeat 404 in 45ms (next.js: 13ms, application-code: 32ms)
 GET /api/agent/sync-queue/pending 404 in 66ms (next.js: 12ms, application-code: 54ms)
 GET /api/agent/sync-queue/pending 404 in 71ms (next.js: 13ms, application-code: 58ms)
 POST /api/agent/heartbeat 404 in 51ms (next.js: 13ms, application-code: 38ms)
 GET /api/agent/sync-queue/pending 404 in 71ms (next.js: 14ms, application-code: 56ms)
 GET /api/agent/sync-queue/pending 404 in 80ms (next.js: 15ms, application-code: 65ms)
 POST /api/agent/heartbeat 404 in 75ms (next.js: 22ms, application-code: 53ms)
 GET /api/agent/sync-queue/pending 404 in 62ms (next.js: 10ms, application-code: 51ms)
 GET /api/agent/sync-queue/pending 404 in 67ms (next.js: 14ms, application-code: 54ms)
 POST /api/agent/heartbeat 404 in 81ms (next.js: 15ms, application-code: 66ms)
 GET /api/agent/sync-queue/pending 404 in 62ms (next.js: 15ms, application-code: 47ms)
 GET /api/agent/sync-queue/pending 404 in 60ms (next.js: 16ms, application-code: 44ms)
 POST /api/agent/heartbeat 404 in 68ms (next.js: 12ms, application-code: 56ms)
 GET /api/agent/sync-queue/pending 404 in 53ms (next.js: 10ms, application-code: 42ms)
 GET /api/agent/sync-queue/pending 404 in 81ms (next.js: 13ms, application-code: 68ms)
 POST /api/agent/heartbeat 404 in 78ms (next.js: 15ms, application-code: 63ms)
 GET /api/agent/sync-queue/pending 404 in 50ms (next.js: 10ms, application-code: 40ms)
 GET /api/agent/sync-queue/pending 404 in 53ms (next.js: 13ms, application-code: 41ms)
 POST /api/agent/heartbeat 404 in 62ms (next.js: 16ms, application-code: 46ms)
 GET /api/agent/sync-queue/pending 404 in 52ms (next.js: 13ms, application-code: 39ms)
 GET /api/agent/sync-queue/pending 404 in 62ms (next.js: 17ms, application-code: 46ms)
 POST /api/agent/heartbeat 404 in 57ms (next.js: 14ms, application-code: 43ms)
 GET /api/agent/sync-queue/pending 404 in 48ms (next.js: 11ms, application-code: 37ms)
 GET /api/agent/sync-queue/pending 404 in 55ms (next.js: 10ms, application-code: 45ms)
 POST /api/agent/heartbeat 404 in 56ms (next.js: 16ms, application-code: 40ms)
 GET /api/agent/sync-queue/pending 404 in 99ms (next.js: 14ms, application-code: 85ms)
 GET /api/agent/sync-queue/pending 404 in 57ms (next.js: 14ms, application-code: 43ms)
 POST /api/agent/heartbeat 404 in 45ms (next.js: 9ms, application-code: 37ms)
 GET /api/agent/sync-queue/pending 404 in 68ms (next.js: 13ms, application-code: 55ms)
 GET /api/agent/sync-queue/pending 404 in 68ms (next.js: 14ms, application-code: 55ms)
 POST /api/agent/heartbeat 404 in 57ms (next.js: 15ms, application-code: 42ms)
 GET /api/agent/sync-queue/pending 404 in 63ms (next.js: 11ms, application-code: 52ms)
 GET /api/agent/sync-queue/pending 404 in 67ms (next.js: 14ms, application-code: 53ms)
 POST /api/agent/heartbeat 404 in 54ms (next.js: 11ms, application-code: 43ms)
 GET /api/agent/sync-queue/pending 404 in 68ms (next.js: 11ms, application-code: 57ms)
 GET /api/agent/sync-queue/pending 404 in 55ms (next.js: 10ms, application-code: 45ms)
 POST /api/agent/heartbeat 404 in 58ms (next.js: 17ms, application-code: 41ms)
 GET /api/agent/sync-queue/pending 404 in 53ms (next.js: 12ms, application-code: 42ms)
 GET /api/agent/sync-queue/pending 404 in 71ms (next.js: 13ms, application-code: 58ms)
 POST /api/agent/heartbeat 404 in 50ms (next.js: 11ms, application-code: 39ms)
 GET /api/agent/sync-queue/pending 404 in 57ms (next.js: 12ms, application-code: 44ms)
 GET /api/agent/sync-queue/pending 404 in 57ms (next.js: 15ms, application-code: 41ms)
 POST /api/agent/heartbeat 404 in 58ms (next.js: 18ms, application-code: 40ms)
 GET /api/agent/sync-queue/pending 404 in 62ms (next.js: 11ms, application-code: 51ms)
 GET /api/agent/sync-queue/pending 404 in 62ms (next.js: 13ms, application-code: 48ms)
 POST /api/agent/heartbeat 404 in 77ms (next.js: 14ms, application-code: 63ms)
 GET /api/agent/sync-queue/pending 404 in 66ms (next.js: 13ms, application-code: 54ms)
 GET /api/agent/sync-queue/pending 404 in 58ms (next.js: 11ms, application-code: 47ms)
 POST /api/agent/heartbeat 404 in 61ms (next.js: 12ms, application-code: 49ms)
 GET /api/agent/sync-queue/pending 404 in 59ms (next.js: 11ms, application-code: 48ms)
 GET /api/agent/sync-queue/pending 404 in 65ms (next.js: 13ms, application-code: 52ms)
 POST /api/agent/heartbeat 404 in 69ms (next.js: 17ms, application-code: 53ms)
 GET /api/agent/sync-queue/pending 404 in 52ms (next.js: 12ms, application-code: 40ms)
 GET /api/agent/sync-queue/pending 404 in 73ms (next.js: 12ms, application-code: 61ms)
 POST /api/agent/heartbeat 404 in 56ms (next.js: 12ms, application-code: 44ms)
 GET /api/agent/sync-queue/pending 404 in 52ms (next.js: 11ms, application-code: 41ms)
 GET /api/agent/sync-queue/pending 404 in 71ms (next.js: 20ms, application-code: 51ms)
 POST /api/agent/heartbeat 404 in 56ms (next.js: 13ms, application-code: 43ms)
 GET /api/agent/sync-queue/pending 404 in 37ms (next.js: 6ms, application-code: 30ms)
 GET /api/agent/sync-queue/pending 404 in 56ms (next.js: 15ms, application-code: 41ms)
 POST /api/agent/heartbeat 404 in 72ms (next.js: 18ms, application-code: 55ms)
 GET /api/agent/sync-queue/pending 404 in 65ms (next.js: 14ms, application-code: 51ms)
 GET /api/agent/sync-queue/pending 404 in 56ms (next.js: 12ms, application-code: 45ms)
 POST /api/agent/heartbeat 404 in 57ms (next.js: 12ms, application-code: 44ms)
 GET /api/agent/sync-queue/pending 404 in 73ms (next.js: 12ms, application-code: 61ms)
 GET /api/agent/sync-queue/pending 404 in 66ms (next.js: 12ms, application-code: 54ms)
 POST /api/agent/heartbeat 404 in 65ms (next.js: 14ms, application-code: 51ms)
 GET /api/agent/sync-queue/pending 404 in 60ms (next.js: 11ms, application-code: 49ms)
 GET /api/agent/sync-queue/pending 404 in 90ms (next.js: 17ms, application-code: 73ms)
 POST /api/agent/heartbeat 404 in 80ms (next.js: 12ms, application-code: 68ms)
 GET /api/agent/sync-queue/pending 404 in 64ms (next.js: 13ms, application-code: 51ms)
 GET /api/agent/sync-queue/pending 404 in 58ms (next.js: 12ms, application-code: 46ms)
 POST /api/agent/heartbeat 404 in 56ms (next.js: 13ms, application-code: 42ms)
 GET /api/agent/sync-queue/pending 404 in 62ms (next.js: 10ms, application-code: 52ms)
 GET /api/agent/sync-queue/pending 404 in 69ms (next.js: 18ms, application-code: 51ms)
 POST /api/agent/heartbeat 404 in 48ms (next.js: 13ms, application-code: 35ms)
 GET /api/agent/sync-queue/pending 404 in 66ms (next.js: 13ms, application-code: 53ms)
 GET /api/agent/sync-queue/pending 404 in 67ms (next.js: 13ms, application-code: 54ms)
 POST /api/agent/heartbeat 404 in 52ms (next.js: 19ms, application-code: 34ms)
 GET /api/agent/sync-queue/pending 404 in 62ms (next.js: 13ms, application-code: 49ms)
 GET /api/agent/sync-queue/pending 404 in 49ms (next.js: 16ms, application-code: 33ms)
 POST /api/agent/heartbeat 404 in 51ms (next.js: 11ms, application-code: 40ms)
 GET /api/agent/sync-queue/pending 404 in 69ms (next.js: 14ms, application-code: 55ms)
 GET /api/agent/sync-queue/pending 404 in 59ms (next.js: 12ms, application-code: 48ms)
 POST /api/agent/heartbeat 404 in 56ms (next.js: 12ms, application-code: 44ms)
 GET /api/agent/sync-queue/pending 404 in 49ms (next.js: 11ms, application-code: 37ms)
 GET /api/agent/sync-queue/pending 404 in 64ms (next.js: 15ms, application-code: 49ms)
 POST /api/agent/heartbeat 404 in 72ms (next.js: 15ms, application-code: 57ms)
 GET /api/agent/sync-queue/pending 404 in 71ms (next.js: 11ms, application-code: 60ms)
 GET /api/agent/sync-queue/pending 404 in 61ms (next.js: 13ms, application-code: 49ms)
 POST /api/agent/heartbeat 404 in 66ms (next.js: 13ms, application-code: 53ms)
 GET /api/agent/sync-queue/pending 404 in 53ms (next.js: 12ms, application-code: 41ms)
 GET /api/agent/sync-queue/pending 404 in 58ms (next.js: 13ms, application-code: 45ms)
 POST /api/agent/heartbeat 404 in 57ms (next.js: 12ms, application-code: 45ms)
 GET /api/agent/sync-queue/pending 404 in 52ms (next.js: 12ms, application-code: 40ms)
 GET /api/agent/sync-queue/pending 404 in 59ms (next.js: 13ms, application-code: 47ms)
 POST /api/agent/heartbeat 404 in 75ms (next.js: 19ms, application-code: 56ms)
 GET /api/agent/sync-queue/pending 404 in 50ms (next.js: 11ms, application-code: 39ms)
 GET /api/agent/sync-queue/pending 404 in 61ms (next.js: 17ms, application-code: 43ms)
 POST /api/agent/heartbeat 404 in 52ms (next.js: 12ms, application-code: 40ms)
 GET /api/agent/sync-queue/pending 404 in 50ms (next.js: 11ms, application-code: 39ms)
 GET /api/agent/sync-queue/pending 404 in 58ms (next.js: 11ms, application-code: 47ms)
 POST /api/agent/heartbeat 404 in 71ms (next.js: 13ms, application-code: 58ms)
 GET /api/agent/sync-queue/pending 404 in 70ms (next.js: 8ms, application-code: 61ms)
 GET /api/agent/sync-queue/pending 404 in 64ms (next.js: 13ms, application-code: 51ms)
 POST /api/agent/heartbeat 404 in 57ms (next.js: 14ms, application-code: 43ms)
 GET /api/agent/sync-queue/pending 404 in 58ms (next.js: 11ms, application-code: 48ms)
 GET /api/agent/sync-queue/pending 404 in 49ms (next.js: 11ms, application-code: 38ms)
 POST /api/agent/heartbeat 404 in 71ms (next.js: 12ms, application-code: 59ms)
 GET /api/agent/sync-queue/pending 404 in 50ms (next.js: 12ms, application-code: 38ms)
 GET /api/agent/sync-queue/pending 404 in 64ms (next.js: 13ms, application-code: 50ms)
 POST /api/agent/heartbeat 404 in 62ms (next.js: 13ms, application-code: 49ms)
 GET /api/agent/sync-queue/pending 404 in 53ms (next.js: 16ms, application-code: 38ms)
 GET /api/agent/sync-queue/pending 404 in 57ms (next.js: 14ms, application-code: 43ms)
 POST /api/agent/heartbeat 404 in 90ms (next.js: 23ms, application-code: 67ms)
 GET /api/agent/sync-queue/pending 404 in 71ms (next.js: 13ms, application-code: 58ms)
 GET /api/agent/sync-queue/pending 404 in 54ms (next.js: 10ms, application-code: 44ms)
 POST /api/agent/heartbeat 404 in 55ms (next.js: 13ms, application-code: 43ms)
 GET /api/agent/sync-queue/pending 404 in 59ms (next.js: 15ms, application-code: 45ms)
 GET /api/agent/sync-queue/pending 404 in 64ms (next.js: 13ms, application-code: 51ms)
 POST /api/agent/heartbeat 404 in 61ms (next.js: 17ms, application-code: 43ms)
 GET /api/agent/sync-queue/pending 404 in 50ms (next.js: 11ms, application-code: 39ms)
 GET /api/agent/sync-queue/pending 404 in 64ms (next.js: 12ms, application-code: 53ms)
 POST /api/agent/heartbeat 404 in 64ms (next.js: 13ms, application-code: 51ms)
 GET /api/agent/sync-queue/pending 404 in 50ms (next.js: 12ms, application-code: 39ms)
 GET /api/agent/sync-queue/pending 404 in 59ms (next.js: 11ms, application-code: 48ms)
 POST /api/agent/heartbeat 404 in 62ms (next.js: 14ms, application-code: 47ms)
 GET /api/agent/sync-queue/pending 404 in 68ms (next.js: 12ms, application-code: 55ms)
 GET /api/agent/sync-queue/pending 404 in 63ms (next.js: 17ms, application-code: 47ms)
 POST /api/agent/heartbeat 404 in 56ms (next.js: 16ms, application-code: 41ms)
 GET /api/agent/sync-queue/pending 404 in 74ms (next.js: 16ms, application-code: 58ms)
 GET /api/agent/sync-queue/pending 404 in 41ms (next.js: 7ms, application-code: 34ms)
 POST /api/agent/heartbeat 404 in 63ms (next.js: 16ms, application-code: 47ms)
 GET /api/agent/sync-queue/pending 404 in 54ms (next.js: 12ms, application-code: 42ms)
 GET /api/agent/sync-queue/pending 404 in 58ms (next.js: 14ms, application-code: 45ms)
 POST /api/agent/heartbeat 404 in 68ms (next.js: 12ms, application-code: 57ms)
 GET /api/agent/sync-queue/pending 404 in 72ms (next.js: 14ms, application-code: 58ms)
 GET /api/agent/sync-queue/pending 404 in 39ms (next.js: 7ms, application-code: 33ms)
 POST /api/agent/heartbeat 404 in 73ms (next.js: 12ms, application-code: 61ms)
 GET /api/agent/sync-queue/pending 404 in 50ms (next.js: 13ms, application-code: 38ms)
 GET /api/agent/sync-queue/pending 404 in 58ms (next.js: 12ms, application-code: 46ms)
 POST /api/agent/heartbeat 404 in 64ms (next.js: 13ms, application-code: 51ms)
 GET /api/agent/sync-queue/pending 404 in 65ms (next.js: 13ms, application-code: 52ms)
 GET /api/agent/sync-queue/pending 404 in 55ms (next.js: 11ms, application-code: 44ms)
 POST /api/agent/heartbeat 404 in 72ms (next.js: 12ms, application-code: 60ms)
 GET /api/agent/sync-queue/pending 404 in 50ms (next.js: 13ms, application-code: 37ms)
 GET /api/agent/sync-queue/pending 404 in 52ms (next.js: 11ms, application-code: 41ms)
 POST /api/agent/heartbeat 404 in 55ms (next.js: 16ms, application-code: 40ms)
 GET /api/agent/sync-queue/pending 404 in 50ms (next.js: 13ms, application-code: 37ms)
 GET /api/agent/sync-queue/pending 404 in 56ms (next.js: 15ms, application-code: 41ms)
 POST /api/agent/heartbeat 404 in 69ms (next.js: 23ms, application-code: 46ms)
 GET /api/agent/sync-queue/pending 404 in 67ms (next.js: 14ms, application-code: 53ms)
 GET /api/agent/sync-queue/pending 404 in 72ms (next.js: 23ms, application-code: 49ms)
 POST /api/agent/heartbeat 404 in 50ms (next.js: 11ms, application-code: 39ms)
 GET /api/agent/sync-queue/pending 404 in 46ms (next.js: 13ms, application-code: 33ms)
 GET /api/agent/sync-queue/pending 404 in 67ms (next.js: 11ms, application-code: 56ms)
 POST /api/agent/heartbeat 404 in 52ms (next.js: 11ms, application-code: 41ms)
 GET /api/agent/sync-queue/pending 404 in 57ms (next.js: 11ms, application-code: 45ms)
 GET /api/agent/sync-queue/pending 404 in 76ms (next.js: 26ms, application-code: 50ms)
 POST /api/agent/heartbeat 404 in 51ms (next.js: 12ms, application-code: 39ms)
 GET /api/agent/sync-queue/pending 404 in 56ms (next.js: 12ms, application-code: 44ms)
 GET /api/agent/sync-queue/pending 404 in 95ms (next.js: 15ms, application-code: 80ms)
 POST /api/agent/heartbeat 404 in 46ms (next.js: 11ms, application-code: 35ms)
 GET /api/agent/sync-queue/pending 404 in 73ms (next.js: 15ms, application-code: 57ms)
 GET /api/agent/sync-queue/pending 404 in 58ms (next.js: 9ms, application-code: 49ms)
 POST /api/agent/heartbeat 404 in 51ms (next.js: 12ms, application-code: 39ms)
 GET /api/agent/sync-queue/pending 404 in 57ms (next.js: 15ms, application-code: 41ms)
 GET /api/agent/sync-queue/pending 404 in 57ms (next.js: 18ms, application-code: 39ms)
 POST /api/agent/heartbeat 404 in 75ms (next.js: 18ms, application-code: 57ms)
 GET /api/agent/sync-queue/pending 404 in 50ms (next.js: 12ms, application-code: 37ms)
 GET /api/agent/sync-queue/pending 404 in 67ms (next.js: 9ms, application-code: 58ms)
 POST /api/agent/heartbeat 404 in 51ms (next.js: 16ms, application-code: 35ms)
 GET /api/agent/sync-queue/pending 404 in 51ms (next.js: 14ms, application-code: 37ms)
 GET /api/agent/sync-queue/pending 404 in 61ms (next.js: 12ms, application-code: 49ms)
 POST /api/agent/heartbeat 404 in 59ms (next.js: 13ms, application-code: 46ms)
 GET /api/agent/sync-queue/pending 404 in 72ms (next.js: 13ms, application-code: 59ms)
 GET /api/agent/sync-queue/pending 404 in 56ms (next.js: 14ms, application-code: 42ms)
 POST /api/agent/heartbeat 404 in 53ms (next.js: 11ms, application-code: 41ms)
 GET /api/agent/sync-queue/pending 404 in 68ms (next.js: 14ms, application-code: 54ms)
 GET /api/agent/sync-queue/pending 404 in 42ms (next.js: 8ms, application-code: 34ms)
 POST /api/agent/heartbeat 404 in 47ms (next.js: 11ms, application-code: 36ms)
 GET /api/agent/sync-queue/pending 404 in 63ms (next.js: 13ms, application-code: 50ms)
 GET /api/agent/sync-queue/pending 404 in 47ms (next.js: 12ms, application-code: 35ms)
 POST /api/agent/heartbeat 404 in 50ms (next.js: 12ms, application-code: 38ms)
 GET /api/agent/sync-queue/pending 404 in 54ms (next.js: 12ms, application-code: 42ms)
 GET /api/agent/sync-queue/pending 404 in 55ms (next.js: 12ms, application-code: 43ms)
 POST /api/agent/heartbeat 404 in 81ms (next.js: 28ms, application-code: 53ms)
 GET /api/agent/sync-queue/pending 404 in 54ms (next.js: 12ms, application-code: 42ms)
 GET /api/agent/sync-queue/pending 404 in 49ms (next.js: 12ms, application-code: 37ms)
 POST /api/agent/heartbeat 404 in 64ms (next.js: 14ms, application-code: 49ms)
 GET /api/agent/sync-queue/pending 404 in 52ms (next.js: 12ms, application-code: 40ms)
 GET /api/agent/sync-queue/pending 404 in 55ms (next.js: 12ms, application-code: 43ms)
 POST /api/agent/heartbeat 404 in 65ms (next.js: 14ms, application-code: 51ms)
 GET /api/agent/sync-queue/pending 404 in 57ms (next.js: 12ms, application-code: 46ms)
 GET /api/agent/sync-queue/pending 404 in 55ms (next.js: 19ms, application-code: 36ms)
 POST /api/agent/heartbeat 404 in 105ms (next.js: 13ms, application-code: 91ms)
 GET /api/agent/sync-queue/pending 404 in 53ms (next.js: 12ms, application-code: 41ms)
 GET /api/agent/sync-queue/pending 404 in 51ms (next.js: 12ms, application-code: 38ms)
 POST /api/agent/heartbeat 404 in 56ms (next.js: 11ms, application-code: 45ms)
 GET /api/agent/sync-queue/pending 404 in 53ms (next.js: 11ms, application-code: 42ms)
 GET /api/agent/sync-queue/pending 404 in 48ms (next.js: 12ms, application-code: 36ms)
 POST /api/agent/heartbeat 404 in 66ms (next.js: 15ms, application-code: 52ms)
 GET /api/agent/sync-queue/pending 404 in 56ms (next.js: 13ms, application-code: 43ms)
 GET /api/agent/sync-queue/pending 404 in 52ms (next.js: 13ms, application-code: 38ms)
 POST /api/agent/heartbeat 404 in 52ms (next.js: 7ms, application-code: 45ms)
 GET /api/agent/sync-queue/pending 404 in 60ms (next.js: 12ms, application-code: 48ms)
 GET /api/agent/sync-queue/pending 404 in 91ms (next.js: 15ms, application-code: 76ms)
 POST /api/agent/heartbeat 404 in 92ms (next.js: 14ms, application-code: 78ms)
 GET /api/agent/sync-queue/pending 404 in 59ms (next.js: 12ms, application-code: 47ms)
 GET /api/agent/sync-queue/pending 404 in 50ms (next.js: 14ms, application-code: 36ms)
 POST /api/agent/heartbeat 404 in 66ms (next.js: 12ms, application-code: 54ms)
 GET /api/agent/sync-queue/pending 404 in 64ms (next.js: 17ms, application-code: 47ms)
 GET /api/agent/sync-queue/pending 404 in 71ms (next.js: 12ms, application-code: 59ms)
 POST /api/agent/heartbeat 404 in 53ms (next.js: 16ms, application-code: 37ms)
 GET /api/agent/sync-queue/pending 404 in 57ms (next.js: 14ms, application-code: 43ms)
 GET /api/agent/sync-queue/pending 404 in 58ms (next.js: 11ms, application-code: 46ms)
 POST /api/agent/heartbeat 404 in 70ms (next.js: 14ms, application-code: 56ms)
 GET /api/agent/sync-queue/pending 404 in 63ms (next.js: 12ms, application-code: 51ms)
 GET /api/agent/sync-queue/pending 404 in 67ms (next.js: 18ms, application-code: 49ms)
 POST /api/agent/heartbeat 404 in 56ms (next.js: 16ms, application-code: 40ms)
 GET /api/agent/sync-queue/pending 404 in 69ms (next.js: 12ms, application-code: 57ms)
 GET /api/agent/sync-queue/pending 404 in 60ms (next.js: 12ms, application-code: 48ms)
 POST /api/agent/heartbeat 404 in 81ms (next.js: 19ms, application-code: 62ms)
 GET /api/agent/sync-queue/pending 404 in 62ms (next.js: 11ms, application-code: 51ms)
 GET /api/agent/sync-queue/pending 404 in 64ms (next.js: 12ms, application-code: 52ms)
 POST /api/agent/heartbeat 404 in 66ms (next.js: 15ms, application-code: 52ms)
 GET /api/agent/sync-queue/pending 404 in 79ms (next.js: 16ms, application-code: 63ms)
 GET /api/agent/sync-queue/pending 404 in 75ms (next.js: 14ms, application-code: 61ms)
 POST /api/agent/heartbeat 404 in 53ms (next.js: 15ms, application-code: 38ms)
 GET /api/agent/sync-queue/pending 404 in 73ms (next.js: 14ms, application-code: 59ms)
 GET /api/agent/sync-queue/pending 404 in 65ms (next.js: 16ms, application-code: 49ms)
 POST /api/agent/heartbeat 404 in 67ms (next.js: 13ms, application-code: 54ms)
 GET /api/agent/sync-queue/pending 404 in 71ms (next.js: 13ms, application-code: 58ms)
 GET /api/agent/sync-queue/pending 404 in 74ms (next.js: 12ms, application-code: 62ms)
 POST /api/agent/heartbeat 404 in 61ms (next.js: 11ms, application-code: 50ms)
 GET /api/agent/sync-queue/pending 404 in 49ms (next.js: 10ms, application-code: 39ms)
 GET /api/agent/sync-queue/pending 404 in 60ms (next.js: 12ms, application-code: 48ms)
 POST /api/agent/heartbeat 404 in 68ms (next.js: 16ms, application-code: 52ms)
 GET /api/agent/sync-queue/pending 404 in 50ms (next.js: 10ms, application-code: 40ms)
 GET /api/agent/sync-queue/pending 404 in 61ms (next.js: 13ms, application-code: 49ms)
 POST /api/agent/heartbeat 404 in 68ms (next.js: 26ms, application-code: 42ms)
 GET /api/agent/sync-queue/pending 404 in 75ms (next.js: 13ms, application-code: 62ms)
 GET /api/agent/sync-queue/pending 404 in 88ms (next.js: 11ms, application-code: 78ms)
 POST /api/agent/heartbeat 404 in 72ms (next.js: 16ms, application-code: 56ms)
 GET /api/agent/sync-queue/pending 404 in 58ms (next.js: 12ms, application-code: 46ms)
 GET /api/agent/sync-queue/pending 404 in 52ms (next.js: 12ms, application-code: 40ms)
 POST /api/agent/heartbeat 404 in 49ms (next.js: 11ms, application-code: 38ms)
 GET /api/agent/sync-queue/pending 404 in 51ms (next.js: 12ms, application-code: 39ms)
 GET /api/agent/sync-queue/pending 404 in 51ms (next.js: 12ms, application-code: 39ms)
 POST /api/agent/heartbeat 404 in 69ms (next.js: 12ms, application-code: 57ms)
 GET /api/agent/sync-queue/pending 404 in 66ms (next.js: 14ms, application-code: 52ms)
 GET /api/agent/sync-queue/pending 404 in 50ms (next.js: 12ms, application-code: 38ms)
 POST /api/agent/heartbeat 404 in 54ms (next.js: 12ms, application-code: 42ms)
 GET /api/agent/sync-queue/pending 404 in 52ms (next.js: 12ms, application-code: 40ms)
 GET /api/agent/sync-queue/pending 404 in 72ms (next.js: 11ms, application-code: 60ms)
 POST /api/agent/heartbeat 404 in 49ms (next.js: 10ms, application-code: 39ms)
 GET /api/agent/sync-queue/pending 404 in 72ms (next.js: 13ms, application-code: 59ms)
 GET /api/agent/sync-queue/pending 404 in 50ms (next.js: 8ms, application-code: 42ms)
 POST /api/agent/heartbeat 404 in 76ms (next.js: 19ms, application-code: 57ms)
 GET /api/agent/sync-queue/pending 404 in 69ms (next.js: 19ms, application-code: 50ms)
 GET /api/agent/sync-queue/pending 404 in 96ms (next.js: 15ms, application-code: 81ms)
 POST /api/agent/heartbeat 404 in 55ms (next.js: 11ms, application-code: 43ms)
 GET /api/agent/sync-queue/pending 404 in 61ms (next.js: 12ms, application-code: 48ms)
 GET /api/agent/sync-queue/pending 404 in 53ms (next.js: 12ms, application-code: 40ms)
 POST /api/agent/heartbeat 404 in 54ms (next.js: 12ms, application-code: 42ms)
 GET /api/agent/sync-queue/pending 404 in 79ms (next.js: 11ms, application-code: 68ms)
 GET /api/agent/sync-queue/pending 404 in 60ms (next.js: 12ms, application-code: 47ms)
 POST /api/agent/heartbeat 404 in 66ms (next.js: 12ms, application-code: 54ms)
 GET /api/agent/sync-queue/pending 404 in 59ms (next.js: 12ms, application-code: 47ms)
 GET /api/agent/sync-queue/pending 404 in 61ms (next.js: 13ms, application-code: 48ms)
 POST /api/agent/heartbeat 404 in 65ms (next.js: 15ms, application-code: 50ms)
 GET /api/agent/sync-queue/pending 404 in 58ms (next.js: 12ms, application-code: 46ms)
 GET /api/agent/sync-queue/pending 404 in 55ms (next.js: 12ms, application-code: 44ms)
 POST /api/agent/heartbeat 404 in 84ms (next.js: 11ms, application-code: 73ms)
 GET /api/agent/sync-queue/pending 404 in 53ms (next.js: 10ms, application-code: 43ms)
 GET /api/agent/sync-queue/pending 404 in 60ms (next.js: 13ms, application-code: 47ms)
 POST /api/agent/heartbeat 404 in 64ms (next.js: 17ms, application-code: 47ms)
 GET /api/agent/sync-queue/pending 404 in 65ms (next.js: 13ms, application-code: 52ms)
 GET /api/agent/sync-queue/pending 404 in 49ms (next.js: 12ms, application-code: 37ms)
 POST /api/agent/heartbeat 404 in 57ms (next.js: 13ms, application-code: 44ms)
 GET /api/agent/sync-queue/pending 404 in 63ms (next.js: 9ms, application-code: 54ms)
 GET /api/agent/sync-queue/pending 404 in 63ms (next.js: 15ms, application-code: 49ms)
 POST /api/agent/heartbeat 404 in 60ms (next.js: 13ms, application-code: 47ms)
 GET /api/agent/sync-queue/pending 404 in 64ms (next.js: 12ms, application-code: 53ms)
 GET /api/agent/sync-queue/pending 404 in 67ms (next.js: 12ms, application-code: 55ms)
 POST /api/agent/heartbeat 404 in 50ms (next.js: 14ms, application-code: 36ms)
 GET /api/agent/sync-queue/pending 404 in 67ms (next.js: 12ms, application-code: 55ms)
 GET /api/agent/sync-queue/pending 404 in 87ms (next.js: 13ms, application-code: 74ms)
 POST /api/agent/heartbeat 404 in 73ms (next.js: 15ms, application-code: 57ms)
 GET /api/agent/sync-queue/pending 404 in 59ms (next.js: 13ms, application-code: 46ms)
 GET /api/agent/sync-queue/pending 404 in 81ms (next.js: 17ms, application-code: 64ms)
 POST /api/agent/heartbeat 404 in 68ms (next.js: 14ms, application-code: 54ms)
 GET /api/agent/sync-queue/pending 404 in 66ms (next.js: 15ms, application-code: 51ms)
 GET /api/agent/sync-queue/pending 404 in 68ms (next.js: 17ms, application-code: 51ms)
 POST /api/agent/heartbeat 404 in 71ms (next.js: 20ms, application-code: 51ms)
 GET /api/agent/sync-queue/pending 404 in 75ms (next.js: 13ms, application-code: 62ms)
 GET /api/agent/sync-queue/pending 404 in 55ms (next.js: 13ms, application-code: 42ms)
 POST /api/agent/heartbeat 404 in 82ms (next.js: 17ms, application-code: 64ms)
 GET /api/agent/sync-queue/pending 404 in 59ms (next.js: 11ms, application-code: 47ms)
 GET /api/agent/sync-queue/pending 404 in 46ms (next.js: 11ms, application-code: 35ms)
 POST /api/agent/heartbeat 404 in 59ms (next.js: 11ms, application-code: 48ms)
 GET /api/agent/sync-queue/pending 404 in 74ms (next.js: 17ms, application-code: 57ms)
 GET /api/agent/sync-queue/pending 404 in 69ms (next.js: 12ms, application-code: 57ms)
 POST /api/agent/heartbeat 404 in 65ms (next.js: 14ms, application-code: 51ms)
 GET /api/agent/sync-queue/pending 404 in 57ms (next.js: 12ms, application-code: 45ms)
 GET /api/agent/sync-queue/pending 404 in 72ms (next.js: 15ms, application-code: 57ms)
 POST /api/agent/heartbeat 404 in 55ms (next.js: 14ms, application-code: 41ms)
 GET /api/agent/sync-queue/pending 404 in 47ms (next.js: 11ms, application-code: 36ms)
 GET /api/agent/sync-queue/pending 404 in 75ms (next.js: 14ms, application-code: 61ms)
 POST /api/agent/heartbeat 404 in 84ms (next.js: 12ms, application-code: 72ms)
 GET /api/agent/sync-queue/pending 404 in 50ms (next.js: 11ms, application-code: 39ms)
 GET /api/agent/sync-queue/pending 404 in 61ms (next.js: 14ms, application-code: 47ms)
 POST /api/agent/heartbeat 404 in 65ms (next.js: 21ms, application-code: 44ms)
 GET /api/agent/sync-queue/pending 404 in 63ms (next.js: 14ms, application-code: 50ms)
 GET /api/agent/sync-queue/pending 404 in 61ms (next.js: 13ms, application-code: 49ms)
 POST /api/agent/heartbeat 404 in 58ms (next.js: 13ms, application-code: 45ms)
 GET /api/agent/sync-queue/pending 404 in 84ms (next.js: 12ms, application-code: 71ms)
 GET /api/agent/sync-queue/pending 404 in 69ms (next.js: 14ms, application-code: 55ms)
 POST /api/agent/heartbeat 404 in 62ms (next.js: 15ms, application-code: 46ms)
 GET /api/agent/sync-queue/pending 404 in 57ms (next.js: 12ms, application-code: 45ms)
 GET /api/agent/sync-queue/pending 404 in 62ms (next.js: 13ms, application-code: 50ms)
 POST /api/agent/heartbeat 404 in 53ms (next.js: 14ms, application-code: 39ms)
 GET /api/agent/sync-queue/pending 404 in 68ms (next.js: 14ms, application-code: 54ms)
 GET /api/agent/sync-queue/pending 404 in 58ms (next.js: 17ms, application-code: 41ms)
 POST /api/agent/heartbeat 404 in 73ms (next.js: 13ms, application-code: 59ms)
 GET /api/agent/sync-queue/pending 404 in 63ms (next.js: 12ms, application-code: 51ms)
 GET /api/agent/sync-queue/pending 404 in 82ms (next.js: 14ms, application-code: 68ms)
 POST /api/agent/heartbeat 404 in 83ms (next.js: 13ms, application-code: 70ms)
 GET /api/agent/sync-queue/pending 404 in 58ms (next.js: 12ms, application-code: 46ms)
 GET /api/agent/sync-queue/pending 404 in 55ms (next.js: 13ms, application-code: 42ms)
 POST /api/agent/heartbeat 404 in 60ms (next.js: 17ms, application-code: 42ms)
 GET /api/agent/sync-queue/pending 404 in 62ms (next.js: 15ms, application-code: 47ms)
 GET /api/agent/sync-queue/pending 404 in 57ms (next.js: 12ms, application-code: 45ms)
 POST /api/agent/heartbeat 404 in 64ms (next.js: 15ms, application-code: 49ms)
 GET /api/agent/sync-queue/pending 404 in 55ms (next.js: 13ms, application-code: 43ms)
 GET /api/agent/sync-queue/pending 404 in 62ms (next.js: 14ms, application-code: 49ms)
 POST /api/agent/heartbeat 404 in 58ms (next.js: 13ms, application-code: 45ms)
 GET /api/agent/sync-queue/pending 404 in 57ms (next.js: 11ms, application-code: 46ms)
 GET /api/agent/sync-queue/pending 404 in 58ms (next.js: 13ms, application-code: 45ms)
 POST /api/agent/heartbeat 404 in 56ms (next.js: 13ms, application-code: 43ms)
 GET /api/agent/sync-queue/pending 404 in 62ms (next.js: 13ms, application-code: 48ms)
 GET /api/agent/sync-queue/pending 404 in 55ms (next.js: 15ms, application-code: 40ms)
 POST /api/agent/heartbeat 404 in 69ms (next.js: 12ms, application-code: 57ms)
 GET /api/agent/sync-queue/pending 404 in 67ms (next.js: 15ms, application-code: 52ms)
 GET /api/agent/sync-queue/pending 404 in 66ms (next.js: 13ms, application-code: 53ms)
 POST /api/agent/heartbeat 404 in 64ms (next.js: 12ms, application-code: 52ms)
 GET /api/agent/sync-queue/pending 404 in 59ms (next.js: 14ms, application-code: 45ms)
 GET /api/agent/sync-queue/pending 404 in 45ms (next.js: 9ms, application-code: 36ms)
 POST /api/agent/heartbeat 404 in 69ms (next.js: 18ms, application-code: 51ms)
 GET /api/agent/sync-queue/pending 404 in 55ms (next.js: 14ms, application-code: 42ms)
 GET /api/agent/sync-queue/pending 404 in 63ms (next.js: 16ms, application-code: 46ms)
 POST /api/agent/heartbeat 404 in 62ms (next.js: 11ms, application-code: 51ms)
 GET /api/agent/sync-queue/pending 404 in 52ms (next.js: 12ms, application-code: 40ms)
 GET /api/agent/sync-queue/pending 404 in 59ms (next.js: 11ms, application-code: 47ms)
 POST /api/agent/heartbeat 404 in 67ms (next.js: 11ms, application-code: 56ms)
 GET /api/agent/sync-queue/pending 404 in 53ms (next.js: 13ms, application-code: 40ms)
 GET /api/agent/sync-queue/pending 404 in 51ms (next.js: 11ms, application-code: 40ms)
 POST /api/agent/heartbeat 404 in 68ms (next.js: 14ms, application-code: 54ms)
 GET /api/agent/sync-queue/pending 404 in 56ms (next.js: 13ms, application-code: 42ms)
 GET /api/agent/sync-queue/pending 404 in 61ms (next.js: 14ms, application-code: 47ms)
 POST /api/agent/heartbeat 404 in 46ms (next.js: 12ms, application-code: 34ms)
 GET /api/agent/sync-queue/pending 404 in 59ms (next.js: 13ms, application-code: 46ms)
 GET /api/agent/sync-queue/pending 404 in 67ms (next.js: 12ms, application-code: 55ms)
 POST /api/agent/heartbeat 404 in 83ms (next.js: 15ms, application-code: 68ms)
 GET /api/agent/sync-queue/pending 404 in 83ms (next.js: 12ms, application-code: 71ms)
 GET /api/agent/sync-queue/pending 404 in 66ms (next.js: 13ms, application-code: 53ms)
 POST /api/agent/heartbeat 404 in 76ms (next.js: 20ms, application-code: 56ms)
 GET /api/agent/sync-queue/pending 404 in 58ms (next.js: 13ms, application-code: 45ms)
 GET /api/agent/sync-queue/pending 404 in 52ms (next.js: 12ms, application-code: 40ms)
 POST /api/agent/heartbeat 404 in 59ms (next.js: 12ms, application-code: 47ms)
 GET /api/agent/sync-queue/pending 404 in 64ms (next.js: 16ms, application-code: 47ms)
 GET /api/agent/sync-queue/pending 404 in 53ms (next.js: 13ms, application-code: 40ms)
 POST /api/agent/heartbeat 404 in 47ms (next.js: 14ms, application-code: 34ms)
 GET /api/agent/sync-queue/pending 404 in 57ms (next.js: 12ms, application-code: 45ms)
 GET /api/agent/sync-queue/pending 404 in 62ms (next.js: 15ms, application-code: 47ms)
 POST /api/agent/heartbeat 404 in 60ms (next.js: 15ms, application-code: 45ms)
 GET /api/agent/sync-queue/pending 404 in 71ms (next.js: 15ms, application-code: 57ms)
 GET /api/agent/sync-queue/pending 404 in 71ms (next.js: 13ms, application-code: 58ms)
 POST /api/agent/heartbeat 404 in 61ms (next.js: 11ms, application-code: 49ms)
 GET /api/agent/sync-queue/pending 404 in 54ms (next.js: 15ms, application-code: 39ms)
 GET /api/agent/sync-queue/pending 404 in 85ms (next.js: 14ms, application-code: 70ms)
 POST /api/agent/heartbeat 404 in 53ms (next.js: 13ms, application-code: 40ms)
 GET /api/agent/sync-queue/pending 404 in 41ms (next.js: 10ms, application-code: 31ms)
 GET /api/agent/sync-queue/pending 404 in 54ms (next.js: 12ms, application-code: 42ms)
 POST /api/agent/heartbeat 404 in 53ms (next.js: 16ms, application-code: 37ms)
 GET /api/agent/sync-queue/pending 404 in 71ms (next.js: 12ms, application-code: 58ms)
 GET /api/agent/sync-queue/pending 404 in 46ms (next.js: 11ms, application-code: 35ms)
 POST /api/agent/heartbeat 404 in 51ms (next.js: 12ms, application-code: 39ms)
 GET /api/agent/sync-queue/pending 404 in 63ms (next.js: 15ms, application-code: 47ms)
 GET /api/agent/sync-queue/pending 404 in 76ms (next.js: 12ms, application-code: 64ms)
 POST /api/agent/heartbeat 404 in 63ms (next.js: 15ms, application-code: 47ms)
 GET /api/agent/sync-queue/pending 404 in 52ms (next.js: 12ms, application-code: 40ms)
 GET /api/agent/sync-queue/pending 404 in 49ms (next.js: 13ms, application-code: 36ms)
 POST /api/agent/heartbeat 404 in 68ms (next.js: 12ms, application-code: 56ms)
 GET /api/agent/sync-queue/pending 404 in 58ms (next.js: 12ms, application-code: 46ms)
 GET /api/agent/sync-queue/pending 404 in 51ms (next.js: 13ms, application-code: 38ms)
 POST /api/agent/heartbeat 404 in 54ms (next.js: 12ms, application-code: 42ms)
 GET /api/agent/sync-queue/pending 404 in 44ms (next.js: 10ms, application-code: 33ms)
 GET /api/agent/sync-queue/pending 404 in 99ms (next.js: 12ms, application-code: 87ms)
 POST /api/agent/heartbeat 404 in 63ms (next.js: 14ms, application-code: 50ms)
 GET /api/agent/sync-queue/pending 404 in 58ms (next.js: 14ms, application-code: 44ms)
 GET /api/agent/sync-queue/pending 404 in 69ms (next.js: 13ms, application-code: 56ms)
 POST /api/agent/heartbeat 404 in 63ms (next.js: 21ms, application-code: 42ms)
 GET /api/agent/sync-queue/pending 404 in 47ms (next.js: 12ms, application-code: 35ms)
 GET /api/agent/sync-queue/pending 404 in 71ms (next.js: 13ms, application-code: 58ms)
 POST /api/agent/heartbeat 404 in 71ms (next.js: 12ms, application-code: 59ms)
 GET /api/agent/sync-queue/pending 404 in 58ms (next.js: 12ms, application-code: 46ms)
 GET /api/agent/sync-queue/pending 404 in 69ms (next.js: 11ms, application-code: 58ms)
 POST /api/agent/heartbeat 404 in 61ms (next.js: 13ms, application-code: 48ms)
 GET /api/agent/sync-queue/pending 404 in 57ms (next.js: 12ms, application-code: 45ms)
 GET /api/agent/sync-queue/pending 404 in 71ms (next.js: 13ms, application-code: 58ms)
 POST /api/agent/heartbeat 404 in 49ms (next.js: 12ms, application-code: 37ms)
 GET /api/agent/sync-queue/pending 404 in 68ms (next.js: 12ms, application-code: 55ms)
 GET /api/agent/sync-queue/pending 404 in 56ms (next.js: 12ms, application-code: 44ms)
 POST /api/agent/heartbeat 404 in 53ms (next.js: 9ms, application-code: 44ms)
 GET /api/agent/sync-queue/pending 404 in 59ms (next.js: 12ms, application-code: 48ms)
 GET /api/agent/sync-queue/pending 404 in 52ms (next.js: 13ms, application-code: 39ms)
 POST /api/agent/heartbeat 404 in 66ms (next.js: 12ms, application-code: 54ms)
 GET /api/agent/sync-queue/pending 404 in 62ms (next.js: 14ms, application-code: 47ms)
 GET /api/agent/sync-queue/pending 404 in 56ms (next.js: 11ms, application-code: 45ms)
 POST /api/agent/heartbeat 404 in 71ms (next.js: 19ms, application-code: 53ms)
 GET /api/agent/sync-queue/pending 404 in 70ms (next.js: 13ms, application-code: 57ms)
 GET /api/agent/sync-queue/pending 404 in 61ms (next.js: 13ms, application-code: 48ms)
 POST /api/agent/heartbeat 404 in 55ms (next.js: 11ms, application-code: 45ms)
 GET /api/agent/sync-queue/pending 404 in 57ms (next.js: 7ms, application-code: 49ms)
 GET /api/agent/sync-queue/pending 404 in 68ms (next.js: 13ms, application-code: 55ms)
 POST /api/agent/heartbeat 404 in 55ms (next.js: 8ms, application-code: 47ms)
 GET /api/agent/sync-queue/pending 404 in 77ms (next.js: 20ms, application-code: 57ms)
 GET /api/agent/sync-queue/pending 404 in 54ms (next.js: 12ms, application-code: 42ms)
 POST /api/agent/heartbeat 404 in 57ms (next.js: 12ms, application-code: 45ms)
 GET /api/agent/sync-queue/pending 404 in 73ms (next.js: 10ms, application-code: 63ms)
 GET /api/agent/sync-queue/pending 404 in 53ms (next.js: 15ms, application-code: 38ms)
 POST /api/agent/heartbeat 404 in 69ms (next.js: 13ms, application-code: 56ms)
 GET /api/agent/sync-queue/pending 404 in 53ms (next.js: 12ms, application-code: 40ms)
 GET /api/agent/sync-queue/pending 404 in 46ms (next.js: 11ms, application-code: 34ms)
 POST /api/agent/heartbeat 404 in 62ms (next.js: 15ms, application-code: 46ms)
 GET /api/agent/sync-queue/pending 404 in 50ms (next.js: 13ms, application-code: 37ms)
 GET /api/agent/sync-queue/pending 404 in 47ms (next.js: 13ms, application-code: 34ms)
 POST /api/agent/heartbeat 404 in 54ms (next.js: 18ms, application-code: 36ms)
 GET /api/agent/sync-queue/pending 404 in 57ms (next.js: 16ms, application-code: 41ms)
 GET /api/agent/sync-queue/pending 404 in 45ms (next.js: 7ms, application-code: 38ms)
 POST /api/agent/heartbeat 404 in 64ms (next.js: 12ms, application-code: 52ms)
 GET /api/agent/sync-queue/pending 404 in 62ms (next.js: 12ms, application-code: 49ms)
 GET /api/agent/sync-queue/pending 404 in 59ms (next.js: 12ms, application-code: 47ms)
 POST /api/agent/heartbeat 404 in 54ms (next.js: 14ms, application-code: 41ms)
 GET /api/agent/sync-queue/pending 404 in 61ms (next.js: 13ms, application-code: 48ms)
 GET /api/agent/sync-queue/pending 404 in 54ms (next.js: 11ms, application-code: 42ms)
 POST /api/agent/heartbeat 404 in 53ms (next.js: 12ms, application-code: 41ms)
 GET /api/agent/sync-queue/pending 404 in 65ms (next.js: 12ms, application-code: 53ms)
 GET /api/agent/sync-queue/pending 404 in 81ms (next.js: 13ms, application-code: 68ms)
 POST /api/agent/heartbeat 404 in 54ms (next.js: 14ms, application-code: 40ms)
 GET /api/agent/sync-queue/pending 404 in 60ms (next.js: 11ms, application-code: 49ms)
 GET /api/agent/sync-queue/pending 404 in 77ms (next.js: 12ms, application-code: 65ms)
 POST /api/agent/heartbeat 404 in 51ms (next.js: 12ms, application-code: 39ms)
 GET /api/agent/sync-queue/pending 404 in 55ms (next.js: 15ms, application-code: 40ms)
 GET /api/agent/sync-queue/pending 404 in 90ms (next.js: 17ms, application-code: 73ms)
 POST /api/agent/heartbeat 404 in 72ms (next.js: 34ms, application-code: 37ms)
 GET /api/agent/sync-queue/pending 404 in 49ms (next.js: 12ms, application-code: 37ms)
 GET /api/agent/sync-queue/pending 404 in 59ms (next.js: 20ms, application-code: 39ms)
 POST /api/agent/heartbeat 404 in 71ms (next.js: 14ms, application-code: 57ms)
 GET /api/agent/sync-queue/pending 404 in 62ms (next.js: 18ms, application-code: 44ms)
 GET /api/agent/sync-queue/pending 404 in 47ms (next.js: 14ms, application-code: 33ms)
 POST /api/agent/heartbeat 404 in 73ms (next.js: 15ms, application-code: 58ms)
 GET /api/agent/sync-queue/pending 404 in 54ms (next.js: 13ms, application-code: 41ms)
 GET /api/agent/sync-queue/pending 404 in 50ms (next.js: 11ms, application-code: 39ms)
 POST /api/agent/heartbeat 404 in 70ms (next.js: 15ms, application-code: 54ms)
 GET /api/agent/sync-queue/pending 404 in 67ms (next.js: 14ms, application-code: 53ms)
 GET /api/agent/sync-queue/pending 404 in 68ms (next.js: 14ms, application-code: 54ms)
 POST /api/agent/heartbeat 404 in 53ms (next.js: 12ms, application-code: 41ms)
 GET /api/agent/sync-queue/pending 404 in 90ms (next.js: 12ms, application-code: 78ms)
 GET /api/agent/sync-queue/pending 404 in 68ms (next.js: 15ms, application-code: 53ms)
 POST /api/agent/heartbeat 404 in 44ms (next.js: 11ms, application-code: 33ms)
 GET /api/agent/sync-queue/pending 404 in 51ms (next.js: 12ms, application-code: 40ms)
 GET /api/agent/sync-queue/pending 404 in 58ms (next.js: 12ms, application-code: 46ms)
 POST /api/agent/heartbeat 404 in 57ms (next.js: 15ms, application-code: 41ms)
 GET /api/agent/sync-queue/pending 404 in 53ms (next.js: 11ms, application-code: 42ms)
 GET /api/agent/sync-queue/pending 404 in 58ms (next.js: 14ms, application-code: 44ms)
 POST /api/agent/heartbeat 404 in 52ms (next.js: 12ms, application-code: 40ms)
 GET /api/agent/sync-queue/pending 404 in 68ms (next.js: 12ms, application-code: 56ms)
 GET /api/agent/sync-queue/pending 404 in 41ms (next.js: 7ms, application-code: 34ms)
 POST /api/agent/heartbeat 404 in 50ms (next.js: 7ms, application-code: 42ms)
 GET /api/agent/sync-queue/pending 404 in 61ms (next.js: 12ms, application-code: 49ms)
 GET /api/agent/sync-queue/pending 404 in 61ms (next.js: 15ms, application-code: 46ms)
 POST /api/agent/heartbeat 404 in 59ms (next.js: 12ms, application-code: 47ms)
 GET /api/agent/sync-queue/pending 404 in 52ms (next.js: 11ms, application-code: 41ms)
 GET /api/agent/sync-queue/pending 404 in 55ms (next.js: 13ms, application-code: 42ms)
 POST /api/agent/heartbeat 404 in 47ms (next.js: 10ms, application-code: 37ms)
 GET /api/agent/sync-queue/pending 404 in 58ms (next.js: 12ms, application-code: 46ms)
 GET /api/agent/sync-queue/pending 404 in 64ms (next.js: 15ms, application-code: 49ms)
 POST /api/agent/heartbeat 404 in 82ms (next.js: 12ms, application-code: 70ms)
 GET /api/agent/sync-queue/pending 404 in 59ms (next.js: 15ms, application-code: 44ms)
 GET /api/agent/sync-queue/pending 404 in 53ms (next.js: 11ms, application-code: 42ms)
 POST /api/agent/heartbeat 404 in 63ms (next.js: 20ms, application-code: 42ms)
 GET /api/agent/sync-queue/pending 404 in 45ms (next.js: 11ms, application-code: 34ms)
 GET /api/agent/sync-queue/pending 404 in 56ms (next.js: 12ms, application-code: 44ms)
 POST /api/agent/heartbeat 404 in 53ms (next.js: 12ms, application-code: 41ms)
 GET /api/agent/sync-queue/pending 404 in 40ms (next.js: 8ms, application-code: 32ms)
 GET /api/agent/sync-queue/pending 404 in 56ms (next.js: 14ms, application-code: 42ms)
 POST /api/agent/heartbeat 404 in 89ms (next.js: 17ms, application-code: 72ms)
 GET /api/agent/sync-queue/pending 404 in 56ms (next.js: 12ms, application-code: 44ms)
 GET /api/agent/sync-queue/pending 404 in 53ms (next.js: 11ms, application-code: 42ms)
 POST /api/agent/heartbeat 404 in 58ms (next.js: 13ms, application-code: 45ms)
 GET /api/agent/sync-queue/pending 404 in 59ms (next.js: 14ms, application-code: 44ms)
 GET /api/agent/sync-queue/pending 404 in 62ms (next.js: 13ms, application-code: 50ms)
 POST /api/agent/heartbeat 404 in 55ms (next.js: 12ms, application-code: 43ms)
 GET /api/agent/sync-queue/pending 404 in 59ms (next.js: 13ms, application-code: 46ms)
 GET /api/agent/sync-queue/pending 404 in 59ms (next.js: 10ms, application-code: 49ms)
 POST /api/agent/heartbeat 404 in 96ms (next.js: 13ms, application-code: 83ms)
 GET /api/agent/sync-queue/pending 404 in 63ms (next.js: 15ms, application-code: 47ms)
 GET /api/agent/sync-queue/pending 404 in 59ms (next.js: 15ms, application-code: 44ms)
 POST /api/agent/heartbeat 404 in 62ms (next.js: 17ms, application-code: 44ms)
 GET /api/agent/sync-queue/pending 404 in 43ms (next.js: 11ms, application-code: 32ms)
 GET /api/agent/sync-queue/pending 404 in 59ms (next.js: 14ms, application-code: 45ms)
 POST /api/agent/heartbeat 404 in 56ms (next.js: 15ms, application-code: 41ms)
 GET /api/agent/sync-queue/pending 404 in 50ms (next.js: 12ms, application-code: 38ms)
 GET /api/agent/sync-queue/pending 404 in 78ms (next.js: 13ms, application-code: 65ms)
 POST /api/agent/heartbeat 404 in 82ms (next.js: 12ms, application-code: 71ms)
 GET /api/agent/sync-queue/pending 404 in 75ms (next.js: 12ms, application-code: 63ms)
 GET /api/agent/sync-queue/pending 404 in 69ms (next.js: 13ms, application-code: 56ms)
 POST /api/agent/heartbeat 404 in 59ms (next.js: 14ms, application-code: 45ms)
 GET /api/agent/sync-queue/pending 404 in 57ms (next.js: 13ms, application-code: 43ms)
 GET /api/agent/sync-queue/pending 404 in 54ms (next.js: 7ms, application-code: 47ms)
 POST /api/agent/heartbeat 404 in 54ms (next.js: 10ms, application-code: 44ms)
 GET /api/agent/sync-queue/pending 404 in 61ms (next.js: 11ms, application-code: 50ms)
 GET /api/agent/sync-queue/pending 404 in 60ms (next.js: 14ms, application-code: 46ms)
 POST /api/agent/heartbeat 404 in 66ms (next.js: 20ms, application-code: 46ms)
 GET /api/agent/sync-queue/pending 404 in 60ms (next.js: 13ms, application-code: 47ms)
 GET /api/agent/sync-queue/pending 404 in 58ms (next.js: 13ms, application-code: 45ms)
 POST /api/agent/heartbeat 404 in 70ms (next.js: 24ms, application-code: 46ms)
 GET /api/agent/sync-queue/pending 404 in 56ms (next.js: 14ms, application-code: 42ms)
 GET /api/agent/sync-queue/pending 404 in 101ms (next.js: 17ms, application-code: 84ms)
 POST /api/agent/heartbeat 404 in 94ms (next.js: 14ms, application-code: 80ms)
 GET /api/agent/sync-queue/pending 404 in 55ms (next.js: 11ms, application-code: 44ms)
 GET /api/agent/sync-queue/pending 404 in 64ms (next.js: 12ms, application-code: 52ms)
 POST /api/agent/heartbeat 404 in 61ms (next.js: 14ms, application-code: 47ms)
 GET /api/agent/sync-queue/pending 404 in 64ms (next.js: 11ms, application-code: 52ms)
 GET /api/agent/sync-queue/pending 404 in 70ms (next.js: 14ms, application-code: 56ms)
 POST /api/agent/heartbeat 404 in 59ms (next.js: 12ms, application-code: 47ms)
 GET /api/agent/sync-queue/pending 404 in 65ms (next.js: 13ms, application-code: 52ms)
 GET /api/agent/sync-queue/pending 404 in 59ms (next.js: 15ms, application-code: 45ms)
 POST /api/agent/heartbeat 404 in 54ms (next.js: 13ms, application-code: 41ms)
 GET /api/agent/sync-queue/pending 404 in 63ms (next.js: 12ms, application-code: 52ms)
 GET /api/agent/sync-queue/pending 404 in 65ms (next.js: 13ms, application-code: 52ms)
 POST /api/agent/heartbeat 404 in 52ms (next.js: 11ms, application-code: 41ms)
 GET /api/agent/sync-queue/pending 404 in 60ms (next.js: 16ms, application-code: 45ms)
 GET /api/agent/sync-queue/pending 404 in 67ms (next.js: 12ms, application-code: 54ms)
 POST /api/agent/heartbeat 404 in 60ms (next.js: 13ms, application-code: 47ms)
 GET /api/agent/sync-queue/pending 404 in 61ms (next.js: 12ms, application-code: 49ms)
 GET /api/agent/sync-queue/pending 404 in 56ms (next.js: 13ms, application-code: 43ms)
 POST /api/agent/heartbeat 404 in 49ms (next.js: 11ms, application-code: 38ms)
 GET /api/agent/sync-queue/pending 404 in 48ms (next.js: 12ms, application-code: 36ms)
 GET /api/agent/sync-queue/pending 404 in 52ms (next.js: 12ms, application-code: 40ms)
 POST /api/agent/heartbeat 404 in 61ms (next.js: 18ms, application-code: 43ms)
 GET /api/agent/sync-queue/pending 404 in 86ms (next.js: 14ms, application-code: 72ms)
 GET /api/agent/sync-queue/pending 404 in 52ms (next.js: 12ms, application-code: 41ms)
 POST /api/agent/heartbeat 404 in 50ms (next.js: 12ms, application-code: 38ms)
 GET /api/agent/sync-queue/pending 404 in 49ms (next.js: 11ms, application-code: 38ms)
 GET /api/agent/sync-queue/pending 404 in 58ms (next.js: 16ms, application-code: 42ms)
 POST /api/agent/heartbeat 404 in 47ms (next.js: 11ms, application-code: 36ms)
 GET /api/agent/sync-queue/pending 404 in 57ms (next.js: 12ms, application-code: 45ms)
 GET /api/agent/sync-queue/pending 404 in 59ms (next.js: 12ms, application-code: 46ms)
 POST /api/agent/heartbeat 404 in 95ms (next.js: 14ms, application-code: 80ms)
 GET /api/agent/sync-queue/pending 404 in 38ms (next.js: 6ms, application-code: 32ms)
 GET /api/agent/sync-queue/pending 404 in 45ms (next.js: 12ms, application-code: 33ms)
 POST /api/agent/heartbeat 404 in 66ms (next.js: 20ms, application-code: 46ms)
 GET /api/agent/sync-queue/pending 404 in 63ms (next.js: 13ms, application-code: 50ms)
 GET /api/agent/sync-queue/pending 404 in 63ms (next.js: 15ms, application-code: 48ms)
 POST /api/agent/heartbeat 404 in 58ms (next.js: 12ms, application-code: 46ms)
 GET /api/agent/sync-queue/pending 404 in 70ms (next.js: 23ms, application-code: 47ms)
 GET /api/agent/sync-queue/pending 404 in 50ms (next.js: 12ms, application-code: 38ms)
 POST /api/agent/heartbeat 404 in 47ms (next.js: 9ms, application-code: 38ms)
 GET /api/agent/sync-queue/pending 404 in 63ms (next.js: 13ms, application-code: 50ms)
 GET /api/agent/sync-queue/pending 404 in 54ms (next.js: 13ms, application-code: 41ms)
 POST /api/agent/heartbeat 404 in 59ms (next.js: 13ms, application-code: 47ms)
 GET /api/agent/sync-queue/pending 404 in 67ms (next.js: 12ms, application-code: 55ms)
 GET /api/agent/sync-queue/pending 404 in 49ms (next.js: 12ms, application-code: 37ms)
 POST /api/agent/heartbeat 404 in 79ms (next.js: 12ms, application-code: 67ms)
 GET /api/agent/sync-queue/pending 404 in 59ms (next.js: 12ms, application-code: 46ms)
 GET /api/agent/sync-queue/pending 404 in 59ms (next.js: 11ms, application-code: 47ms)
 POST /api/agent/heartbeat 404 in 45ms (next.js: 7ms, application-code: 38ms)
 GET /api/agent/sync-queue/pending 404 in 49ms (next.js: 13ms, application-code: 36ms)
 GET /api/agent/sync-queue/pending 404 in 138ms (next.js: 9ms, application-code: 129ms)
 POST /api/agent/heartbeat 404 in 80ms (next.js: 36ms, application-code: 43ms)
 GET /api/agent/sync-queue/pending 404 in 57ms (next.js: 11ms, application-code: 46ms)
 GET /api/agent/sync-queue/pending 404 in 128ms (next.js: 16ms, application-code: 112ms)
 POST /api/agent/heartbeat 404 in 65ms (next.js: 13ms, application-code: 51ms)
 GET /api/agent/sync-queue/pending 404 in 75ms (next.js: 13ms, application-code: 62ms)
 GET /api/agent/sync-queue/pending 404 in 179ms (next.js: 18ms, application-code: 162ms)
 POST /api/agent/heartbeat 404 in 79ms (next.js: 16ms, application-code: 64ms)
 GET /api/agent/sync-queue/pending 404 in 57ms (next.js: 13ms, application-code: 44ms)
 POST /api/agent/heartbeat 404 in 167ms (next.js: 20ms, application-code: 147ms)
 GET /api/agent/sync-queue/pending 404 in 166ms (next.js: 90ms, application-code: 77ms)
 GET /api/agent/sync-queue/pending 404 in 56ms (next.js: 15ms, application-code: 42ms)
 POST /api/agent/heartbeat 404 in 121ms (next.js: 15ms, application-code: 106ms)
 GET /api/agent/sync-queue/pending 404 in 58ms (next.js: 8ms, application-code: 50ms)
 GET /api/agent/sync-queue/pending 404 in 65ms (next.js: 12ms, application-code: 52ms)
 GET /api/agent/sync-queue/pending 404 in 112ms (next.js: 17ms, application-code: 95ms)
 POST /api/agent/heartbeat 404 in 112ms (next.js: 64ms, application-code: 48ms)
 GET /api/agent/sync-queue/pending 404 in 55ms (next.js: 13ms, application-code: 42ms)
 POST /api/agent/heartbeat 404 in 117ms (next.js: 24ms, application-code: 93ms)
 GET /api/agent/sync-queue/pending 404 in 116ms (next.js: 66ms, application-code: 51ms)
 GET /api/agent/sync-queue/pending 404 in 51ms (next.js: 17ms, application-code: 33ms)
 POST /api/agent/heartbeat 404 in 110ms (next.js: 12ms, application-code: 98ms)
 GET /api/agent/sync-queue/pending 404 in 63ms (next.js: 11ms, application-code: 52ms)
 GET /api/agent/sync-queue/pending 404 in 47ms (next.js: 11ms, application-code: 36ms)
 POST /api/agent/heartbeat 404 in 138ms (next.js: 18ms, application-code: 120ms)
 GET /api/agent/sync-queue/pending 404 in 61ms (next.js: 11ms, application-code: 50ms)
 GET /api/agent/sync-queue/pending 404 in 72ms (next.js: 14ms, application-code: 58ms)
 POST /api/agent/heartbeat 404 in 112ms (next.js: 15ms, application-code: 97ms)
 GET /api/agent/sync-queue/pending 404 in 62ms (next.js: 10ms, application-code: 53ms)
 GET /api/agent/sync-queue/pending 404 in 56ms (next.js: 13ms, application-code: 43ms)
 POST /api/agent/heartbeat 404 in 112ms (next.js: 16ms, application-code: 96ms)
 GET /api/agent/sync-queue/pending 404 in 49ms (next.js: 10ms, application-code: 39ms)
 GET /api/agent/sync-queue/pending 404 in 64ms (next.js: 12ms, application-code: 52ms)
 POST /api/agent/heartbeat 404 in 51ms (next.js: 12ms, application-code: 39ms)
 GET /api/agent/sync-queue/pending 404 in 42ms (next.js: 7ms, application-code: 35ms)
 GET /api/agent/sync-queue/pending 404 in 62ms (next.js: 15ms, application-code: 47ms)
 POST /api/agent/heartbeat 404 in 72ms (next.js: 19ms, application-code: 53ms)
 GET /api/agent/sync-queue/pending 404 in 63ms (next.js: 16ms, application-code: 47ms)
 GET /api/agent/sync-queue/pending 404 in 59ms (next.js: 11ms, application-code: 48ms)
 POST /api/agent/heartbeat 404 in 61ms (next.js: 12ms, application-code: 50ms)
 GET /api/agent/sync-queue/pending 404 in 50ms (next.js: 8ms, application-code: 42ms)
 GET /api/agent/sync-queue/pending 404 in 82ms (next.js: 13ms, application-code: 69ms)
 POST /api/agent/heartbeat 404 in 68ms (next.js: 12ms, application-code: 56ms)
 GET /api/agent/sync-queue/pending 404 in 46ms (next.js: 9ms, application-code: 37ms)
 GET /api/agent/sync-queue/pending 404 in 46ms (next.js: 9ms, application-code: 37ms)
 POST /api/agent/heartbeat 404 in 63ms (next.js: 8ms, application-code: 55ms)
 GET /api/agent/sync-queue/pending 404 in 83ms (next.js: 15ms, application-code: 67ms)
 GET /api/agent/sync-queue/pending 404 in 52ms (next.js: 12ms, application-code: 40ms)
 POST /api/agent/heartbeat 404 in 74ms (next.js: 13ms, application-code: 62ms)
 GET /api/agent/sync-queue/pending 404 in 51ms (next.js: 16ms, application-code: 36ms)
 GET /api/agent/sync-queue/pending 404 in 62ms (next.js: 14ms, application-code: 47ms)
 POST /api/agent/heartbeat 404 in 64ms (next.js: 14ms, application-code: 50ms)
 GET /api/agent/sync-queue/pending 404 in 50ms (next.js: 8ms, application-code: 42ms)
 GET /api/agent/sync-queue/pending 404 in 53ms (next.js: 15ms, application-code: 39ms)
 POST /api/agent/heartbeat 404 in 62ms (next.js: 17ms, application-code: 45ms)
 GET /api/agent/sync-queue/pending 404 in 55ms (next.js: 14ms, application-code: 42ms)
 GET /api/agent/sync-queue/pending 404 in 71ms (next.js: 12ms, application-code: 58ms)
 POST /api/agent/heartbeat 404 in 51ms (next.js: 10ms, application-code: 42ms)
 GET /api/agent/sync-queue/pending 404 in 53ms (next.js: 10ms, application-code: 42ms)
 GET /api/agent/sync-queue/pending 404 in 66ms (next.js: 17ms, application-code: 49ms)
 POST /api/agent/heartbeat 404 in 68ms (next.js: 12ms, application-code: 56ms)
 GET /api/agent/sync-queue/pending 404 in 60ms (next.js: 14ms, application-code: 46ms)
 GET /api/agent/sync-queue/pending 404 in 51ms (next.js: 13ms, application-code: 38ms)
 POST /api/agent/heartbeat 404 in 64ms (next.js: 12ms, application-code: 53ms)
 GET /api/agent/sync-queue/pending 404 in 70ms (next.js: 12ms, application-code: 58ms)
 GET /api/agent/sync-queue/pending 404 in 57ms (next.js: 12ms, application-code: 46ms)
 POST /api/agent/heartbeat 404 in 56ms (next.js: 14ms, application-code: 42ms)
 GET /api/agent/sync-queue/pending 404 in 60ms (next.js: 7ms, application-code: 53ms)
 GET /api/agent/sync-queue/pending 404 in 59ms (next.js: 12ms, application-code: 47ms)
 POST /api/agent/heartbeat 404 in 59ms (next.js: 14ms, application-code: 45ms)
 GET /api/agent/sync-queue/pending 404 in 63ms (next.js: 7ms, application-code: 55ms)
 GET /api/agent/sync-queue/pending 404 in 68ms (next.js: 15ms, application-code: 53ms)
 POST /api/agent/heartbeat 404 in 67ms (next.js: 17ms, application-code: 50ms)
 GET /api/agent/sync-queue/pending 404 in 56ms (next.js: 8ms, application-code: 48ms)
 GET /api/agent/sync-queue/pending 404 in 57ms (next.js: 11ms, application-code: 46ms)
 POST /api/agent/heartbeat 404 in 64ms (next.js: 12ms, application-code: 52ms)
 GET /api/agent/sync-queue/pending 404 in 64ms (next.js: 11ms, application-code: 53ms)
 GET /api/agent/sync-queue/pending 404 in 60ms (next.js: 11ms, application-code: 48ms)
 POST /api/agent/heartbeat 404 in 67ms (next.js: 13ms, application-code: 54ms)
 GET /api/agent/sync-queue/pending 404 in 77ms (next.js: 13ms, application-code: 64ms)
 GET /api/agent/sync-queue/pending 404 in 51ms (next.js: 11ms, application-code: 40ms)
 POST /api/agent/heartbeat 404 in 58ms (next.js: 13ms, application-code: 46ms)
 GET /api/agent/sync-queue/pending 404 in 46ms (next.js: 13ms, application-code: 33ms)
 GET /api/agent/sync-queue/pending 404 in 59ms (next.js: 12ms, application-code: 48ms)
 POST /api/agent/heartbeat 404 in 74ms (next.js: 16ms, application-code: 59ms)
 GET /api/agent/sync-queue/pending 404 in 94ms (next.js: 17ms, application-code: 77ms)
 GET /api/agent/sync-queue/pending 404 in 50ms (next.js: 7ms, application-code: 43ms)
 POST /api/agent/heartbeat 404 in 58ms (next.js: 12ms, application-code: 45ms)
 GET /api/agent/sync-queue/pending 404 in 54ms (next.js: 16ms, application-code: 38ms)
 GET /api/agent/sync-queue/pending 404 in 64ms (next.js: 12ms, application-code: 53ms)
 POST /api/agent/heartbeat 404 in 51ms (next.js: 12ms, application-code: 39ms)
 GET /api/agent/sync-queue/pending 404 in 43ms (next.js: 9ms, application-code: 35ms)
 GET /api/agent/sync-queue/pending 404 in 68ms (next.js: 15ms, application-code: 53ms)
 POST /api/agent/heartbeat 404 in 51ms (next.js: 9ms, application-code: 42ms)
 GET /api/agent/sync-queue/pending 404 in 56ms (next.js: 14ms, application-code: 42ms)
 GET /api/agent/sync-queue/pending 404 in 76ms (next.js: 13ms, application-code: 63ms)
 POST /api/agent/heartbeat 404 in 59ms (next.js: 12ms, application-code: 47ms)
 GET /api/agent/sync-queue/pending 404 in 48ms (next.js: 11ms, application-code: 37ms)
 GET /api/agent/sync-queue/pending 404 in 56ms (next.js: 11ms, application-code: 44ms)
 POST /api/agent/heartbeat 404 in 59ms (next.js: 13ms, application-code: 46ms)
 GET /api/agent/sync-queue/pending 404 in 59ms (next.js: 12ms, application-code: 47ms)
 GET /api/agent/sync-queue/pending 404 in 62ms (next.js: 10ms, application-code: 51ms)
 POST /api/agent/heartbeat 404 in 50ms (next.js: 11ms, application-code: 39ms)
 GET /api/agent/sync-queue/pending 404 in 44ms (next.js: 8ms, application-code: 36ms)
 GET /api/agent/sync-queue/pending 404 in 65ms (next.js: 14ms, application-code: 51ms)
 POST /api/agent/heartbeat 404 in 78ms (next.js: 12ms, application-code: 66ms)
 GET /api/agent/sync-queue/pending 404 in 51ms (next.js: 10ms, application-code: 41ms)
 GET /api/agent/sync-queue/pending 404 in 53ms (next.js: 13ms, application-code: 40ms)
 POST /api/agent/heartbeat 404 in 58ms (next.js: 15ms, application-code: 43ms)
 GET /api/agent/sync-queue/pending 404 in 86ms (next.js: 12ms, application-code: 74ms)
 GET /api/agent/sync-queue/pending 404 in 49ms (next.js: 14ms, application-code: 35ms)
 POST /api/agent/heartbeat 404 in 56ms (next.js: 12ms, application-code: 44ms)
 GET /api/agent/sync-queue/pending 404 in 46ms (next.js: 12ms, application-code: 34ms)
 GET /api/agent/sync-queue/pending 404 in 78ms (next.js: 24ms, application-code: 54ms)
 POST /api/agent/heartbeat 404 in 55ms (next.js: 10ms, application-code: 44ms)
 GET /api/agent/sync-queue/pending 404 in 57ms (next.js: 17ms, application-code: 40ms)
 GET /api/agent/sync-queue/pending 404 in 62ms (next.js: 15ms, application-code: 47ms)
 POST /api/agent/heartbeat 404 in 57ms (next.js: 12ms, application-code: 44ms)
 GET /api/agent/sync-queue/pending 404 in 67ms (next.js: 17ms, application-code: 50ms)
 GET /api/agent/sync-queue/pending 404 in 45ms (next.js: 11ms, application-code: 34ms)
 POST /api/agent/heartbeat 404 in 62ms (next.js: 13ms, application-code: 49ms)
 GET /api/agent/sync-queue/pending 404 in 66ms (next.js: 11ms, application-code: 55ms)
 GET /api/agent/sync-queue/pending 404 in 57ms (next.js: 13ms, application-code: 44ms)
 POST /api/agent/heartbeat 404 in 59ms (next.js: 13ms, application-code: 46ms)
 GET /api/agent/sync-queue/pending 404 in 50ms (next.js: 13ms, application-code: 36ms)
 GET /api/agent/sync-queue/pending 404 in 44ms (next.js: 11ms, application-code: 33ms)
 POST /api/agent/heartbeat 404 in 61ms (next.js: 18ms, application-code: 43ms)
 GET /api/agent/sync-queue/pending 404 in 63ms (next.js: 13ms, application-code: 50ms)
 GET /api/agent/sync-queue/pending 404 in 54ms (next.js: 12ms, application-code: 43ms)
 POST /api/agent/heartbeat 404 in 76ms (next.js: 12ms, application-code: 63ms)
 GET /api/agent/sync-queue/pending 404 in 85ms (next.js: 10ms, application-code: 74ms)
 GET /api/agent/sync-queue/pending 404 in 60ms (next.js: 13ms, application-code: 47ms)
 POST /api/agent/heartbeat 404 in 62ms (next.js: 12ms, application-code: 50ms)
 GET /api/agent/sync-queue/pending 404 in 48ms (next.js: 12ms, application-code: 37ms)
 GET /api/agent/sync-queue/pending 404 in 55ms (next.js: 16ms, application-code: 39ms)
 POST /api/agent/heartbeat 404 in 58ms (next.js: 12ms, application-code: 46ms)
 GET /api/agent/sync-queue/pending 404 in 55ms (next.js: 12ms, application-code: 44ms)
 GET /api/agent/sync-queue/pending 404 in 51ms (next.js: 12ms, application-code: 40ms)
 POST /api/agent/heartbeat 404 in 55ms (next.js: 11ms, application-code: 44ms)
 GET /api/agent/sync-queue/pending 404 in 49ms (next.js: 11ms, application-code: 39ms)
 GET /api/agent/sync-queue/pending 404 in 61ms (next.js: 12ms, application-code: 49ms)
 POST /api/agent/heartbeat 404 in 52ms (next.js: 12ms, application-code: 40ms)
 GET /api/agent/sync-queue/pending 404 in 52ms (next.js: 11ms, application-code: 42ms)
 GET /api/agent/sync-queue/pending 404 in 56ms (next.js: 15ms, application-code: 42ms)
 POST /api/agent/heartbeat 404 in 61ms (next.js: 19ms, application-code: 42ms)
 GET /api/agent/sync-queue/pending 404 in 60ms (next.js: 10ms, application-code: 50ms)
 GET /api/agent/sync-queue/pending 404 in 57ms (next.js: 12ms, application-code: 45ms)
 POST /api/agent/heartbeat 404 in 73ms (next.js: 12ms, application-code: 61ms)
 GET /api/agent/sync-queue/pending 404 in 55ms (next.js: 12ms, application-code: 43ms)
 GET /api/agent/sync-queue/pending 404 in 68ms (next.js: 16ms, application-code: 52ms)
 POST /api/agent/heartbeat 404 in 57ms (next.js: 12ms, application-code: 44ms)
 GET /api/agent/sync-queue/pending 404 in 67ms (next.js: 12ms, application-code: 55ms)
 GET /api/agent/sync-queue/pending 404 in 57ms (next.js: 12ms, application-code: 45ms)
 POST /api/agent/heartbeat 404 in 55ms (next.js: 13ms, application-code: 43ms)
 GET /api/agent/sync-queue/pending 404 in 63ms (next.js: 10ms, application-code: 52ms)
 GET /api/agent/sync-queue/pending 404 in 54ms (next.js: 12ms, application-code: 41ms)
 POST /api/agent/heartbeat 404 in 57ms (next.js: 12ms, application-code: 45ms)
 GET /api/agent/sync-queue/pending 404 in 57ms (next.js: 11ms, application-code: 46ms)
 GET /api/agent/sync-queue/pending 404 in 66ms (next.js: 15ms, application-code: 51ms)
 POST /api/agent/heartbeat 404 in 57ms (next.js: 13ms, application-code: 43ms)
 GET /api/agent/sync-queue/pending 404 in 57ms (next.js: 12ms, application-code: 45ms)
 GET /api/agent/sync-queue/pending 404 in 73ms (next.js: 14ms, application-code: 59ms)
 POST /api/agent/heartbeat 404 in 73ms (next.js: 14ms, application-code: 59ms)
 GET /api/agent/sync-queue/pending 404 in 97ms (next.js: 13ms, application-code: 84ms)
 GET /api/agent/sync-queue/pending 404 in 59ms (next.js: 11ms, application-code: 48ms)
 POST /api/agent/heartbeat 404 in 69ms (next.js: 12ms, application-code: 56ms)
 GET /api/agent/sync-queue/pending 404 in 51ms (next.js: 11ms, application-code: 40ms)
 GET /api/agent/sync-queue/pending 404 in 76ms (next.js: 15ms, application-code: 62ms)
 POST /api/agent/heartbeat 404 in 82ms (next.js: 13ms, application-code: 69ms)
 GET /api/agent/sync-queue/pending 404 in 55ms (next.js: 12ms, application-code: 43ms)
 GET /api/agent/sync-queue/pending 404 in 55ms (next.js: 12ms, application-code: 43ms)
 POST /api/agent/heartbeat 404 in 80ms (next.js: 14ms, application-code: 67ms)
 GET /api/agent/sync-queue/pending 404 in 60ms (next.js: 12ms, application-code: 48ms)
 GET /api/agent/sync-queue/pending 404 in 62ms (next.js: 12ms, application-code: 50ms)
 POST /api/agent/heartbeat 404 in 56ms (next.js: 12ms, application-code: 44ms)
 GET /api/agent/sync-queue/pending 404 in 49ms (next.js: 11ms, application-code: 38ms)
 GET /api/agent/sync-queue/pending 404 in 67ms (next.js: 20ms, application-code: 46ms)
 POST /api/agent/heartbeat 404 in 66ms (next.js: 13ms, application-code: 53ms)
 GET /api/agent/sync-queue/pending 404 in 59ms (next.js: 11ms, application-code: 47ms)
 GET /api/agent/sync-queue/pending 404 in 69ms (next.js: 14ms, application-code: 55ms)
 POST /api/agent/heartbeat 404 in 51ms (next.js: 14ms, application-code: 37ms)
 GET /api/agent/sync-queue/pending 404 in 55ms (next.js: 14ms, application-code: 41ms)
 GET /api/agent/sync-queue/pending 404 in 47ms (next.js: 11ms, application-code: 36ms)
 POST /api/agent/heartbeat 404 in 77ms (next.js: 14ms, application-code: 63ms)
 GET /api/agent/sync-queue/pending 404 in 52ms (next.js: 10ms, application-code: 42ms)
 GET /api/agent/sync-queue/pending 404 in 70ms (next.js: 14ms, application-code: 57ms)
 POST /api/agent/heartbeat 404 in 50ms (next.js: 11ms, application-code: 39ms)
 GET /api/agent/sync-queue/pending 404 in 56ms (next.js: 10ms, application-code: 45ms)
 GET /api/agent/sync-queue/pending 404 in 57ms (next.js: 12ms, application-code: 45ms)
 POST /api/agent/heartbeat 404 in 62ms (next.js: 13ms, application-code: 48ms)
 GET /api/agent/sync-queue/pending 404 in 100ms (next.js: 12ms, application-code: 88ms)
 GET /api/agent/sync-queue/pending 404 in 57ms (next.js: 13ms, application-code: 44ms)
 POST /api/agent/heartbeat 404 in 59ms (next.js: 13ms, application-code: 47ms)
 GET /api/agent/sync-queue/pending 404 in 57ms (next.js: 10ms, application-code: 47ms)
 GET /api/agent/sync-queue/pending 404 in 62ms (next.js: 12ms, application-code: 50ms)
 POST /api/agent/heartbeat 404 in 41ms (next.js: 8ms, application-code: 33ms)
 GET /api/agent/sync-queue/pending 404 in 57ms (next.js: 17ms, application-code: 40ms)
 GET /api/agent/sync-queue/pending 404 in 48ms (next.js: 10ms, application-code: 38ms)
 POST /api/agent/heartbeat 404 in 60ms (next.js: 18ms, application-code: 42ms)
 GET /api/agent/sync-queue/pending 404 in 48ms (next.js: 12ms, application-code: 36ms)
 GET /api/agent/sync-queue/pending 404 in 53ms (next.js: 12ms, application-code: 41ms)
 POST /api/agent/heartbeat 404 in 64ms (next.js: 12ms, application-code: 52ms)
 GET /api/agent/sync-queue/pending 404 in 56ms (next.js: 14ms, application-code: 42ms)
 GET /api/agent/sync-queue/pending 404 in 55ms (next.js: 14ms, application-code: 40ms)
 POST /api/agent/heartbeat 404 in 64ms (next.js: 12ms, application-code: 52ms)
 GET /api/agent/sync-queue/pending 404 in 54ms (next.js: 13ms, application-code: 42ms)
 GET /api/agent/sync-queue/pending 404 in 79ms (next.js: 15ms, application-code: 64ms)
 POST /api/agent/heartbeat 404 in 63ms (next.js: 16ms, application-code: 48ms)
 GET /api/agent/sync-queue/pending 404 in 53ms (next.js: 12ms, application-code: 41ms)
 GET /api/agent/sync-queue/pending 404 in 66ms (next.js: 12ms, application-code: 55ms)
 POST /api/agent/heartbeat 404 in 54ms (next.js: 14ms, application-code: 40ms)
 GET /api/agent/sync-queue/pending 404 in 63ms (next.js: 11ms, application-code: 52ms)
 GET /api/agent/sync-queue/pending 404 in 76ms (next.js: 13ms, application-code: 63ms)
 POST /api/agent/heartbeat 404 in 57ms (next.js: 12ms, application-code: 45ms)
 GET /api/agent/sync-queue/pending 404 in 60ms (next.js: 12ms, application-code: 48ms)
 GET /api/agent/sync-queue/pending 404 in 72ms (next.js: 13ms, application-code: 59ms)
 POST /api/agent/heartbeat 404 in 60ms (next.js: 19ms, application-code: 42ms)
 GET /api/agent/sync-queue/pending 404 in 77ms (next.js: 14ms, application-code: 63ms)
 GET /api/agent/sync-queue/pending 404 in 88ms (next.js: 15ms, application-code: 73ms)
 POST /api/agent/heartbeat 404 in 59ms (next.js: 15ms, application-code: 44ms)
 GET /api/agent/sync-queue/pending 404 in 52ms (next.js: 14ms, application-code: 38ms)
 GET /api/agent/sync-queue/pending 404 in 66ms (next.js: 13ms, application-code: 53ms)
 POST /api/agent/heartbeat 404 in 51ms (next.js: 13ms, application-code: 38ms)
 GET /api/agent/sync-queue/pending 404 in 62ms (next.js: 12ms, application-code: 50ms)
 GET /api/agent/sync-queue/pending 404 in 67ms (next.js: 12ms, application-code: 55ms)
 POST /api/agent/heartbeat 404 in 62ms (next.js: 12ms, application-code: 49ms)
 GET /api/agent/sync-queue/pending 404 in 64ms (next.js: 10ms, application-code: 54ms)
 GET /api/agent/sync-queue/pending 404 in 63ms (next.js: 14ms, application-code: 49ms)
 POST /api/agent/heartbeat 404 in 56ms (next.js: 12ms, application-code: 44ms)
 GET /api/agent/sync-queue/pending 404 in 52ms (next.js: 11ms, application-code: 41ms)
 GET /api/agent/sync-queue/pending 404 in 55ms (next.js: 15ms, application-code: 40ms)
 POST /api/agent/heartbeat 404 in 68ms (next.js: 12ms, application-code: 56ms)
 GET /api/agent/sync-queue/pending 404 in 72ms (next.js: 12ms, application-code: 60ms)
 GET /api/agent/sync-queue/pending 404 in 65ms (next.js: 11ms, application-code: 54ms)
 POST /api/agent/heartbeat 404 in 62ms (next.js: 20ms, application-code: 42ms)
 GET /api/agent/sync-queue/pending 404 in 59ms (next.js: 12ms, application-code: 47ms)
 GET /api/agent/sync-queue/pending 404 in 63ms (next.js: 13ms, application-code: 50ms)
 POST /api/agent/heartbeat 404 in 61ms (next.js: 12ms, application-code: 49ms)
 GET /api/agent/sync-queue/pending 404 in 56ms (next.js: 12ms, application-code: 44ms)
 GET /api/agent/sync-queue/pending 404 in 63ms (next.js: 12ms, application-code: 52ms)
 POST /api/agent/heartbeat 404 in 60ms (next.js: 13ms, application-code: 47ms)
 GET /api/agent/sync-queue/pending 404 in 57ms (next.js: 12ms, application-code: 45ms)
 GET /api/agent/sync-queue/pending 404 in 51ms (next.js: 13ms, application-code: 38ms)
 POST /api/agent/heartbeat 404 in 71ms (next.js: 12ms, application-code: 59ms)
 GET /api/agent/sync-queue/pending 404 in 65ms (next.js: 12ms, application-code: 53ms)
 GET /api/agent/sync-queue/pending 404 in 62ms (next.js: 15ms, application-code: 47ms)
 POST /api/agent/heartbeat 404 in 49ms (next.js: 12ms, application-code: 37ms)
 GET /api/agent/sync-queue/pending 404 in 60ms (next.js: 14ms, application-code: 46ms)
 GET /api/agent/sync-queue/pending 404 in 111ms (next.js: 14ms, application-code: 96ms)
 POST /api/agent/heartbeat 404 in 64ms (next.js: 11ms, application-code: 52ms)
 GET /api/agent/sync-queue/pending 404 in 60ms (next.js: 13ms, application-code: 47ms)
 GET /api/agent/sync-queue/pending 404 in 66ms (next.js: 13ms, application-code: 53ms)
 POST /api/agent/heartbeat 404 in 60ms (next.js: 20ms, application-code: 41ms)
 GET /api/agent/sync-queue/pending 404 in 42ms (next.js: 10ms, application-code: 32ms)
 GET /api/agent/sync-queue/pending 404 in 62ms (next.js: 13ms, application-code: 49ms)
 POST /api/agent/heartbeat 404 in 51ms (next.js: 12ms, application-code: 39ms)
 GET /api/agent/sync-queue/pending 404 in 62ms (next.js: 14ms, application-code: 48ms)
 GET /api/agent/sync-queue/pending 404 in 49ms (next.js: 11ms, application-code: 38ms)
 POST /api/agent/heartbeat 404 in 63ms (next.js: 14ms, application-code: 49ms)
 GET /api/agent/sync-queue/pending 404 in 65ms (next.js: 12ms, application-code: 53ms)
 GET /api/agent/sync-queue/pending 404 in 65ms (next.js: 13ms, application-code: 51ms)
 POST /api/agent/heartbeat 404 in 63ms (next.js: 17ms, application-code: 46ms)
 GET /api/agent/sync-queue/pending 404 in 53ms (next.js: 14ms, application-code: 39ms)
 GET /api/agent/sync-queue/pending 404 in 54ms (next.js: 12ms, application-code: 42ms)
 POST /api/agent/heartbeat 404 in 60ms (next.js: 14ms, application-code: 46ms)
 GET /api/agent/sync-queue/pending 404 in 61ms (next.js: 14ms, application-code: 48ms)
 GET /api/agent/sync-queue/pending 404 in 69ms (next.js: 14ms, application-code: 55ms)
 POST /api/agent/heartbeat 404 in 55ms (next.js: 16ms, application-code: 39ms)
 GET /api/agent/sync-queue/pending 404 in 72ms (next.js: 12ms, application-code: 60ms)
 GET /api/agent/sync-queue/pending 404 in 65ms (next.js: 14ms, application-code: 51ms)
 POST /api/agent/heartbeat 404 in 71ms (next.js: 17ms, application-code: 54ms)
 GET /api/agent/sync-queue/pending 404 in 82ms (next.js: 11ms, application-code: 71ms)
 GET /api/agent/sync-queue/pending 404 in 51ms (next.js: 11ms, application-code: 40ms)
 POST /api/agent/heartbeat 404 in 63ms (next.js: 13ms, application-code: 50ms)
 GET /api/agent/sync-queue/pending 404 in 54ms (next.js: 12ms, application-code: 42ms)
 GET /api/agent/sync-queue/pending 404 in 61ms (next.js: 12ms, application-code: 49ms)
 POST /api/agent/heartbeat 404 in 59ms (next.js: 12ms, application-code: 47ms)
 GET /api/agent/sync-queue/pending 404 in 90ms (next.js: 14ms, application-code: 76ms)
 GET /api/agent/sync-queue/pending 404 in 50ms (next.js: 12ms, application-code: 38ms)
 POST /api/agent/heartbeat 404 in 59ms (next.js: 13ms, application-code: 46ms)
 GET /api/agent/sync-queue/pending 404 in 50ms (next.js: 11ms, application-code: 38ms)
 GET /api/agent/sync-queue/pending 404 in 59ms (next.js: 12ms, application-code: 47ms)
 POST /api/agent/heartbeat 404 in 56ms (next.js: 12ms, application-code: 44ms)
 GET /api/agent/sync-queue/pending 404 in 59ms (next.js: 12ms, application-code: 48ms)
 GET /api/agent/sync-queue/pending 404 in 61ms (next.js: 12ms, application-code: 49ms)
 POST /api/agent/heartbeat 404 in 47ms (next.js: 12ms, application-code: 36ms)
 GET /api/agent/sync-queue/pending 404 in 100ms (next.js: 13ms, application-code: 86ms)
 GET /api/agent/sync-queue/pending 404 in 56ms (next.js: 11ms, application-code: 46ms)
 POST /api/agent/heartbeat 404 in 57ms (next.js: 14ms, application-code: 43ms)
 GET /api/agent/sync-queue/pending 404 in 64ms (next.js: 12ms, application-code: 52ms)
 GET /api/agent/sync-queue/pending 404 in 57ms (next.js: 12ms, application-code: 45ms)
 POST /api/agent/heartbeat 404 in 70ms (next.js: 16ms, application-code: 54ms)
 GET /api/agent/sync-queue/pending 404 in 72ms (next.js: 19ms, application-code: 53ms)
 GET /api/agent/sync-queue/pending 404 in 71ms (next.js: 19ms, application-code: 52ms)
 POST /api/agent/heartbeat 404 in 62ms (next.js: 12ms, application-code: 50ms)
 GET /api/agent/sync-queue/pending 404 in 56ms (next.js: 8ms, application-code: 48ms)
 GET /api/agent/sync-queue/pending 404 in 54ms (next.js: 14ms, application-code: 40ms)
 POST /api/agent/heartbeat 404 in 71ms (next.js: 12ms, application-code: 59ms)
 GET /api/agent/sync-queue/pending 404 in 76ms (next.js: 14ms, application-code: 61ms)
 GET /api/agent/sync-queue/pending 404 in 55ms (next.js: 14ms, application-code: 41ms)
 POST /api/agent/heartbeat 404 in 58ms (next.js: 12ms, application-code: 45ms)
 GET /api/agent/sync-queue/pending 404 in 67ms (next.js: 14ms, application-code: 53ms)
 GET /api/agent/sync-queue/pending 404 in 62ms (next.js: 14ms, application-code: 48ms)
 POST /api/agent/heartbeat 404 in 62ms (next.js: 14ms, application-code: 48ms)
 GET /api/agent/sync-queue/pending 404 in 52ms (next.js: 11ms, application-code: 41ms)
 GET /api/agent/sync-queue/pending 404 in 67ms (next.js: 13ms, application-code: 54ms)
 POST /api/agent/heartbeat 404 in 82ms (next.js: 23ms, application-code: 59ms)
 GET /api/agent/sync-queue/pending 404 in 55ms (next.js: 11ms, application-code: 43ms)
 GET /api/agent/sync-queue/pending 404 in 78ms (next.js: 14ms, application-code: 65ms)
 POST /api/agent/heartbeat 404 in 61ms (next.js: 10ms, application-code: 51ms)
 GET /api/agent/sync-queue/pending 404 in 60ms (next.js: 12ms, application-code: 48ms)
 GET /api/agent/sync-queue/pending 404 in 70ms (next.js: 16ms, application-code: 54ms)
 POST /api/agent/heartbeat 404 in 57ms (next.js: 12ms, application-code: 45ms)
 GET /api/agent/sync-queue/pending 404 in 54ms (next.js: 15ms, application-code: 39ms)
 GET /api/agent/sync-queue/pending 404 in 56ms (next.js: 13ms, application-code: 43ms)
 POST /api/agent/heartbeat 404 in 54ms (next.js: 11ms, application-code: 43ms)
 GET /api/agent/sync-queue/pending 404 in 56ms (next.js: 11ms, application-code: 45ms)
 GET /api/agent/sync-queue/pending 404 in 69ms (next.js: 14ms, application-code: 56ms)
 POST /api/agent/heartbeat 404 in 41ms (next.js: 7ms, application-code: 34ms)
 GET /api/agent/sync-queue/pending 404 in 59ms (next.js: 12ms, application-code: 47ms)
 GET /api/agent/sync-queue/pending 404 in 70ms (next.js: 13ms, application-code: 57ms)
 POST /api/agent/heartbeat 404 in 70ms (next.js: 12ms, application-code: 58ms)
 GET /api/agent/sync-queue/pending 404 in 63ms (next.js: 10ms, application-code: 53ms)
 GET /api/agent/sync-queue/pending 404 in 58ms (next.js: 13ms, application-code: 46ms)
 POST /api/agent/heartbeat 404 in 70ms (next.js: 16ms, application-code: 55ms)
 GET /api/agent/sync-queue/pending 404 in 54ms (next.js: 11ms, application-code: 44ms)
 GET /api/agent/sync-queue/pending 404 in 62ms (next.js: 21ms, application-code: 42ms)
 POST /api/agent/heartbeat 404 in 51ms (next.js: 11ms, application-code: 40ms)
 GET /api/agent/sync-queue/pending 404 in 52ms (next.js: 11ms, application-code: 41ms)
 GET /api/agent/sync-queue/pending 404 in 60ms (next.js: 11ms, application-code: 49ms)
 POST /api/agent/heartbeat 404 in 55ms (next.js: 13ms, application-code: 43ms)
 GET /api/agent/sync-queue/pending 404 in 57ms (next.js: 12ms, application-code: 45ms)
 GET /api/agent/sync-queue/pending 404 in 75ms (next.js: 13ms, application-code: 61ms)
 POST /api/agent/heartbeat 404 in 62ms (next.js: 13ms, application-code: 50ms)
 GET /api/agent/sync-queue/pending 404 in 49ms (next.js: 12ms, application-code: 36ms)
 GET /api/agent/sync-queue/pending 404 in 60ms (next.js: 11ms, application-code: 49ms)
 POST /api/agent/heartbeat 404 in 65ms (next.js: 12ms, application-code: 53ms)
 GET /api/agent/sync-queue/pending 404 in 52ms (next.js: 11ms, application-code: 41ms)
 GET /api/agent/sync-queue/pending 404 in 61ms (next.js: 12ms, application-code: 50ms)
 POST /api/agent/heartbeat 404 in 58ms (next.js: 18ms, application-code: 40ms)
 GET /api/agent/sync-queue/pending 404 in 62ms (next.js: 12ms, application-code: 50ms)
 GET /api/agent/sync-queue/pending 404 in 54ms (next.js: 12ms, application-code: 42ms)
 POST /api/agent/heartbeat 404 in 59ms (next.js: 16ms, application-code: 43ms)
 GET /api/agent/sync-queue/pending 404 in 60ms (next.js: 14ms, application-code: 46ms)
 GET /api/agent/sync-queue/pending 404 in 76ms (next.js: 13ms, application-code: 63ms)
 POST /api/agent/heartbeat 404 in 54ms (next.js: 13ms, application-code: 41ms)
 GET /api/agent/sync-queue/pending 404 in 75ms (next.js: 15ms, application-code: 60ms)
 GET /api/agent/sync-queue/pending 404 in 49ms (next.js: 12ms, application-code: 37ms)
 POST /api/agent/heartbeat 404 in 50ms (next.js: 12ms, application-code: 38ms)
 GET /api/agent/sync-queue/pending 404 in 50ms (next.js: 10ms, application-code: 40ms)
 GET /api/agent/sync-queue/pending 404 in 66ms (next.js: 12ms, application-code: 54ms)
 POST /api/agent/heartbeat 404 in 47ms (next.js: 11ms, application-code: 36ms)
 GET /api/agent/sync-queue/pending 404 in 57ms (next.js: 13ms, application-code: 44ms)
 GET /api/agent/sync-queue/pending 404 in 50ms (next.js: 11ms, application-code: 39ms)
 POST /api/agent/heartbeat 404 in 42ms (next.js: 8ms, application-code: 34ms)
 GET /api/agent/sync-queue/pending 404 in 50ms (next.js: 11ms, application-code: 39ms)
 GET /api/agent/sync-queue/pending 404 in 66ms (next.js: 12ms, application-code: 54ms)
 POST /api/agent/heartbeat 404 in 61ms (next.js: 12ms, application-code: 49ms)
 GET /api/agent/sync-queue/pending 404 in 47ms (next.js: 12ms, application-code: 35ms)
 GET /api/agent/sync-queue/pending 404 in 50ms (next.js: 11ms, application-code: 39ms)
 POST /api/agent/heartbeat 404 in 53ms (next.js: 17ms, application-code: 36ms)
 GET /api/agent/sync-queue/pending 404 in 60ms (next.js: 13ms, application-code: 47ms)
 GET /api/agent/sync-queue/pending 404 in 71ms (next.js: 12ms, application-code: 58ms)
 POST /api/agent/heartbeat 404 in 56ms (next.js: 8ms, application-code: 48ms)
 GET /api/agent/sync-queue/pending 404 in 49ms (next.js: 9ms, application-code: 40ms)
 GET /api/agent/sync-queue/pending 404 in 73ms (next.js: 13ms, application-code: 60ms)
 POST /api/agent/heartbeat 404 in 80ms (next.js: 14ms, application-code: 66ms)
 GET /api/agent/sync-queue/pending 404 in 67ms (next.js: 13ms, application-code: 54ms)
 GET /api/agent/sync-queue/pending 404 in 93ms (next.js: 15ms, application-code: 78ms)
 POST /api/agent/heartbeat 404 in 63ms (next.js: 18ms, application-code: 45ms)
 GET /api/agent/sync-queue/pending 404 in 65ms (next.js: 14ms, application-code: 51ms)
 GET /api/agent/sync-queue/pending 404 in 78ms (next.js: 8ms, application-code: 70ms)
 POST /api/agent/heartbeat 404 in 65ms (next.js: 13ms, application-code: 52ms)
 GET /api/agent/sync-queue/pending 404 in 53ms (next.js: 11ms, application-code: 42ms)
 GET /api/agent/sync-queue/pending 404 in 90ms (next.js: 20ms, application-code: 70ms)
 POST /api/agent/heartbeat 404 in 53ms (next.js: 13ms, application-code: 40ms)
 GET /api/agent/sync-queue/pending 404 in 56ms (next.js: 11ms, application-code: 45ms)
 GET /api/agent/sync-queue/pending 404 in 118ms (next.js: 18ms, application-code: 100ms)
 POST /api/agent/heartbeat 404 in 64ms (next.js: 24ms, application-code: 40ms)
 GET /api/agent/sync-queue/pending 404 in 81ms (next.js: 13ms, application-code: 68ms)
 GET /api/agent/sync-queue/pending 404 in 65ms (next.js: 12ms, application-code: 52ms)
 POST /api/agent/heartbeat 404 in 81ms (next.js: 11ms, application-code: 70ms)
 GET /api/agent/sync-queue/pending 404 in 69ms (next.js: 12ms, application-code: 58ms)
 GET /api/agent/sync-queue/pending 404 in 79ms (next.js: 24ms, application-code: 55ms)
 POST /api/agent/heartbeat 404 in 57ms (next.js: 16ms, application-code: 41ms)
 GET /api/agent/sync-queue/pending 404 in 75ms (next.js: 17ms, application-code: 58ms)
 GET /api/agent/sync-queue/pending 404 in 84ms (next.js: 21ms, application-code: 64ms)
 POST /api/agent/heartbeat 404 in 59ms (next.js: 10ms, application-code: 49ms)
 GET /api/agent/sync-queue/pending 404 in 71ms (next.js: 20ms, application-code: 51ms)
 GET /api/agent/sync-queue/pending 404 in 62ms (next.js: 16ms, application-code: 46ms)
 POST /api/agent/heartbeat 404 in 57ms (next.js: 8ms, application-code: 49ms)
 GET /api/agent/sync-queue/pending 404 in 48ms (next.js: 9ms, application-code: 38ms)
 GET /api/agent/sync-queue/pending 404 in 72ms (next.js: 18ms, application-code: 54ms)
 POST /api/agent/heartbeat 404 in 58ms (next.js: 16ms, application-code: 42ms)
 GET /api/agent/sync-queue/pending 404 in 72ms (next.js: 15ms, application-code: 58ms)
 GET /api/agent/sync-queue/pending 404 in 66ms (next.js: 10ms, application-code: 56ms)
 POST /api/agent/heartbeat 404 in 83ms (next.js: 23ms, application-code: 60ms)
 GET /api/agent/sync-queue/pending 404 in 52ms (next.js: 14ms, application-code: 37ms)
 GET /api/agent/sync-queue/pending 404 in 61ms (next.js: 11ms, application-code: 50ms)
 POST /api/agent/heartbeat 404 in 81ms (next.js: 14ms, application-code: 67ms)
 GET /api/agent/sync-queue/pending 404 in 57ms (next.js: 14ms, application-code: 43ms)
 GET /api/agent/sync-queue/pending 404 in 62ms (next.js: 13ms, application-code: 49ms)
 POST /api/agent/heartbeat 404 in 57ms (next.js: 17ms, application-code: 40ms)
 GET /api/agent/sync-queue/pending 404 in 57ms (next.js: 13ms, application-code: 44ms)
 GET /api/agent/sync-queue/pending 404 in 62ms (next.js: 16ms, application-code: 46ms)
 POST /api/agent/heartbeat 404 in 80ms (next.js: 13ms, application-code: 67ms)
 GET /api/agent/sync-queue/pending 404 in 62ms (next.js: 12ms, application-code: 50ms)
 GET /api/agent/sync-queue/pending 404 in 84ms (next.js: 7ms, application-code: 76ms)
 POST /api/agent/heartbeat 404 in 58ms (next.js: 14ms, application-code: 44ms)
 GET /api/agent/sync-queue/pending 404 in 79ms (next.js: 13ms, application-code: 66ms)
 GET /api/agent/sync-queue/pending 404 in 58ms (next.js: 8ms, application-code: 50ms)
 POST /api/agent/heartbeat 404 in 82ms (next.js: 14ms, application-code: 68ms)
 GET /api/agent/sync-queue/pending 404 in 78ms (next.js: 15ms, application-code: 63ms)
 GET /api/agent/sync-queue/pending 404 in 60ms (next.js: 7ms, application-code: 52ms)
 POST /api/agent/heartbeat 404 in 70ms (next.js: 23ms, application-code: 47ms)
 GET /api/agent/sync-queue/pending 404 in 71ms (next.js: 14ms, application-code: 57ms)
 GET /api/agent/sync-queue/pending 404 in 62ms (next.js: 14ms, application-code: 48ms)
 POST /api/agent/heartbeat 404 in 74ms (next.js: 14ms, application-code: 61ms)
 GET /api/agent/sync-queue/pending 404 in 62ms (next.js: 12ms, application-code: 50ms)
 GET /api/agent/sync-queue/pending 404 in 79ms (next.js: 17ms, application-code: 62ms)
 POST /api/agent/heartbeat 404 in 60ms (next.js: 13ms, application-code: 47ms)
 GET /api/agent/sync-queue/pending 404 in 73ms (next.js: 12ms, application-code: 61ms)
 GET /api/agent/sync-queue/pending 404 in 67ms (next.js: 10ms, application-code: 57ms)
 POST /api/agent/heartbeat 404 in 82ms (next.js: 13ms, application-code: 69ms)
 GET /api/agent/sync-queue/pending 404 in 96ms (next.js: 14ms, application-code: 82ms)
 GET /api/agent/sync-queue/pending 404 in 74ms (next.js: 20ms, application-code: 54ms)
 POST /api/agent/heartbeat 404 in 104ms (next.js: 18ms, application-code: 86ms)
 GET /api/agent/sync-queue/pending 404 in 67ms (next.js: 8ms, application-code: 59ms)
 GET /api/agent/sync-queue/pending 404 in 54ms (next.js: 12ms, application-code: 42ms)
 POST /api/agent/heartbeat 404 in 99ms (next.js: 14ms, application-code: 85ms)
 GET /api/agent/sync-queue/pending 404 in 67ms (next.js: 14ms, application-code: 53ms)
 GET /api/agent/sync-queue/pending 404 in 63ms (next.js: 14ms, application-code: 49ms)
 POST /api/agent/heartbeat 404 in 92ms (next.js: 32ms, application-code: 59ms)
 GET /api/agent/sync-queue/pending 404 in 99ms (next.js: 13ms, application-code: 85ms)
 GET /api/agent/sync-queue/pending 404 in 58ms (next.js: 19ms, application-code: 39ms)
 POST /api/agent/heartbeat 404 in 87ms (next.js: 14ms, application-code: 73ms)
 GET /api/agent/sync-queue/pending 404 in 74ms (next.js: 13ms, application-code: 60ms)
 GET /api/agent/sync-queue/pending 404 in 52ms (next.js: 16ms, application-code: 37ms)
 POST /api/agent/heartbeat 404 in 77ms (next.js: 16ms, application-code: 61ms)
 GET /api/agent/sync-queue/pending 404 in 77ms (next.js: 12ms, application-code: 65ms)
 GET /api/agent/sync-queue/pending 404 in 53ms (next.js: 9ms, application-code: 45ms)
 POST /api/agent/heartbeat 404 in 69ms (next.js: 15ms, application-code: 54ms)
 GET /api/agent/sync-queue/pending 404 in 77ms (next.js: 16ms, application-code: 61ms)
 GET /api/agent/sync-queue/pending 404 in 46ms (next.js: 10ms, application-code: 36ms)
 POST /api/agent/heartbeat 404 in 81ms (next.js: 11ms, application-code: 71ms)
 GET /api/agent/sync-queue/pending 404 in 82ms (next.js: 13ms, application-code: 69ms)
 GET /api/agent/sync-queue/pending 404 in 39ms (next.js: 6ms, application-code: 32ms)
 POST /api/agent/heartbeat 404 in 45ms (next.js: 12ms, application-code: 33ms)
 GET /api/agent/sync-queue/pending 404 in 66ms (next.js: 11ms, application-code: 54ms)
 GET /api/agent/sync-queue/pending 404 in 40ms (next.js: 7ms, application-code: 33ms)
 POST /api/agent/heartbeat 404 in 76ms (next.js: 22ms, application-code: 54ms)
 GET /api/agent/sync-queue/pending 404 in 86ms (next.js: 18ms, application-code: 68ms)
 GET /api/agent/sync-queue/pending 404 in 61ms (next.js: 15ms, application-code: 45ms)
 POST /api/agent/heartbeat 404 in 60ms (next.js: 12ms, application-code: 48ms)
 GET /api/agent/sync-queue/pending 404 in 64ms (next.js: 13ms, application-code: 51ms)
 GET /api/agent/sync-queue/pending 404 in 48ms (next.js: 11ms, application-code: 36ms)
 POST /api/agent/heartbeat 404 in 53ms (next.js: 12ms, application-code: 41ms)
 GET /api/agent/sync-queue/pending 404 in 63ms (next.js: 11ms, application-code: 52ms)
 GET /api/agent/sync-queue/pending 404 in 50ms (next.js: 11ms, application-code: 39ms)
 POST /api/agent/heartbeat 404 in 61ms (next.js: 15ms, application-code: 47ms)
 GET /api/agent/sync-queue/pending 404 in 56ms (next.js: 12ms, application-code: 44ms)
 GET /api/agent/sync-queue/pending 404 in 63ms (next.js: 13ms, application-code: 49ms)
 POST /api/agent/heartbeat 404 in 82ms (next.js: 16ms, application-code: 66ms)
 GET /api/agent/sync-queue/pending 404 in 84ms (next.js: 23ms, application-code: 61ms)
 GET /api/agent/sync-queue/pending 404 in 60ms (next.js: 15ms, application-code: 45ms)
 POST /api/agent/heartbeat 404 in 74ms (next.js: 12ms, application-code: 62ms)
 GET /api/agent/sync-queue/pending 404 in 77ms (next.js: 12ms, application-code: 66ms)
 GET /api/agent/sync-queue/pending 404 in 61ms (next.js: 17ms, application-code: 44ms)
 POST /api/agent/heartbeat 404 in 90ms (next.js: 17ms, application-code: 73ms)
 GET /api/agent/sync-queue/pending 404 in 48ms (next.js: 9ms, application-code: 39ms)
 GET /api/agent/sync-queue/pending 404 in 73ms (next.js: 16ms, application-code: 57ms)
 POST /api/agent/heartbeat 404 in 50ms (next.js: 13ms, application-code: 37ms)
 GET /api/agent/sync-queue/pending 404 in 60ms (next.js: 16ms, application-code: 44ms)
 GET /api/agent/sync-queue/pending 404 in 86ms (next.js: 13ms, application-code: 73ms)
 POST /api/agent/heartbeat 404 in 76ms (next.js: 16ms, application-code: 60ms)
 GET /api/agent/sync-queue/pending 404 in 41ms (next.js: 8ms, application-code: 34ms)
 GET /api/agent/sync-queue/pending 404 in 52ms (next.js: 16ms, application-code: 36ms)
 POST /api/agent/heartbeat 404 in 62ms (next.js: 12ms, application-code: 50ms)
 GET /api/agent/sync-queue/pending 404 in 53ms (next.js: 12ms, application-code: 40ms)
 GET /api/agent/sync-queue/pending 404 in 64ms (next.js: 12ms, application-code: 52ms)
 POST /api/agent/heartbeat 404 in 49ms (next.js: 12ms, application-code: 37ms)
 GET /api/agent/sync-queue/pending 404 in 82ms (next.js: 11ms, application-code: 70ms)
 GET /api/agent/sync-queue/pending 404 in 45ms (next.js: 11ms, application-code: 34ms)
 POST /api/agent/heartbeat 404 in 56ms (next.js: 15ms, application-code: 41ms)
 GET /api/agent/sync-queue/pending 404 in 54ms (next.js: 11ms, application-code: 42ms)
 GET /api/agent/sync-queue/pending 404 in 57ms (next.js: 12ms, application-code: 45ms)
 POST /api/agent/heartbeat 404 in 69ms (next.js: 24ms, application-code: 45ms)
 GET /api/agent/sync-queue/pending 404 in 91ms (next.js: 14ms, application-code: 77ms)
 GET /api/agent/sync-queue/pending 404 in 75ms (next.js: 15ms, application-code: 60ms)
 POST /api/agent/heartbeat 404 in 58ms (next.js: 11ms, application-code: 47ms)
 GET /api/agent/sync-queue/pending 404 in 55ms (next.js: 13ms, application-code: 43ms)
 GET /api/agent/sync-queue/pending 404 in 62ms (next.js: 17ms, application-code: 45ms)
 POST /api/agent/heartbeat 404 in 60ms (next.js: 10ms, application-code: 51ms)
 GET /api/agent/sync-queue/pending 404 in 69ms (next.js: 14ms, application-code: 55ms)
 GET /api/agent/sync-queue/pending 404 in 57ms (next.js: 14ms, application-code: 43ms)
 POST /api/agent/heartbeat 404 in 50ms (next.js: 15ms, application-code: 35ms)
 GET /api/agent/sync-queue/pending 404 in 60ms (next.js: 12ms, application-code: 49ms)
 GET /api/agent/sync-queue/pending 404 in 66ms (next.js: 13ms, application-code: 54ms)
 POST /api/agent/heartbeat 404 in 57ms (next.js: 11ms, application-code: 46ms)
 GET /api/agent/sync-queue/pending 404 in 78ms (next.js: 13ms, application-code: 65ms)
 GET /api/agent/sync-queue/pending 404 in 50ms (next.js: 12ms, application-code: 38ms)
 POST /api/agent/heartbeat 404 in 53ms (next.js: 11ms, application-code: 42ms)
 GET /api/agent/sync-queue/pending 404 in 69ms (next.js: 13ms, application-code: 56ms)
 GET /api/agent/sync-queue/pending 404 in 39ms (next.js: 7ms, application-code: 32ms)
 POST /api/agent/heartbeat 404 in 62ms (next.js: 18ms, application-code: 44ms)
 GET /api/agent/sync-queue/pending 404 in 54ms (next.js: 11ms, application-code: 43ms)
 GET /api/agent/sync-queue/pending 404 in 52ms (next.js: 15ms, application-code: 37ms)
 POST /api/agent/heartbeat 404 in 64ms (next.js: 12ms, application-code: 53ms)
 GET /api/agent/sync-queue/pending 404 in 57ms (next.js: 11ms, application-code: 46ms)
 GET /api/agent/sync-queue/pending 404 in 54ms (next.js: 12ms, application-code: 43ms)
 POST /api/agent/heartbeat 404 in 67ms (next.js: 15ms, application-code: 52ms)
 GET /api/agent/sync-queue/pending 404 in 55ms (next.js: 11ms, application-code: 44ms)
 GET /api/agent/sync-queue/pending 404 in 49ms (next.js: 12ms, application-code: 37ms)
 POST /api/agent/heartbeat 404 in 80ms (next.js: 17ms, application-code: 62ms)
 GET /api/agent/sync-queue/pending 404 in 67ms (next.js: 12ms, application-code: 55ms)
 GET /api/agent/sync-queue/pending 404 in 62ms (next.js: 12ms, application-code: 50ms)
 POST /api/agent/heartbeat 404 in 68ms (next.js: 13ms, application-code: 54ms)
 GET /api/agent/sync-queue/pending 404 in 66ms (next.js: 13ms, application-code: 52ms)
 GET /api/agent/sync-queue/pending 404 in 67ms (next.js: 14ms, application-code: 53ms)
 POST /api/agent/heartbeat 404 in 60ms (next.js: 13ms, application-code: 47ms)
 GET /api/agent/sync-queue/pending 404 in 67ms (next.js: 15ms, application-code: 52ms)
 GET /api/agent/sync-queue/pending 404 in 49ms (next.js: 12ms, application-code: 37ms)
 POST /api/agent/heartbeat 404 in 95ms (next.js: 17ms, application-code: 78ms)
 GET /api/agent/sync-queue/pending 404 in 44ms (next.js: 10ms, application-code: 34ms)
 GET /api/agent/sync-queue/pending 404 in 97ms (next.js: 18ms, application-code: 79ms)
 POST /api/agent/heartbeat 404 in 75ms (next.js: 16ms, application-code: 58ms)
 GET /api/agent/sync-queue/pending 404 in 59ms (next.js: 12ms, application-code: 47ms)
 GET /api/agent/sync-queue/pending 404 in 61ms (next.js: 14ms, application-code: 48ms)
 POST /api/agent/heartbeat 404 in 59ms (next.js: 14ms, application-code: 46ms)
 GET /api/agent/sync-queue/pending 404 in 72ms (next.js: 13ms, application-code: 59ms)
 GET /api/agent/sync-queue/pending 404 in 80ms (next.js: 14ms, application-code: 66ms)
 POST /api/agent/heartbeat 404 in 68ms (next.js: 14ms, application-code: 54ms)
 GET /api/agent/sync-queue/pending 404 in 63ms (next.js: 12ms, application-code: 51ms)
 GET /api/agent/sync-queue/pending 404 in 61ms (next.js: 13ms, application-code: 49ms)
 POST /api/agent/heartbeat 404 in 67ms (next.js: 7ms, application-code: 60ms)
 GET /api/agent/sync-queue/pending 404 in 64ms (next.js: 15ms, application-code: 49ms)
 GET /api/agent/sync-queue/pending 404 in 66ms (next.js: 13ms, application-code: 53ms)
 POST /api/agent/heartbeat 404 in 45ms (next.js: 12ms, application-code: 33ms)
 GET /api/agent/sync-queue/pending 404 in 48ms (next.js: 11ms, application-code: 37ms)
 GET /api/agent/sync-queue/pending 404 in 59ms (next.js: 12ms, application-code: 47ms)
 POST /api/agent/heartbeat 404 in 79ms (next.js: 22ms, application-code: 57ms)
 GET /api/agent/sync-queue/pending 404 in 62ms (next.js: 14ms, application-code: 48ms)
 GET /api/agent/sync-queue/pending 404 in 68ms (next.js: 15ms, application-code: 54ms)
 POST /api/agent/heartbeat 404 in 55ms (next.js: 11ms, application-code: 45ms)
 GET /api/agent/sync-queue/pending 404 in 53ms (next.js: 12ms, application-code: 41ms)
 GET /api/agent/sync-queue/pending 404 in 51ms (next.js: 11ms, application-code: 40ms)
 POST /api/agent/heartbeat 404 in 59ms (next.js: 11ms, application-code: 48ms)
 GET /api/agent/sync-queue/pending 404 in 59ms (next.js: 17ms, application-code: 42ms)
 GET /api/agent/sync-queue/pending 404 in 51ms (next.js: 11ms, application-code: 39ms)
 POST /api/agent/heartbeat 404 in 79ms (next.js: 12ms, application-code: 67ms)
 GET /api/agent/sync-queue/pending 404 in 54ms (next.js: 12ms, application-code: 42ms)
 GET /api/agent/sync-queue/pending 404 in 62ms (next.js: 12ms, application-code: 51ms)
 POST /api/agent/heartbeat 404 in 86ms (next.js: 15ms, application-code: 72ms)
 GET /api/agent/sync-queue/pending 404 in 54ms (next.js: 12ms, application-code: 42ms)
 GET /api/agent/sync-queue/pending 404 in 51ms (next.js: 12ms, application-code: 39ms)
 POST /api/agent/heartbeat 404 in 72ms (next.js: 16ms, application-code: 57ms)
 GET /api/agent/sync-queue/pending 404 in 51ms (next.js: 12ms, application-code: 39ms)
 GET /api/agent/sync-queue/pending 404 in 48ms (next.js: 12ms, application-code: 37ms)
 POST /api/agent/heartbeat 404 in 69ms (next.js: 20ms, application-code: 50ms)
 GET /api/agent/sync-queue/pending 404 in 68ms (next.js: 16ms, application-code: 52ms)
 GET /api/agent/sync-queue/pending 404 in 54ms (next.js: 12ms, application-code: 42ms)
 POST /api/agent/heartbeat 404 in 68ms (next.js: 12ms, application-code: 56ms)
 GET /api/agent/sync-queue/pending 404 in 73ms (next.js: 13ms, application-code: 61ms)
 GET /api/agent/sync-queue/pending 404 in 63ms (next.js: 13ms, application-code: 50ms)
 POST /api/agent/heartbeat 404 in 66ms (next.js: 17ms, application-code: 49ms)
 GET /api/agent/sync-queue/pending 404 in 41ms (next.js: 9ms, application-code: 31ms)
 GET /api/agent/sync-queue/pending 404 in 57ms (next.js: 14ms, application-code: 43ms)
 POST /api/agent/heartbeat 404 in 93ms (next.js: 14ms, application-code: 79ms)
 GET /api/agent/sync-queue/pending 404 in 59ms (next.js: 12ms, application-code: 48ms)
 GET /api/agent/sync-queue/pending 404 in 66ms (next.js: 15ms, application-code: 51ms)
 POST /api/agent/heartbeat 404 in 69ms (next.js: 12ms, application-code: 58ms)
 GET /api/agent/sync-queue/pending 404 in 52ms (next.js: 12ms, application-code: 40ms)
 GET /api/agent/sync-queue/pending 404 in 50ms (next.js: 13ms, application-code: 37ms)
 POST /api/agent/heartbeat 404 in 57ms (next.js: 12ms, application-code: 45ms)
 GET /api/agent/sync-queue/pending 404 in 66ms (next.js: 18ms, application-code: 48ms)
 GET /api/agent/sync-queue/pending 404 in 64ms (next.js: 13ms, application-code: 50ms)
 POST /api/agent/heartbeat 404 in 79ms (next.js: 21ms, application-code: 58ms)
 GET /api/agent/sync-queue/pending 404 in 91ms (next.js: 18ms, application-code: 73ms)
 GET /api/agent/sync-queue/pending 404 in 63ms (next.js: 12ms, application-code: 51ms)
 POST /api/agent/heartbeat 404 in 66ms (next.js: 12ms, application-code: 54ms)
 GET /api/agent/sync-queue/pending 404 in 70ms (next.js: 17ms, application-code: 54ms)
 GET /api/agent/sync-queue/pending 404 in 49ms (next.js: 13ms, application-code: 36ms)
 POST /api/agent/heartbeat 404 in 53ms (next.js: 12ms, application-code: 41ms)
 GET /api/agent/sync-queue/pending 404 in 70ms (next.js: 13ms, application-code: 58ms)
 GET /api/agent/sync-queue/pending 404 in 60ms (next.js: 13ms, application-code: 47ms)
 POST /api/agent/heartbeat 404 in 74ms (next.js: 14ms, application-code: 60ms)
 GET /api/agent/sync-queue/pending 404 in 53ms (next.js: 12ms, application-code: 41ms)
 GET /api/agent/sync-queue/pending 404 in 70ms (next.js: 11ms, application-code: 59ms)
 POST /api/agent/heartbeat 404 in 51ms (next.js: 12ms, application-code: 39ms)
 GET /api/agent/sync-queue/pending 404 in 64ms (next.js: 15ms, application-code: 49ms)
 GET /api/agent/sync-queue/pending 404 in 52ms (next.js: 13ms, application-code: 39ms)
 POST /api/agent/heartbeat 404 in 75ms (next.js: 13ms, application-code: 62ms)
 GET /api/agent/sync-queue/pending 404 in 75ms (next.js: 19ms, application-code: 56ms)
 GET /api/agent/sync-queue/pending 404 in 49ms (next.js: 12ms, application-code: 38ms)
 POST /api/agent/heartbeat 404 in 70ms (next.js: 18ms, application-code: 52ms)
 GET /api/agent/sync-queue/pending 404 in 62ms (next.js: 13ms, application-code: 49ms)
 GET /api/agent/sync-queue/pending 404 in 68ms (next.js: 14ms, application-code: 54ms)
 POST /api/agent/heartbeat 404 in 62ms (next.js: 13ms, application-code: 49ms)
 GET /api/agent/sync-queue/pending 404 in 60ms (next.js: 12ms, application-code: 48ms)
 GET /api/agent/sync-queue/pending 404 in 54ms (next.js: 12ms, application-code: 42ms)
 POST /api/agent/heartbeat 404 in 52ms (next.js: 13ms, application-code: 39ms)
 GET /api/agent/sync-queue/pending 404 in 62ms (next.js: 11ms, application-code: 51ms)
 GET /api/agent/sync-queue/pending 404 in 60ms (next.js: 11ms, application-code: 49ms)
 POST /api/agent/heartbeat 404 in 61ms (next.js: 13ms, application-code: 48ms)
 GET /api/agent/sync-queue/pending 404 in 51ms (next.js: 11ms, application-code: 40ms)
 GET /api/agent/sync-queue/pending 404 in 53ms (next.js: 12ms, application-code: 40ms)
 POST /api/agent/heartbeat 404 in 53ms (next.js: 12ms, application-code: 41ms)
 GET /api/agent/sync-queue/pending 404 in 52ms (next.js: 12ms, application-code: 40ms)
 GET /api/agent/sync-queue/pending 404 in 58ms (next.js: 11ms, application-code: 47ms)
 POST /api/agent/heartbeat 404 in 61ms (next.js: 10ms, application-code: 52ms)
 GET /api/agent/sync-queue/pending 404 in 49ms (next.js: 11ms, application-code: 37ms)
 GET /api/agent/sync-queue/pending 404 in 54ms (next.js: 16ms, application-code: 38ms)
 POST /api/agent/heartbeat 404 in 66ms (next.js: 15ms, application-code: 51ms)
 GET /api/agent/sync-queue/pending 404 in 55ms (next.js: 13ms, application-code: 42ms)
 GET /api/agent/sync-queue/pending 404 in 56ms (next.js: 14ms, application-code: 42ms)
 POST /api/agent/heartbeat 404 in 62ms (next.js: 12ms, application-code: 50ms)
 GET /api/agent/sync-queue/pending 404 in 46ms (next.js: 10ms, application-code: 35ms)
 GET /api/agent/sync-queue/pending 404 in 57ms (next.js: 11ms, application-code: 46ms)
 POST /api/agent/heartbeat 404 in 80ms (next.js: 16ms, application-code: 64ms)
 GET /api/agent/sync-queue/pending 404 in 65ms (next.js: 15ms, application-code: 51ms)
 GET /api/agent/sync-queue/pending 404 in 56ms (next.js: 12ms, application-code: 44ms)
 POST /api/agent/heartbeat 404 in 60ms (next.js: 15ms, application-code: 46ms)
 GET /api/agent/sync-queue/pending 404 in 53ms (next.js: 10ms, application-code: 43ms)
 GET /api/agent/sync-queue/pending 404 in 59ms (next.js: 11ms, application-code: 48ms)
 POST /api/agent/heartbeat 404 in 65ms (next.js: 11ms, application-code: 55ms)
 GET /api/agent/sync-queue/pending 404 in 53ms (next.js: 7ms, application-code: 46ms)
 GET /api/agent/sync-queue/pending 404 in 61ms (next.js: 15ms, application-code: 46ms)
 POST /api/agent/heartbeat 404 in 65ms (next.js: 13ms, application-code: 52ms)
 GET /api/agent/sync-queue/pending 404 in 108ms (next.js: 30ms, application-code: 78ms)
 GET /api/agent/sync-queue/pending 404 in 73ms (next.js: 12ms, application-code: 60ms)
 POST /api/agent/heartbeat 404 in 55ms (next.js: 17ms, application-code: 37ms)
 GET /api/agent/sync-queue/pending 404 in 89ms (next.js: 19ms, application-code: 70ms)
 GET /api/agent/sync-queue/pending 404 in 59ms (next.js: 14ms, application-code: 46ms)
 POST /api/agent/heartbeat 404 in 61ms (next.js: 7ms, application-code: 54ms)
 GET /api/agent/sync-queue/pending 404 in 71ms (next.js: 14ms, application-code: 56ms)
 GET /api/agent/sync-queue/pending 404 in 51ms (next.js: 12ms, application-code: 39ms)
 POST /api/agent/heartbeat 404 in 68ms (next.js: 12ms, application-code: 56ms)
 GET /api/agent/sync-queue/pending 404 in 57ms (next.js: 10ms, application-code: 47ms)
 GET /api/agent/sync-queue/pending 404 in 60ms (next.js: 10ms, application-code: 49ms)
 POST /api/agent/heartbeat 404 in 62ms (next.js: 12ms, application-code: 49ms)
 GET /api/agent/sync-queue/pending 404 in 100ms (next.js: 15ms, application-code: 85ms)
 GET /api/agent/sync-queue/pending 404 in 56ms (next.js: 15ms, application-code: 41ms)
 POST /api/agent/heartbeat 404 in 51ms (next.js: 15ms, application-code: 36ms)
 GET /api/agent/sync-queue/pending 404 in 71ms (next.js: 12ms, application-code: 59ms)
 GET /api/agent/sync-queue/pending 404 in 58ms (next.js: 12ms, application-code: 46ms)
 POST /api/agent/heartbeat 404 in 85ms (next.js: 15ms, application-code: 70ms)
 GET /api/agent/sync-queue/pending 404 in 72ms (next.js: 14ms, application-code: 59ms)
 GET /api/agent/sync-queue/pending 404 in 68ms (next.js: 13ms, application-code: 54ms)
 POST /api/agent/heartbeat 404 in 97ms (next.js: 21ms, application-code: 76ms)
 GET /api/agent/sync-queue/pending 404 in 68ms (next.js: 15ms, application-code: 53ms)
 GET /api/agent/sync-queue/pending 404 in 78ms (next.js: 13ms, application-code: 65ms)
 POST /api/agent/heartbeat 404 in 57ms (next.js: 12ms, application-code: 45ms)
 GET /api/agent/sync-queue/pending 404 in 61ms (next.js: 13ms, application-code: 48ms)
 GET /api/agent/sync-queue/pending 404 in 49ms (next.js: 14ms, application-code: 35ms)
 POST /api/agent/heartbeat 404 in 66ms (next.js: 16ms, application-code: 50ms)
 GET /api/agent/sync-queue/pending 404 in 68ms (next.js: 13ms, application-code: 55ms)
 GET /api/agent/sync-queue/pending 404 in 48ms (next.js: 11ms, application-code: 37ms)
 POST /api/agent/heartbeat 404 in 66ms (next.js: 13ms, application-code: 52ms)
 GET /api/agent/sync-queue/pending 404 in 56ms (next.js: 15ms, application-code: 41ms)
 GET /api/agent/sync-queue/pending 404 in 57ms (next.js: 12ms, application-code: 45ms)
 POST /api/agent/heartbeat 404 in 59ms (next.js: 10ms, application-code: 50ms)
 GET /api/agent/sync-queue/pending 404 in 58ms (next.js: 12ms, application-code: 46ms)
 GET /api/agent/sync-queue/pending 404 in 62ms (next.js: 12ms, application-code: 50ms)
 POST /api/agent/heartbeat 404 in 77ms (next.js: 14ms, application-code: 62ms)
 GET /api/agent/sync-queue/pending 404 in 64ms (next.js: 12ms, application-code: 53ms)
 GET /api/agent/sync-queue/pending 404 in 57ms (next.js: 19ms, application-code: 38ms)
 POST /api/agent/heartbeat 404 in 54ms (next.js: 17ms, application-code: 37ms)
 GET /api/agent/sync-queue/pending 404 in 66ms (next.js: 12ms, application-code: 54ms)
 GET /api/agent/sync-queue/pending 404 in 52ms (next.js: 12ms, application-code: 40ms)
 POST /api/agent/heartbeat 404 in 55ms (next.js: 12ms, application-code: 43ms)
 GET /api/agent/sync-queue/pending 404 in 51ms (next.js: 12ms, application-code: 40ms)
 GET /api/agent/sync-queue/pending 404 in 51ms (next.js: 11ms, application-code: 40ms)
 POST /api/agent/heartbeat 404 in 65ms (next.js: 14ms, application-code: 50ms)
 GET /api/agent/sync-queue/pending 404 in 57ms (next.js: 11ms, application-code: 46ms)
 GET /api/agent/sync-queue/pending 404 in 69ms (next.js: 11ms, application-code: 58ms)
 POST /api/agent/heartbeat 404 in 71ms (next.js: 15ms, application-code: 56ms)
 GET /api/agent/sync-queue/pending 404 in 46ms (next.js: 9ms, application-code: 37ms)
 GET /api/agent/sync-queue/pending 404 in 71ms (next.js: 15ms, application-code: 56ms)
 POST /api/agent/heartbeat 404 in 52ms (next.js: 12ms, application-code: 39ms)
 GET /api/agent/sync-queue/pending 404 in 57ms (next.js: 16ms, application-code: 41ms)
 GET /api/agent/sync-queue/pending 404 in 65ms (next.js: 17ms, application-code: 48ms)
 POST /api/agent/heartbeat 404 in 64ms (next.js: 13ms, application-code: 51ms)
 GET /api/agent/sync-queue/pending 404 in 76ms (next.js: 25ms, application-code: 51ms)
 GET /api/agent/sync-queue/pending 404 in 63ms (next.js: 15ms, application-code: 48ms)
 POST /api/agent/heartbeat 404 in 74ms (next.js: 22ms, application-code: 52ms)
 GET /api/agent/sync-queue/pending 404 in 51ms (next.js: 14ms, application-code: 37ms)
 GET /api/agent/sync-queue/pending 404 in 60ms (next.js: 12ms, application-code: 48ms)
 POST /api/agent/heartbeat 404 in 62ms (next.js: 13ms, application-code: 49ms)
 GET /api/agent/sync-queue/pending 404 in 52ms (next.js: 12ms, application-code: 39ms)
 GET /api/agent/sync-queue/pending 404 in 65ms (next.js: 9ms, application-code: 56ms)
 POST /api/agent/heartbeat 404 in 63ms (next.js: 13ms, application-code: 50ms)
 GET /api/agent/sync-queue/pending 404 in 59ms (next.js: 12ms, application-code: 47ms)
 GET /api/agent/sync-queue/pending 404 in 58ms (next.js: 13ms, application-code: 45ms)
 POST /api/agent/heartbeat 404 in 51ms (next.js: 11ms, application-code: 40ms)
 GET /api/agent/sync-queue/pending 404 in 48ms (next.js: 11ms, application-code: 38ms)
 GET /api/agent/sync-queue/pending 404 in 84ms (next.js: 11ms, application-code: 73ms)
 POST /api/agent/heartbeat 404 in 74ms (next.js: 12ms, application-code: 62ms)
 GET /api/agent/sync-queue/pending 404 in 49ms (next.js: 11ms, application-code: 38ms)
 GET /api/agent/sync-queue/pending 404 in 56ms (next.js: 15ms, application-code: 41ms)
 POST /api/agent/heartbeat 404 in 54ms (next.js: 16ms, application-code: 38ms)
 GET /api/agent/sync-queue/pending 404 in 47ms (next.js: 11ms, application-code: 36ms)
 GET /api/agent/sync-queue/pending 404 in 66ms (next.js: 14ms, application-code: 52ms)
 POST /api/agent/heartbeat 404 in 54ms (next.js: 17ms, application-code: 37ms)
 GET /api/agent/sync-queue/pending 404 in 59ms (next.js: 12ms, application-code: 47ms)
 GET /api/agent/sync-queue/pending 404 in 83ms (next.js: 15ms, application-code: 68ms)
 POST /api/agent/heartbeat 404 in 56ms (next.js: 13ms, application-code: 44ms)
 GET /api/agent/sync-queue/pending 404 in 61ms (next.js: 11ms, application-code: 50ms)
 GET /api/agent/sync-queue/pending 404 in 50ms (next.js: 11ms, application-code: 39ms)
 POST /api/agent/heartbeat 404 in 57ms (next.js: 18ms, application-code: 39ms)
 GET /api/agent/sync-queue/pending 404 in 60ms (next.js: 12ms, application-code: 48ms)
 GET /api/agent/sync-queue/pending 404 in 49ms (next.js: 11ms, application-code: 38ms)
 POST /api/agent/heartbeat 404 in 50ms (next.js: 12ms, application-code: 38ms)
 GET /api/agent/sync-queue/pending 404 in 46ms (next.js: 11ms, application-code: 34ms)
 GET /api/agent/sync-queue/pending 404 in 50ms (next.js: 10ms, application-code: 39ms)
 POST /api/agent/heartbeat 404 in 58ms (next.js: 12ms, application-code: 46ms)
 GET /api/agent/sync-queue/pending 404 in 80ms (next.js: 15ms, application-code: 65ms)
 GET /api/agent/sync-queue/pending 404 in 51ms (next.js: 11ms, application-code: 40ms)
 POST /api/agent/heartbeat 404 in 59ms (next.js: 11ms, application-code: 47ms)
 GET /api/agent/sync-queue/pending 404 in 53ms (next.js: 14ms, application-code: 39ms)
 GET /api/agent/sync-queue/pending 404 in 65ms (next.js: 14ms, application-code: 51ms)
 POST /api/agent/heartbeat 404 in 58ms (next.js: 18ms, application-code: 39ms)
 GET /api/agent/sync-queue/pending 404 in 58ms (next.js: 11ms, application-code: 47ms)
 GET /api/agent/sync-queue/pending 404 in 51ms (next.js: 12ms, application-code: 40ms)
 POST /api/agent/heartbeat 404 in 61ms (next.js: 16ms, application-code: 45ms)
 GET /api/agent/sync-queue/pending 404 in 94ms (next.js: 15ms, application-code: 79ms)
 GET /api/agent/sync-queue/pending 404 in 74ms (next.js: 16ms, application-code: 58ms)
 POST /api/agent/heartbeat 404 in 60ms (next.js: 13ms, application-code: 47ms)
 GET /api/agent/sync-queue/pending 404 in 70ms (next.js: 15ms, application-code: 55ms)
 GET /api/agent/sync-queue/pending 404 in 67ms (next.js: 15ms, application-code: 52ms)
 POST /api/agent/heartbeat 404 in 55ms (next.js: 14ms, application-code: 41ms)
 GET /api/agent/sync-queue/pending 404 in 44ms (next.js: 6ms, application-code: 38ms)
 GET /api/agent/sync-queue/pending 404 in 70ms (next.js: 15ms, application-code: 56ms)
 POST /api/agent/heartbeat 404 in 58ms (next.js: 13ms, application-code: 45ms)
 GET /api/agent/sync-queue/pending 404 in 84ms (next.js: 14ms, application-code: 70ms)
 GET /api/agent/sync-queue/pending 404 in 68ms (next.js: 17ms, application-code: 51ms)
 POST /api/agent/heartbeat 404 in 67ms (next.js: 12ms, application-code: 55ms)
 GET /api/agent/sync-queue/pending 404 in 55ms (next.js: 12ms, application-code: 43ms)
 GET /api/agent/sync-queue/pending 404 in 57ms (next.js: 13ms, application-code: 45ms)
 POST /api/agent/heartbeat 404 in 67ms (next.js: 18ms, application-code: 49ms)
 GET /api/agent/sync-queue/pending 404 in 61ms (next.js: 12ms, application-code: 49ms)
 GET /api/agent/sync-queue/pending 404 in 68ms (next.js: 13ms, application-code: 55ms)
 POST /api/agent/heartbeat 404 in 75ms (next.js: 9ms, application-code: 66ms)
 GET /api/agent/sync-queue/pending 404 in 54ms (next.js: 12ms, application-code: 42ms)
 GET /api/agent/sync-queue/pending 404 in 61ms (next.js: 13ms, application-code: 48ms)
 POST /api/agent/heartbeat 404 in 57ms (next.js: 12ms, application-code: 44ms)
 GET /api/agent/sync-queue/pending 404 in 58ms (next.js: 13ms, application-code: 45ms)
 GET /api/agent/sync-queue/pending 404 in 56ms (next.js: 10ms, application-code: 45ms)
 POST /api/agent/heartbeat 404 in 65ms (next.js: 15ms, application-code: 50ms)
 GET /api/agent/sync-queue/pending 404 in 57ms (next.js: 11ms, application-code: 46ms)
 GET /api/agent/sync-queue/pending 404 in 73ms (next.js: 16ms, application-code: 58ms)
 POST /api/agent/heartbeat 404 in 64ms (next.js: 12ms, application-code: 52ms)
 GET /api/agent/sync-queue/pending 404 in 63ms (next.js: 12ms, application-code: 52ms)
 GET /api/agent/sync-queue/pending 404 in 66ms (next.js: 12ms, application-code: 54ms)
 POST /api/agent/heartbeat 404 in 65ms (next.js: 11ms, application-code: 54ms)
 GET /api/agent/sync-queue/pending 404 in 51ms (next.js: 15ms, application-code: 36ms)
 GET /api/agent/sync-queue/pending 404 in 74ms (next.js: 12ms, application-code: 62ms)
 POST /api/agent/heartbeat 404 in 77ms (next.js: 17ms, application-code: 61ms)
 GET /api/agent/sync-queue/pending 404 in 59ms (next.js: 16ms, application-code: 44ms)
 GET /api/agent/sync-queue/pending 404 in 62ms (next.js: 11ms, application-code: 51ms)
 POST /api/agent/heartbeat 404 in 65ms (next.js: 12ms, application-code: 53ms)
 GET /api/agent/sync-queue/pending 404 in 59ms (next.js: 11ms, application-code: 47ms)
 GET /api/agent/sync-queue/pending 404 in 63ms (next.js: 22ms, application-code: 41ms)
 POST /api/agent/heartbeat 404 in 61ms (next.js: 14ms, application-code: 47ms)
 GET /api/agent/sync-queue/pending 404 in 55ms (next.js: 12ms, application-code: 43ms)
 GET /api/agent/sync-queue/pending 404 in 62ms (next.js: 17ms, application-code: 45ms)
 POST /api/agent/heartbeat 404 in 62ms (next.js: 11ms, application-code: 51ms)
 GET /api/agent/sync-queue/pending 404 in 92ms (next.js: 19ms, application-code: 73ms)
 GET /api/agent/sync-queue/pending 404 in 72ms (next.js: 10ms, application-code: 62ms)
 POST /api/agent/heartbeat 404 in 60ms (next.js: 11ms, application-code: 49ms)
 GET /api/agent/sync-queue/pending 404 in 79ms (next.js: 15ms, application-code: 64ms)
 GET /api/agent/sync-queue/pending 404 in 57ms (next.js: 22ms, application-code: 35ms)
 POST /api/agent/heartbeat 404 in 75ms (next.js: 14ms, application-code: 61ms)
 GET /api/agent/sync-queue/pending 404 in 81ms (next.js: 17ms, application-code: 64ms)
 GET /api/agent/sync-queue/pending 404 in 58ms (next.js: 16ms, application-code: 42ms)
 POST /api/agent/heartbeat 404 in 64ms (next.js: 20ms, application-code: 44ms)
 GET /api/agent/sync-queue/pending 404 in 79ms (next.js: 13ms, application-code: 66ms)
 GET /api/agent/sync-queue/pending 404 in 61ms (next.js: 20ms, application-code: 41ms)
 POST /api/agent/heartbeat 404 in 60ms (next.js: 13ms, application-code: 47ms)
 GET /api/agent/sync-queue/pending 404 in 60ms (next.js: 15ms, application-code: 46ms)
 GET /api/agent/sync-queue/pending 404 in 78ms (next.js: 19ms, application-code: 59ms)
 POST /api/agent/heartbeat 404 in 58ms (next.js: 15ms, application-code: 43ms)
 GET /api/agent/sync-queue/pending 404 in 66ms (next.js: 13ms, application-code: 53ms)
 GET /api/agent/sync-queue/pending 404 in 65ms (next.js: 27ms, application-code: 38ms)
 POST /api/agent/heartbeat 404 in 48ms (next.js: 11ms, application-code: 37ms)
 GET /api/agent/sync-queue/pending 404 in 59ms (next.js: 20ms, application-code: 40ms)
 GET /api/agent/sync-queue/pending 404 in 62ms (next.js: 13ms, application-code: 48ms)
 POST /api/agent/heartbeat 404 in 62ms (next.js: 12ms, application-code: 50ms)
 GET /api/agent/sync-queue/pending 404 in 85ms (next.js: 23ms, application-code: 62ms)
 GET /api/agent/sync-queue/pending 404 in 50ms (next.js: 13ms, application-code: 37ms)
 POST /api/agent/heartbeat 404 in 53ms (next.js: 11ms, application-code: 42ms)
 GET /api/agent/sync-queue/pending 404 in 40ms (next.js: 8ms, application-code: 32ms)
 GET /api/agent/sync-queue/pending 404 in 72ms (next.js: 16ms, application-code: 57ms)
 POST /api/agent/heartbeat 404 in 39ms (next.js: 6ms, application-code: 33ms)
 GET /api/agent/sync-queue/pending 404 in 40ms (next.js: 7ms, application-code: 33ms)
 GET /api/agent/sync-queue/pending 404 in 64ms (next.js: 15ms, application-code: 49ms)
 POST /api/agent/heartbeat 404 in 52ms (next.js: 13ms, application-code: 40ms)
 GET /api/agent/sync-queue/pending 404 in 67ms (next.js: 16ms, application-code: 51ms)
 GET /api/agent/sync-queue/pending 404 in 52ms (next.js: 14ms, application-code: 39ms)
 POST /api/agent/heartbeat 404 in 79ms (next.js: 15ms, application-code: 63ms)
 GET /api/agent/sync-queue/pending 404 in 58ms (next.js: 13ms, application-code: 44ms)
 GET /api/agent/sync-queue/pending 404 in 49ms (next.js: 12ms, application-code: 37ms)
 POST /api/agent/heartbeat 404 in 85ms (next.js: 12ms, application-code: 73ms)
 GET /api/agent/sync-queue/pending 404 in 59ms (next.js: 14ms, application-code: 45ms)
 GET /api/agent/sync-queue/pending 404 in 72ms (next.js: 23ms, application-code: 50ms)
 POST /api/agent/heartbeat 404 in 49ms (next.js: 12ms, application-code: 37ms)
 GET /api/agent/sync-queue/pending 404 in 57ms (next.js: 12ms, application-code: 46ms)
 GET /api/agent/sync-queue/pending 404 in 56ms (next.js: 13ms, application-code: 43ms)
 POST /api/agent/heartbeat 404 in 48ms (next.js: 6ms, application-code: 41ms)
 GET /api/agent/sync-queue/pending 404 in 58ms (next.js: 14ms, application-code: 43ms)
 GET /api/agent/sync-queue/pending 404 in 72ms (next.js: 14ms, application-code: 58ms)
 POST /api/agent/heartbeat 404 in 54ms (next.js: 21ms, application-code: 33ms)
 GET /api/agent/sync-queue/pending 404 in 68ms (next.js: 12ms, application-code: 56ms)
 GET /api/agent/sync-queue/pending 404 in 58ms (next.js: 13ms, application-code: 46ms)
 POST /api/agent/heartbeat 404 in 62ms (next.js: 12ms, application-code: 51ms)
 GET /api/agent/sync-queue/pending 404 in 75ms (next.js: 16ms, application-code: 58ms)
 GET /api/agent/sync-queue/pending 404 in 54ms (next.js: 12ms, application-code: 42ms)
 POST /api/agent/heartbeat 404 in 70ms (next.js: 13ms, application-code: 56ms)
 GET /api/agent/sync-queue/pending 404 in 68ms (next.js: 21ms, application-code: 46ms)
 GET /api/agent/sync-queue/pending 404 in 53ms (next.js: 13ms, application-code: 40ms)
 POST /api/agent/heartbeat 404 in 62ms (next.js: 14ms, application-code: 48ms)
 GET /api/agent/sync-queue/pending 404 in 63ms (next.js: 14ms, application-code: 48ms)
 GET /api/agent/sync-queue/pending 404 in 70ms (next.js: 14ms, application-code: 56ms)
 POST /api/agent/heartbeat 404 in 54ms (next.js: 13ms, application-code: 40ms)
 GET /api/agent/sync-queue/pending 404 in 64ms (next.js: 12ms, application-code: 52ms)
 GET /api/agent/sync-queue/pending 404 in 83ms (next.js: 14ms, application-code: 69ms)
 POST /api/agent/heartbeat 404 in 59ms (next.js: 12ms, application-code: 47ms)
 GET /api/agent/sync-queue/pending 404 in 52ms (next.js: 13ms, application-code: 39ms)
 GET /api/agent/sync-queue/pending 404 in 63ms (next.js: 11ms, application-code: 51ms)
 POST /api/agent/heartbeat 404 in 60ms (next.js: 27ms, application-code: 32ms)
 GET /api/agent/sync-queue/pending 404 in 56ms (next.js: 13ms, application-code: 43ms)
 GET /api/agent/sync-queue/pending 404 in 85ms (next.js: 14ms, application-code: 70ms)
 POST /api/agent/heartbeat 404 in 53ms (next.js: 12ms, application-code: 41ms)
 GET /api/agent/sync-queue/pending 404 in 51ms (next.js: 13ms, application-code: 38ms)
 GET /api/agent/sync-queue/pending 404 in 59ms (next.js: 12ms, application-code: 47ms)
 POST /api/agent/heartbeat 404 in 67ms (next.js: 15ms, application-code: 52ms)
 GET /api/agent/sync-queue/pending 404 in 57ms (next.js: 13ms, application-code: 45ms)
 GET /api/agent/sync-queue/pending 404 in 61ms (next.js: 13ms, application-code: 48ms)
 POST /api/agent/heartbeat 404 in 51ms (next.js: 12ms, application-code: 39ms)
 GET /api/agent/sync-queue/pending 404 in 58ms (next.js: 14ms, application-code: 44ms)
 GET /api/agent/sync-queue/pending 404 in 70ms (next.js: 13ms, application-code: 57ms)
 POST /api/agent/heartbeat 404 in 54ms (next.js: 13ms, application-code: 40ms)
 GET /api/agent/sync-queue/pending 404 in 71ms (next.js: 13ms, application-code: 59ms)
 GET /api/agent/sync-queue/pending 404 in 50ms (next.js: 11ms, application-code: 39ms)
 POST /api/agent/heartbeat 404 in 49ms (next.js: 11ms, application-code: 38ms)
 GET /api/agent/sync-queue/pending 404 in 59ms (next.js: 11ms, application-code: 48ms)
 GET /api/agent/sync-queue/pending 404 in 52ms (next.js: 12ms, application-code: 40ms)
 POST /api/agent/heartbeat 404 in 59ms (next.js: 16ms, application-code: 43ms)
 GET /api/agent/sync-queue/pending 404 in 50ms (next.js: 11ms, application-code: 39ms)
 GET /api/agent/sync-queue/pending 404 in 83ms (next.js: 11ms, application-code: 72ms)
 POST /api/agent/heartbeat 404 in 62ms (next.js: 12ms, application-code: 51ms)
 GET /api/agent/sync-queue/pending 404 in 41ms (next.js: 8ms, application-code: 34ms)
 GET /api/agent/sync-queue/pending 404 in 49ms (next.js: 11ms, application-code: 38ms)
 POST /api/agent/heartbeat 404 in 55ms (next.js: 11ms, application-code: 43ms)
 GET /api/agent/sync-queue/pending 404 in 47ms (next.js: 10ms, application-code: 37ms)
 GET /api/agent/sync-queue/pending 404 in 56ms (next.js: 10ms, application-code: 47ms)
 POST /api/agent/heartbeat 404 in 72ms (next.js: 15ms, application-code: 56ms)
 GET /api/agent/sync-queue/pending 404 in 67ms (next.js: 16ms, application-code: 51ms)
 GET /api/agent/sync-queue/pending 404 in 68ms (next.js: 14ms, application-code: 54ms)
 POST /api/agent/heartbeat 404 in 60ms (next.js: 11ms, application-code: 49ms)
 GET /api/agent/sync-queue/pending 404 in 58ms (next.js: 13ms, application-code: 45ms)
 GET /api/agent/sync-queue/pending 404 in 65ms (next.js: 12ms, application-code: 53ms)
 POST /api/agent/heartbeat 404 in 59ms (next.js: 16ms, application-code: 43ms)
 GET /api/agent/sync-queue/pending 404 in 57ms (next.js: 11ms, application-code: 46ms)
 GET /api/agent/sync-queue/pending 404 in 63ms (next.js: 9ms, application-code: 53ms)
 POST /api/agent/heartbeat 404 in 47ms (next.js: 12ms, application-code: 34ms)
 GET /api/agent/sync-queue/pending 404 in 56ms (next.js: 12ms, application-code: 44ms)
 GET /api/agent/sync-queue/pending 404 in 58ms (next.js: 12ms, application-code: 46ms)
 POST /api/agent/heartbeat 404 in 61ms (next.js: 12ms, application-code: 48ms)
 GET /api/agent/sync-queue/pending 404 in 58ms (next.js: 14ms, application-code: 44ms)
 GET /api/agent/sync-queue/pending 404 in 64ms (next.js: 13ms, application-code: 52ms)
 POST /api/agent/heartbeat 404 in 56ms (next.js: 11ms, application-code: 45ms)
 GET /api/agent/sync-queue/pending 404 in 88ms (next.js: 16ms, application-code: 72ms)
 GET /api/agent/sync-queue/pending 404 in 55ms (next.js: 10ms, application-code: 44ms)
 POST /api/agent/heartbeat 404 in 53ms (next.js: 15ms, application-code: 38ms)
 GET /api/agent/sync-queue/pending 404 in 59ms (next.js: 17ms, application-code: 41ms)
 GET /api/agent/sync-queue/pending 404 in 65ms (next.js: 12ms, application-code: 53ms)
 POST /api/agent/heartbeat 404 in 65ms (next.js: 15ms, application-code: 50ms)
 GET /api/agent/sync-queue/pending 404 in 51ms (next.js: 12ms, application-code: 39ms)
 GET /api/agent/sync-queue/pending 404 in 75ms (next.js: 12ms, application-code: 63ms)
 POST /api/agent/heartbeat 404 in 62ms (next.js: 14ms, application-code: 48ms)
 GET /api/agent/sync-queue/pending 404 in 59ms (next.js: 12ms, application-code: 47ms)
 GET /api/agent/sync-queue/pending 404 in 54ms (next.js: 13ms, application-code: 41ms)
 POST /api/agent/heartbeat 404 in 68ms (next.js: 17ms, application-code: 51ms)
 GET /api/agent/sync-queue/pending 404 in 56ms (next.js: 12ms, application-code: 44ms)
 GET /api/agent/sync-queue/pending 404 in 58ms (next.js: 10ms, application-code: 47ms)
 POST /api/agent/heartbeat 404 in 58ms (next.js: 13ms, application-code: 45ms)
 GET /api/agent/sync-queue/pending 404 in 74ms (next.js: 12ms, application-code: 62ms)
 GET /api/agent/sync-queue/pending 404 in 95ms (next.js: 21ms, application-code: 75ms)
 POST /api/agent/heartbeat 404 in 79ms (next.js: 17ms, application-code: 62ms)
 GET /api/agent/sync-queue/pending 404 in 63ms (next.js: 12ms, application-code: 51ms)
 GET /api/agent/sync-queue/pending 404 in 56ms (next.js: 11ms, application-code: 45ms)
 POST /api/agent/heartbeat 404 in 66ms (next.js: 12ms, application-code: 54ms)
 GET /api/agent/sync-queue/pending 404 in 64ms (next.js: 12ms, application-code: 52ms)
 GET /api/agent/sync-queue/pending 404 in 78ms (next.js: 14ms, application-code: 64ms)
 POST /api/agent/heartbeat 404 in 50ms (next.js: 9ms, application-code: 42ms)
 GET /api/agent/sync-queue/pending 404 in 57ms (next.js: 14ms, application-code: 44ms)
 GET /api/agent/sync-queue/pending 404 in 55ms (next.js: 14ms, application-code: 41ms)
 POST /api/agent/heartbeat 404 in 76ms (next.js: 12ms, application-code: 64ms)
 GET /api/agent/sync-queue/pending 404 in 59ms (next.js: 14ms, application-code: 45ms)
 GET /api/agent/sync-queue/pending 404 in 61ms (next.js: 11ms, application-code: 50ms)
 POST /api/agent/heartbeat 404 in 75ms (next.js: 24ms, application-code: 51ms)
 GET /api/agent/sync-queue/pending 404 in 42ms (next.js: 8ms, application-code: 35ms)
 GET /api/agent/sync-queue/pending 404 in 77ms (next.js: 27ms, application-code: 49ms)
 POST /api/agent/heartbeat 404 in 53ms (next.js: 12ms, application-code: 41ms)
 GET /api/agent/sync-queue/pending 404 in 53ms (next.js: 11ms, application-code: 42ms)
 GET /api/agent/sync-queue/pending 404 in 49ms (next.js: 12ms, application-code: 37ms)
 POST /api/agent/heartbeat 404 in 66ms (next.js: 13ms, application-code: 52ms)
 GET /api/agent/sync-queue/pending 404 in 59ms (next.js: 13ms, application-code: 46ms)
 GET /api/agent/sync-queue/pending 404 in 62ms (next.js: 15ms, application-code: 47ms)
 POST /api/agent/heartbeat 404 in 60ms (next.js: 11ms, application-code: 48ms)
 GET /api/agent/sync-queue/pending 404 in 75ms (next.js: 14ms, application-code: 60ms)
 GET /api/agent/sync-queue/pending 404 in 50ms (next.js: 12ms, application-code: 38ms)
 POST /api/agent/heartbeat 404 in 64ms (next.js: 13ms, application-code: 51ms)
 GET /api/agent/sync-queue/pending 404 in 54ms (next.js: 11ms, application-code: 43ms)
 GET /api/agent/sync-queue/pending 404 in 70ms (next.js: 13ms, application-code: 57ms)
 POST /api/agent/heartbeat 404 in 55ms (next.js: 12ms, application-code: 43ms)
 GET /api/agent/sync-queue/pending 404 in 68ms (next.js: 10ms, application-code: 57ms)
 GET /api/agent/sync-queue/pending 404 in 63ms (next.js: 15ms, application-code: 49ms)
 POST /api/agent/heartbeat 404 in 71ms (next.js: 19ms, application-code: 52ms)
 GET /api/agent/sync-queue/pending 404 in 50ms (next.js: 12ms, application-code: 39ms)
 GET /api/agent/sync-queue/pending 404 in 72ms (next.js: 14ms, application-code: 58ms)
 POST /api/agent/heartbeat 404 in 53ms (next.js: 12ms, application-code: 41ms)
 GET /api/agent/sync-queue/pending 404 in 57ms (next.js: 12ms, application-code: 46ms)
 GET /api/agent/sync-queue/pending 404 in 65ms (next.js: 13ms, application-code: 52ms)
 POST /api/agent/heartbeat 404 in 67ms (next.js: 13ms, application-code: 54ms)
 GET /api/agent/sync-queue/pending 404 in 54ms (next.js: 15ms, application-code: 39ms)
 GET /api/agent/sync-queue/pending 404 in 53ms (next.js: 12ms, application-code: 41ms)
 POST /api/agent/heartbeat 404 in 78ms (next.js: 14ms, application-code: 64ms)
 GET /api/agent/sync-queue/pending 404 in 60ms (next.js: 12ms, application-code: 48ms)
 GET /api/agent/sync-queue/pending 404 in 57ms (next.js: 15ms, application-code: 43ms)
 POST /api/agent/heartbeat 404 in 56ms (next.js: 13ms, application-code: 44ms)
 GET /api/agent/sync-queue/pending 404 in 74ms (next.js: 13ms, application-code: 61ms)
 GET /api/agent/sync-queue/pending 404 in 84ms (next.js: 17ms, application-code: 67ms)
 POST /api/agent/heartbeat 404 in 51ms (next.js: 13ms, application-code: 38ms)
 GET /api/agent/sync-queue/pending 404 in 64ms (next.js: 11ms, application-code: 52ms)
 GET /api/agent/sync-queue/pending 404 in 63ms (next.js: 17ms, application-code: 47ms)
 POST /api/agent/heartbeat 404 in 72ms (next.js: 16ms, application-code: 56ms)
 GET /api/agent/sync-queue/pending 404 in 57ms (next.js: 12ms, application-code: 45ms)
 GET /api/agent/sync-queue/pending 404 in 62ms (next.js: 12ms, application-code: 50ms)
 POST /api/agent/heartbeat 404 in 44ms (next.js: 8ms, application-code: 36ms)
 GET /api/agent/sync-queue/pending 404 in 69ms (next.js: 13ms, application-code: 56ms)
 GET /api/agent/sync-queue/pending 404 in 61ms (next.js: 13ms, application-code: 48ms)
 POST /api/agent/heartbeat 404 in 54ms (next.js: 10ms, application-code: 44ms)
 GET /api/agent/sync-queue/pending 404 in 59ms (next.js: 12ms, application-code: 47ms)
 GET /api/agent/sync-queue/pending 404 in 63ms (next.js: 18ms, application-code: 44ms)
 POST /api/agent/heartbeat 404 in 74ms (next.js: 16ms, application-code: 58ms)
 GET /api/agent/sync-queue/pending 404 in 48ms (next.js: 11ms, application-code: 37ms)
 GET /api/agent/sync-queue/pending 404 in 63ms (next.js: 15ms, application-code: 47ms)
 POST /api/agent/heartbeat 404 in 73ms (next.js: 13ms, application-code: 60ms)
 GET /api/agent/sync-queue/pending 404 in 48ms (next.js: 12ms, application-code: 36ms)
 GET /api/agent/sync-queue/pending 404 in 56ms (next.js: 12ms, application-code: 44ms)
 POST /api/agent/heartbeat 404 in 67ms (next.js: 15ms, application-code: 52ms)
 GET /api/agent/sync-queue/pending 404 in 69ms (next.js: 15ms, application-code: 55ms)
 GET /api/agent/sync-queue/pending 404 in 72ms (next.js: 14ms, application-code: 57ms)
 POST /api/agent/heartbeat 404 in 85ms (next.js: 17ms, application-code: 67ms)
 GET /api/agent/sync-queue/pending 404 in 55ms (next.js: 10ms, application-code: 45ms)
 GET /api/agent/sync-queue/pending 404 in 57ms (next.js: 14ms, application-code: 43ms)
 POST /api/agent/heartbeat 404 in 58ms (next.js: 12ms, application-code: 46ms)
 GET /api/agent/sync-queue/pending 404 in 57ms (next.js: 14ms, application-code: 44ms)
 GET /api/agent/sync-queue/pending 404 in 63ms (next.js: 14ms, application-code: 49ms)
 POST /api/agent/heartbeat 404 in 56ms (next.js: 13ms, application-code: 43ms)
 GET /api/agent/sync-queue/pending 404 in 70ms (next.js: 15ms, application-code: 55ms)
 GET /api/agent/sync-queue/pending 404 in 57ms (next.js: 14ms, application-code: 43ms)
 POST /api/agent/heartbeat 404 in 105ms (next.js: 13ms, application-code: 92ms)
 GET /api/agent/sync-queue/pending 404 in 50ms (next.js: 9ms, application-code: 42ms)
 GET /api/agent/sync-queue/pending 404 in 73ms (next.js: 13ms, application-code: 59ms)
 POST /api/agent/heartbeat 404 in 49ms (next.js: 14ms, application-code: 36ms)
 GET /api/agent/sync-queue/pending 404 in 57ms (next.js: 14ms, application-code: 43ms)
 GET /api/agent/sync-queue/pending 404 in 62ms (next.js: 12ms, application-code: 50ms)
 POST /api/agent/heartbeat 404 in 62ms (next.js: 14ms, application-code: 47ms)
 GET /api/agent/sync-queue/pending 404 in 51ms (next.js: 13ms, application-code: 38ms)
 GET /api/agent/sync-queue/pending 404 in 54ms (next.js: 11ms, application-code: 43ms)
 POST /api/agent/heartbeat 404 in 55ms (next.js: 19ms, application-code: 36ms)
 GET /api/agent/sync-queue/pending 404 in 54ms (next.js: 13ms, application-code: 42ms)
 GET /api/agent/sync-queue/pending 404 in 82ms (next.js: 15ms, application-code: 67ms)
 POST /api/agent/heartbeat 404 in 56ms (next.js: 13ms, application-code: 43ms)
 GET /api/agent/sync-queue/pending 404 in 54ms (next.js: 15ms, application-code: 39ms)
 GET /api/agent/sync-queue/pending 404 in 43ms (next.js: 8ms, application-code: 35ms)
 POST /api/agent/heartbeat 404 in 60ms (next.js: 17ms, application-code: 42ms)
 GET /api/agent/sync-queue/pending 404 in 56ms (next.js: 10ms, application-code: 47ms)
 GET /api/agent/sync-queue/pending 404 in 56ms (next.js: 12ms, application-code: 45ms)
 POST /api/agent/heartbeat 404 in 62ms (next.js: 14ms, application-code: 47ms)
 GET /api/agent/sync-queue/pending 404 in 56ms (next.js: 11ms, application-code: 45ms)
 GET /api/agent/sync-queue/pending 404 in 65ms (next.js: 14ms, application-code: 51ms)
 POST /api/agent/heartbeat 404 in 63ms (next.js: 16ms, application-code: 47ms)
 GET /api/agent/sync-queue/pending 404 in 71ms (next.js: 13ms, application-code: 59ms)
 GET /api/agent/sync-queue/pending 404 in 56ms (next.js: 13ms, application-code: 43ms)
 POST /api/agent/heartbeat 404 in 48ms (next.js: 9ms, application-code: 39ms)
 GET /api/agent/sync-queue/pending 404 in 73ms (next.js: 15ms, application-code: 58ms)
 GET /api/agent/sync-queue/pending 404 in 63ms (next.js: 13ms, application-code: 50ms)
 POST /api/agent/heartbeat 404 in 74ms (next.js: 20ms, application-code: 54ms)
 GET /api/agent/sync-queue/pending 404 in 59ms (next.js: 11ms, application-code: 47ms)
 GET /api/agent/sync-queue/pending 404 in 57ms (next.js: 15ms, application-code: 42ms)
 POST /api/agent/heartbeat 404 in 54ms (next.js: 13ms, application-code: 41ms)
 GET /api/agent/sync-queue/pending 404 in 47ms (next.js: 9ms, application-code: 38ms)
 GET /api/agent/sync-queue/pending 404 in 60ms (next.js: 22ms, application-code: 38ms)
 POST /api/agent/heartbeat 404 in 88ms (next.js: 14ms, application-code: 74ms)
 GET /api/agent/sync-queue/pending 404 in 54ms (next.js: 13ms, application-code: 42ms)
 GET /api/agent/sync-queue/pending 404 in 86ms (next.js: 15ms, application-code: 70ms)
 POST /api/agent/heartbeat 404 in 61ms (next.js: 12ms, application-code: 49ms)
 GET /api/agent/sync-queue/pending 404 in 57ms (next.js: 14ms, application-code: 43ms)
 GET /api/agent/sync-queue/pending 404 in 42ms (next.js: 11ms, application-code: 31ms)
 POST /api/agent/heartbeat 404 in 63ms (next.js: 16ms, application-code: 47ms)
 GET /api/agent/sync-queue/pending 404 in 68ms (next.js: 12ms, application-code: 56ms)
 GET /api/agent/sync-queue/pending 404 in 57ms (next.js: 17ms, application-code: 40ms)
 POST /api/agent/heartbeat 404 in 86ms (next.js: 16ms, application-code: 70ms)
 GET /api/agent/sync-queue/pending 404 in 54ms (next.js: 11ms, application-code: 43ms)
 GET /api/agent/sync-queue/pending 404 in 66ms (next.js: 11ms, application-code: 56ms)
 POST /api/agent/heartbeat 404 in 54ms (next.js: 18ms, application-code: 37ms)
 GET /api/agent/sync-queue/pending 404 in 36ms (next.js: 6ms, application-code: 30ms)
 GET /api/agent/sync-queue/pending 404 in 51ms (next.js: 11ms, application-code: 40ms)
 POST /api/agent/heartbeat 404 in 63ms (next.js: 14ms, application-code: 49ms)
 GET /api/agent/sync-queue/pending 404 in 51ms (next.js: 14ms, application-code: 38ms)
 GET /api/agent/sync-queue/pending 404 in 59ms (next.js: 12ms, application-code: 47ms)
 POST /api/agent/heartbeat 404 in 47ms (next.js: 11ms, application-code: 36ms)
 GET /api/agent/sync-queue/pending 404 in 54ms (next.js: 14ms, application-code: 40ms)
 GET /api/agent/sync-queue/pending 404 in 57ms (next.js: 13ms, application-code: 44ms)
 POST /api/agent/heartbeat 404 in 58ms (next.js: 14ms, application-code: 43ms)
 GET /api/agent/sync-queue/pending 404 in 61ms (next.js: 13ms, application-code: 49ms)
 GET /api/agent/sync-queue/pending 404 in 65ms (next.js: 14ms, application-code: 51ms)
 POST /api/agent/heartbeat 404 in 47ms (next.js: 6ms, application-code: 41ms)
 GET /api/agent/sync-queue/pending 404 in 60ms (next.js: 13ms, application-code: 46ms)
 GET /api/agent/sync-queue/pending 404 in 56ms (next.js: 11ms, application-code: 45ms)
 POST /api/agent/heartbeat 404 in 48ms (next.js: 11ms, application-code: 37ms)
 GET /api/agent/sync-queue/pending 404 in 63ms (next.js: 12ms, application-code: 51ms)
 GET /api/agent/sync-queue/pending 404 in 52ms (next.js: 10ms, application-code: 42ms)
 POST /api/agent/heartbeat 404 in 62ms (next.js: 18ms, application-code: 44ms)
 GET /api/agent/sync-queue/pending 404 in 49ms (next.js: 12ms, application-code: 38ms)
 GET /api/agent/sync-queue/pending 404 in 64ms (next.js: 15ms, application-code: 49ms)
 POST /api/agent/heartbeat 404 in 53ms (next.js: 14ms, application-code: 40ms)
 GET /api/agent/sync-queue/pending 404 in 71ms (next.js: 13ms, application-code: 58ms)
 GET /api/agent/sync-queue/pending 404 in 60ms (next.js: 12ms, application-code: 48ms)
 POST /api/agent/heartbeat 404 in 51ms (next.js: 7ms, application-code: 44ms)
 GET /api/agent/sync-queue/pending 404 in 53ms (next.js: 13ms, application-code: 40ms)
 GET /api/agent/sync-queue/pending 404 in 56ms (next.js: 14ms, application-code: 42ms)
 POST /api/agent/heartbeat 404 in 68ms (next.js: 13ms, application-code: 54ms)
 GET /api/agent/sync-queue/pending 404 in 49ms (next.js: 10ms, application-code: 39ms)
 GET /api/agent/sync-queue/pending 404 in 53ms (next.js: 12ms, application-code: 42ms)
 POST /api/agent/heartbeat 404 in 57ms (next.js: 11ms, application-code: 46ms)
 GET /api/agent/sync-queue/pending 404 in 75ms (next.js: 13ms, application-code: 62ms)
 GET /api/agent/sync-queue/pending 404 in 57ms (next.js: 12ms, application-code: 45ms)
 POST /api/agent/heartbeat 404 in 56ms (next.js: 13ms, application-code: 43ms)
 GET /api/agent/sync-queue/pending 404 in 57ms (next.js: 11ms, application-code: 46ms)
 GET /api/agent/sync-queue/pending 404 in 55ms (next.js: 17ms, application-code: 38ms)
 POST /api/agent/heartbeat 404 in 67ms (next.js: 17ms, application-code: 50ms)
 GET /api/agent/sync-queue/pending 404 in 76ms (next.js: 14ms, application-code: 62ms)
 GET /api/agent/sync-queue/pending 404 in 49ms (next.js: 11ms, application-code: 37ms)
 POST /api/agent/heartbeat 404 in 67ms (next.js: 13ms, application-code: 55ms)
 GET /api/agent/sync-queue/pending 404 in 59ms (next.js: 14ms, application-code: 45ms)
 GET /api/agent/sync-queue/pending 404 in 47ms (next.js: 11ms, application-code: 37ms)
 POST /api/agent/heartbeat 404 in 59ms (next.js: 13ms, application-code: 47ms)
 GET /api/agent/sync-queue/pending 404 in 54ms (next.js: 13ms, application-code: 41ms)
 GET /api/agent/sync-queue/pending 404 in 52ms (next.js: 11ms, application-code: 41ms)
 POST /api/agent/heartbeat 404 in 58ms (next.js: 14ms, application-code: 44ms)
 GET /api/agent/sync-queue/pending 404 in 75ms (next.js: 14ms, application-code: 61ms)
 GET /api/agent/sync-queue/pending 404 in 64ms (next.js: 11ms, application-code: 53ms)
 POST /api/agent/heartbeat 404 in 66ms (next.js: 12ms, application-code: 54ms)
 GET /api/agent/sync-queue/pending 404 in 66ms (next.js: 12ms, application-code: 54ms)
 GET /api/agent/sync-queue/pending 404 in 67ms (next.js: 11ms, application-code: 56ms)
 POST /api/agent/heartbeat 404 in 61ms (next.js: 14ms, application-code: 47ms)
 GET /api/agent/sync-queue/pending 404 in 47ms (next.js: 11ms, application-code: 36ms)
 GET /api/agent/sync-queue/pending 404 in 66ms (next.js: 13ms, application-code: 53ms)
 POST /api/agent/heartbeat 404 in 73ms (next.js: 14ms, application-code: 60ms)
 GET /api/agent/sync-queue/pending 404 in 50ms (next.js: 12ms, application-code: 38ms)
 GET /api/agent/sync-queue/pending 404 in 77ms (next.js: 15ms, application-code: 61ms)
 POST /api/agent/heartbeat 404 in 69ms (next.js: 13ms, application-code: 56ms)
 GET /api/agent/sync-queue/pending 404 in 58ms (next.js: 13ms, application-code: 45ms)
 GET /api/agent/sync-queue/pending 404 in 57ms (next.js: 12ms, application-code: 46ms)
 POST /api/agent/heartbeat 404 in 59ms (next.js: 12ms, application-code: 47ms)
 GET /api/agent/sync-queue/pending 404 in 79ms (next.js: 13ms, application-code: 66ms)
 GET /api/agent/sync-queue/pending 404 in 60ms (next.js: 17ms, application-code: 43ms)
 POST /api/agent/heartbeat 404 in 48ms (next.js: 12ms, application-code: 36ms)
 GET /api/agent/sync-queue/pending 404 in 53ms (next.js: 12ms, application-code: 41ms)
 GET /api/agent/sync-queue/pending 404 in 71ms (next.js: 10ms, application-code: 61ms)
 POST /api/agent/heartbeat 404 in 87ms (next.js: 12ms, application-code: 74ms)
 GET /api/agent/sync-queue/pending 404 in 55ms (next.js: 12ms, application-code: 43ms)
 GET /api/agent/sync-queue/pending 404 in 65ms (next.js: 16ms, application-code: 48ms)
 POST /api/agent/heartbeat 404 in 59ms (next.js: 14ms, application-code: 44ms)
 GET /api/agent/sync-queue/pending 404 in 50ms (next.js: 10ms, application-code: 40ms)
 GET /api/agent/sync-queue/pending 404 in 70ms (next.js: 18ms, application-code: 52ms)
 POST /api/agent/heartbeat 404 in 64ms (next.js: 18ms, application-code: 46ms)
 GET /api/agent/sync-queue/pending 404 in 66ms (next.js: 16ms, application-code: 50ms)
 GET /api/agent/sync-queue/pending 404 in 65ms (next.js: 14ms, application-code: 51ms)
 POST /api/agent/heartbeat 404 in 62ms (next.js: 16ms, application-code: 46ms)
 GET /api/agent/sync-queue/pending 404 in 79ms (next.js: 16ms, application-code: 63ms)
 GET /api/agent/sync-queue/pending 404 in 69ms (next.js: 15ms, application-code: 54ms)
 POST /api/agent/heartbeat 404 in 61ms (next.js: 13ms, application-code: 48ms)
 GET /api/agent/sync-queue/pending 404 in 68ms (next.js: 15ms, application-code: 52ms)
 GET /api/agent/sync-queue/pending 404 in 51ms (next.js: 16ms, application-code: 35ms)
 POST /api/agent/heartbeat 404 in 64ms (next.js: 15ms, application-code: 49ms)
 GET /api/agent/sync-queue/pending 404 in 58ms (next.js: 15ms, application-code: 43ms)
 GET /api/agent/sync-queue/pending 404 in 57ms (next.js: 16ms, application-code: 41ms)
 POST /api/agent/heartbeat 404 in 56ms (next.js: 13ms, application-code: 43ms)
 GET /api/agent/sync-queue/pending 404 in 58ms (next.js: 12ms, application-code: 46ms)
 GET /api/agent/sync-queue/pending 404 in 69ms (next.js: 17ms, application-code: 52ms)
 POST /api/agent/heartbeat 404 in 62ms (next.js: 14ms, application-code: 48ms)
 GET /api/agent/sync-queue/pending 404 in 59ms (next.js: 12ms, application-code: 47ms)
 GET /api/agent/sync-queue/pending 404 in 60ms (next.js: 14ms, application-code: 46ms)
 POST /api/agent/heartbeat 404 in 67ms (next.js: 17ms, application-code: 50ms)
 GET /api/agent/sync-queue/pending 404 in 54ms (next.js: 12ms, application-code: 42ms)
 GET /api/agent/sync-queue/pending 404 in 73ms (next.js: 18ms, application-code: 54ms)
 POST /api/agent/heartbeat 404 in 68ms (next.js: 15ms, application-code: 53ms)
 GET /api/agent/sync-queue/pending 404 in 57ms (next.js: 20ms, application-code: 37ms)
 GET /api/agent/sync-queue/pending 404 in 72ms (next.js: 14ms, application-code: 57ms)
 POST /api/agent/heartbeat 404 in 76ms (next.js: 13ms, application-code: 62ms)
 GET /api/agent/sync-queue/pending 404 in 65ms (next.js: 12ms, application-code: 53ms)
 GET /api/agent/sync-queue/pending 404 in 66ms (next.js: 12ms, application-code: 53ms)
 POST /api/agent/heartbeat 404 in 49ms (next.js: 13ms, application-code: 36ms)
 GET /api/agent/sync-queue/pending 404 in 53ms (next.js: 15ms, application-code: 38ms)
 GET /api/agent/sync-queue/pending 404 in 55ms (next.js: 13ms, application-code: 42ms)
 POST /api/agent/heartbeat 404 in 59ms (next.js: 14ms, application-code: 45ms)
 GET /api/agent/sync-queue/pending 404 in 71ms (next.js: 21ms, application-code: 50ms)
 GET /api/agent/sync-queue/pending 404 in 62ms (next.js: 14ms, application-code: 49ms)
 POST /api/agent/heartbeat 404 in 53ms (next.js: 13ms, application-code: 40ms)
 GET /api/agent/sync-queue/pending 404 in 56ms (next.js: 11ms, application-code: 45ms)
 GET /api/agent/sync-queue/pending 404 in 61ms (next.js: 13ms, application-code: 48ms)
 POST /api/agent/heartbeat 404 in 61ms (next.js: 18ms, application-code: 43ms)
 GET /api/agent/sync-queue/pending 404 in 51ms (next.js: 12ms, application-code: 39ms)
 GET /api/agent/sync-queue/pending 404 in 61ms (next.js: 15ms, application-code: 46ms)
 POST /api/agent/heartbeat 404 in 52ms (next.js: 11ms, application-code: 41ms)
 GET /api/agent/sync-queue/pending 404 in 55ms (next.js: 10ms, application-code: 45ms)
 GET /api/agent/sync-queue/pending 404 in 64ms (next.js: 12ms, application-code: 52ms)
 POST /api/agent/heartbeat 404 in 47ms (next.js: 12ms, application-code: 35ms)
 GET /api/agent/sync-queue/pending 404 in 52ms (next.js: 10ms, application-code: 42ms)
 GET /api/agent/sync-queue/pending 404 in 51ms (next.js: 12ms, application-code: 39ms)
 POST /api/agent/heartbeat 404 in 72ms (next.js: 31ms, application-code: 41ms)
 GET /api/agent/sync-queue/pending 404 in 56ms (next.js: 10ms, application-code: 46ms)
 GET /api/agent/sync-queue/pending 404 in 55ms (next.js: 12ms, application-code: 43ms)
 POST /api/agent/heartbeat 404 in 52ms (next.js: 12ms, application-code: 40ms)
 GET /api/agent/sync-queue/pending 404 in 65ms (next.js: 14ms, application-code: 51ms)
 GET /api/agent/sync-queue/pending 404 in 63ms (next.js: 12ms, application-code: 51ms)
 POST /api/agent/heartbeat 404 in 63ms (next.js: 16ms, application-code: 47ms)
 GET /api/agent/sync-queue/pending 404 in 53ms (next.js: 7ms, application-code: 46ms)
 GET /api/agent/sync-queue/pending 404 in 80ms (next.js: 17ms, application-code: 63ms)
 POST /api/agent/heartbeat 404 in 76ms (next.js: 17ms, application-code: 59ms)
 GET /api/agent/sync-queue/pending 404 in 55ms (next.js: 10ms, application-code: 46ms)
 GET /api/agent/sync-queue/pending 404 in 63ms (next.js: 12ms, application-code: 51ms)
 POST /api/agent/heartbeat 404 in 49ms (next.js: 13ms, application-code: 37ms)
 GET /api/agent/sync-queue/pending 404 in 89ms (next.js: 15ms, application-code: 74ms)
 GET /api/agent/sync-queue/pending 404 in 92ms (next.js: 20ms, application-code: 72ms)
 POST /api/agent/heartbeat 404 in 48ms (next.js: 12ms, application-code: 36ms)
 GET /api/agent/sync-queue/pending 404 in 81ms (next.js: 13ms, application-code: 68ms)
 GET /api/agent/sync-queue/pending 404 in 82ms (next.js: 13ms, application-code: 69ms)
 POST /api/agent/heartbeat 404 in 69ms (next.js: 16ms, application-code: 54ms)
 GET /api/agent/sync-queue/pending 404 in 54ms (next.js: 12ms, application-code: 42ms)
 GET /api/agent/sync-queue/pending 404 in 74ms (next.js: 12ms, application-code: 62ms)
 POST /api/agent/heartbeat 404 in 49ms (next.js: 10ms, application-code: 40ms)
 GET /api/agent/sync-queue/pending 404 in 60ms (next.js: 17ms, application-code: 42ms)
 GET /api/agent/sync-queue/pending 404 in 64ms (next.js: 14ms, application-code: 49ms)
 POST /api/agent/heartbeat 404 in 88ms (next.js: 14ms, application-code: 74ms)
 GET /api/agent/sync-queue/pending 404 in 97ms (next.js: 14ms, application-code: 83ms)
 GET /api/agent/sync-queue/pending 404 in 56ms (next.js: 13ms, application-code: 44ms)
 POST /api/agent/heartbeat 404 in 51ms (next.js: 18ms, application-code: 33ms)
 GET /api/agent/sync-queue/pending 404 in 63ms (next.js: 17ms, application-code: 47ms)
 GET /api/agent/sync-queue/pending 404 in 79ms (next.js: 18ms, application-code: 61ms)
 POST /api/agent/heartbeat 404 in 79ms (next.js: 14ms, application-code: 65ms)
 GET /api/agent/sync-queue/pending 404 in 56ms (next.js: 10ms, application-code: 46ms)
 GET /api/agent/sync-queue/pending 404 in 72ms (next.js: 12ms, application-code: 60ms)
 POST /api/agent/heartbeat 404 in 90ms (next.js: 16ms, application-code: 74ms)
 GET /api/agent/sync-queue/pending 404 in 97ms (next.js: 14ms, application-code: 83ms)
 GET /api/agent/sync-queue/pending 404 in 85ms (next.js: 10ms, application-code: 74ms)
 POST /api/agent/heartbeat 404 in 82ms (next.js: 15ms, application-code: 67ms)
 GET /api/agent/sync-queue/pending 404 in 58ms (next.js: 10ms, application-code: 48ms)
 GET /api/agent/sync-queue/pending 404 in 69ms (next.js: 10ms, application-code: 58ms)
 POST /api/agent/heartbeat 404 in 73ms (next.js: 20ms, application-code: 53ms)
 GET /api/agent/sync-queue/pending 404 in 105ms (next.js: 21ms, application-code: 84ms)
 GET /api/agent/sync-queue/pending 404 in 114ms (next.js: 34ms, application-code: 80ms)
 POST /api/agent/heartbeat 404 in 126ms (next.js: 19ms, application-code: 107ms)
 GET /api/agent/sync-queue/pending 404 in 120ms (next.js: 16ms, application-code: 104ms)
 GET /api/agent/sync-queue/pending 404 in 122ms (next.js: 40ms, application-code: 82ms)
 POST /api/agent/heartbeat 404 in 115ms (next.js: 27ms, application-code: 88ms)
 GET /api/agent/sync-queue/pending 404 in 94ms (next.js: 8ms, application-code: 86ms)
 GET /api/agent/sync-queue/pending 404 in 75ms (next.js: 20ms, application-code: 56ms)
 POST /api/agent/heartbeat 404 in 66ms (next.js: 12ms, application-code: 54ms)
 GET /api/agent/sync-queue/pending 404 in 122ms (next.js: 13ms, application-code: 109ms)
 GET /api/agent/sync-queue/pending 404 in 110ms (next.js: 18ms, application-code: 92ms)
 POST /api/agent/heartbeat 404 in 108ms (next.js: 20ms, application-code: 87ms)
 GET /api/agent/sync-queue/pending 404 in 139ms (next.js: 11ms, application-code: 128ms)
 GET /api/agent/sync-queue/pending 404 in 126ms (next.js: 24ms, application-code: 102ms)
 POST /api/agent/heartbeat 404 in 131ms (next.js: 19ms, application-code: 111ms)
 GET /api/agent/sync-queue/pending 404 in 105ms (next.js: 17ms, application-code: 87ms)
 GET /api/agent/sync-queue/pending 404 in 126ms (next.js: 30ms, application-code: 97ms)
 POST /api/agent/heartbeat 404 in 129ms (next.js: 21ms, application-code: 108ms)
 GET /api/agent/sync-queue/pending 404 in 95ms (next.js: 13ms, application-code: 82ms)
 GET /api/agent/sync-queue/pending 404 in 132ms (next.js: 26ms, application-code: 105ms)
 POST /api/agent/heartbeat 404 in 121ms (next.js: 26ms, application-code: 95ms)
 GET /api/agent/sync-queue/pending 404 in 233ms (next.js: 18ms, application-code: 215ms)
 GET /api/agent/sync-queue/pending 404 in 137ms (next.js: 21ms, application-code: 116ms)
 POST /api/agent/heartbeat 404 in 112ms (next.js: 23ms, application-code: 89ms)
 GET /api/agent/sync-queue/pending 404 in 111ms (next.js: 17ms, application-code: 94ms)
 GET /api/agent/sync-queue/pending 404 in 130ms (next.js: 27ms, application-code: 103ms)
 POST /api/agent/heartbeat 404 in 76ms (next.js: 18ms, application-code: 58ms)
 GET /api/agent/sync-queue/pending 404 in 131ms (next.js: 15ms, application-code: 116ms)
 GET /api/agent/sync-queue/pending 404 in 125ms (next.js: 25ms, application-code: 100ms)
 POST /api/agent/heartbeat 404 in 131ms (next.js: 26ms, application-code: 105ms)
 GET /api/agent/sync-queue/pending 404 in 127ms (next.js: 22ms, application-code: 106ms)
 GET /api/agent/sync-queue/pending 404 in 111ms (next.js: 21ms, application-code: 91ms)
 POST /api/agent/heartbeat 404 in 101ms (next.js: 9ms, application-code: 92ms)
 GET /login?callbackUrl=%2Fdashboard 200 in 81ms (next.js: 13ms, application-code: 69ms)
 GET /login?callbackUrl=%2Fdashboard 200 in 84ms (next.js: 11ms, application-code: 74ms)
 GET /api/agent/sync-queue/pending 404 in 51ms (next.js: 9ms, application-code: 42ms)
 GET /api/agent/sync-queue/pending 404 in 153ms (next.js: 36ms, application-code: 117ms)
 POST /api/agent/heartbeat 404 in 137ms (next.js: 19ms, application-code: 118ms)
 GET / 200 in 287ms (next.js: 160ms, application-code: 127ms)
 GET /login 200 in 59ms (next.js: 15ms, application-code: 44ms)
 GET /api/agent/sync-queue/pending 404 in 332ms (next.js: 115ms, application-code: 217ms)
 GET / 200 in 60ms (next.js: 14ms, application-code: 46ms)
 GET /api/agent/sync-queue/pending 404 in 118ms (next.js: 35ms, application-code: 82ms)
 GET /upload/vendor 200 in 78ms (next.js: 22ms, application-code: 56ms)
 POST /api/agent/heartbeat 404 in 123ms (next.js: 26ms, application-code: 96ms)
 GET /api/agent/sync-queue/pending 404 in 125ms (next.js: 19ms, application-code: 106ms)
 GET /api/agent/sync-queue/pending 404 in 131ms (next.js: 24ms, application-code: 107ms)
 POST /api/agent/heartbeat 404 in 147ms (next.js: 54ms, application-code: 94ms)
 GET /api/agent/sync-queue/pending 404 in 164ms (next.js: 56ms, application-code: 108ms)
 GET /api/agent/sync-queue/pending 404 in 108ms (next.js: 25ms, application-code: 84ms)
 GET /review/vendor 200 in 192ms (next.js: 145ms, application-code: 47ms)
 POST /api/agent/heartbeat 404 in 132ms (next.js: 21ms, application-code: 111ms)
 GET /api/agent/sync-queue/pending 404 in 93ms (next.js: 17ms, application-code: 76ms)
 GET /api/agent/sync-queue/pending 404 in 116ms (next.js: 22ms, application-code: 94ms)
 POST /api/agent/heartbeat 404 in 160ms (next.js: 15ms, application-code: 146ms)
 GET /api/agent/sync-queue/pending 404 in 101ms (next.js: 13ms, application-code: 88ms)
 GET /api/agent/sync-queue/pending 404 in 121ms (next.js: 23ms, application-code: 99ms)
 POST /api/agent/heartbeat 404 in 112ms (next.js: 16ms, application-code: 96ms)
 GET /api/agent/sync-queue/pending 404 in 130ms (next.js: 16ms, application-code: 114ms)
 GET /api/agent/sync-queue/pending 404 in 112ms (next.js: 23ms, application-code: 89ms)
 POST /api/agent/heartbeat 404 in 121ms (next.js: 16ms, application-code: 105ms)
 GET /api/agent/sync-queue/pending 404 in 136ms (next.js: 30ms, application-code: 106ms)
 GET /api/agent/sync-queue/pending 404 in 112ms (next.js: 20ms, application-code: 91ms)
 POST /api/agent/heartbeat 404 in 150ms (next.js: 24ms, application-code: 127ms)
 GET /api/agent/sync-queue/pending 404 in 115ms (next.js: 19ms, application-code: 96ms)
 GET /api/agent/sync-queue/pending 404 in 103ms (next.js: 21ms, application-code: 83ms)
 POST /api/agent/heartbeat 404 in 121ms (next.js: 37ms, application-code: 84ms)
 GET /api/agent/sync-queue/pending 404 in 93ms (next.js: 18ms, application-code: 75ms)
 GET /api/agent/sync-queue/pending 404 in 111ms (next.js: 23ms, application-code: 88ms)
 POST /api/agent/heartbeat 404 in 138ms (next.js: 23ms, application-code: 115ms)
 GET /api/agent/sync-queue/pending 404 in 115ms (next.js: 18ms, application-code: 97ms)
 GET /api/agent/sync-queue/pending 404 in 113ms (next.js: 23ms, application-code: 90ms)
 POST /api/agent/heartbeat 404 in 125ms (next.js: 49ms, application-code: 76ms)
 GET /api/agent/sync-queue/pending 404 in 91ms (next.js: 14ms, application-code: 77ms)
 GET /api/agent/sync-queue/pending 404 in 103ms (next.js: 23ms, application-code: 80ms)
 POST /api/agent/heartbeat 404 in 108ms (next.js: 18ms, application-code: 90ms)
 GET /api/agent/sync-queue/pending 404 in 84ms (next.js: 17ms, application-code: 66ms)
 GET /api/agent/sync-queue/pending 404 in 117ms (next.js: 25ms, application-code: 92ms)
 POST /api/agent/heartbeat 404 in 77ms (next.js: 13ms, application-code: 64ms)
 GET /api/agent/sync-queue/pending 404 in 207ms (next.js: 69ms, application-code: 138ms)
 GET /api/agent/sync-queue/pending 404 in 108ms (next.js: 20ms, application-code: 88ms)
 POST /api/agent/heartbeat 404 in 100ms (next.js: 22ms, application-code: 77ms)
 GET /api/agent/sync-queue/pending 404 in 102ms (next.js: 13ms, application-code: 89ms)
 GET /api/agent/sync-queue/pending 404 in 118ms (next.js: 27ms, application-code: 90ms)
 POST /api/agent/heartbeat 404 in 62ms (next.js: 9ms, application-code: 53ms)
 GET /api/agent/sync-queue/pending 404 in 118ms (next.js: 26ms, application-code: 92ms)
 GET /api/agent/sync-queue/pending 404 in 123ms (next.js: 26ms, application-code: 98ms)
 POST /api/agent/heartbeat 404 in 139ms (next.js: 30ms, application-code: 109ms)
 GET /api/agent/sync-queue/pending 404 in 193ms (next.js: 20ms, application-code: 173ms)
 GET /api/agent/sync-queue/pending 404 in 140ms (next.js: 29ms, application-code: 111ms)
 POST /api/agent/heartbeat 404 in 103ms (next.js: 20ms, application-code: 83ms)
 GET /api/agent/sync-queue/pending 404 in 133ms (next.js: 46ms, application-code: 87ms)
 GET /api/agent/sync-queue/pending 404 in 85ms (next.js: 15ms, application-code: 70ms)
 POST /api/agent/heartbeat 404 in 101ms (next.js: 15ms, application-code: 86ms)
 GET /api/agent/sync-queue/pending 404 in 50ms (next.js: 9ms, application-code: 40ms)
 GET /api/agent/sync-queue/pending 404 in 85ms (next.js: 15ms, application-code: 70ms)
 POST /api/agent/heartbeat 404 in 113ms (next.js: 18ms, application-code: 95ms)
 GET /api/agent/sync-queue/pending 404 in 133ms (next.js: 24ms, application-code: 109ms)
 GET /api/agent/sync-queue/pending 404 in 151ms (next.js: 27ms, application-code: 125ms)
 POST /api/agent/heartbeat 404 in 122ms (next.js: 23ms, application-code: 99ms)
 GET /api/agent/sync-queue/pending 404 in 77ms (next.js: 9ms, application-code: 68ms)
 GET /api/agent/sync-queue/pending 404 in 129ms (next.js: 16ms, application-code: 113ms)
 POST /api/agent/heartbeat 404 in 90ms (next.js: 23ms, application-code: 67ms)
 GET /api/agent/sync-queue/pending 404 in 107ms (next.js: 28ms, application-code: 78ms)
 GET /api/agent/sync-queue/pending 404 in 121ms (next.js: 22ms, application-code: 100ms)
 POST /api/agent/heartbeat 404 in 85ms (next.js: 15ms, application-code: 70ms)
 GET /api/agent/sync-queue/pending 404 in 126ms (next.js: 25ms, application-code: 101ms)
 GET /api/agent/sync-queue/pending 404 in 129ms (next.js: 29ms, application-code: 100ms)
 POST /api/agent/heartbeat 404 in 213ms (next.js: 28ms, application-code: 184ms)
 GET /api/agent/sync-queue/pending 404 in 145ms (next.js: 24ms, application-code: 120ms)
 GET /api/agent/sync-queue/pending 404 in 48ms (next.js: 8ms, application-code: 40ms)
 POST /api/agent/heartbeat 404 in 127ms (next.js: 26ms, application-code: 102ms)
 GET /api/agent/sync-queue/pending 404 in 107ms (next.js: 21ms, application-code: 86ms)
 GET /api/agent/sync-queue/pending 404 in 129ms (next.js: 27ms, application-code: 102ms)
 POST /api/agent/heartbeat 404 in 123ms (next.js: 23ms, application-code: 100ms)
 GET /api/agent/sync-queue/pending 404 in 99ms (next.js: 13ms, application-code: 86ms)
 GET /api/agent/sync-queue/pending 404 in 121ms (next.js: 21ms, application-code: 99ms)
 POST /api/agent/heartbeat 404 in 163ms (next.js: 19ms, application-code: 143ms)
 GET /api/agent/sync-queue/pending 404 in 123ms (next.js: 32ms, application-code: 91ms)
 GET /api/agent/sync-queue/pending 404 in 121ms (next.js: 21ms, application-code: 100ms)
 POST /api/agent/heartbeat 404 in 108ms (next.js: 23ms, application-code: 86ms)
 GET /api/agent/sync-queue/pending 404 in 110ms (next.js: 18ms, application-code: 92ms)
 GET /api/agent/sync-queue/pending 404 in 102ms (next.js: 19ms, application-code: 83ms)
 POST /api/agent/heartbeat 404 in 152ms (next.js: 26ms, application-code: 126ms)
 GET /api/agent/sync-queue/pending 404 in 92ms (next.js: 17ms, application-code: 75ms)
 GET /api/agent/sync-queue/pending 404 in 121ms (next.js: 22ms, application-code: 99ms)
 POST /api/agent/heartbeat 404 in 135ms (next.js: 19ms, application-code: 116ms)
 GET /api/agent/sync-queue/pending 404 in 100ms (next.js: 14ms, application-code: 86ms)
 GET /api/agent/sync-queue/pending 404 in 109ms (next.js: 21ms, application-code: 89ms)
 POST /api/agent/heartbeat 404 in 135ms (next.js: 19ms, application-code: 116ms)
 GET /api/agent/sync-queue/pending 404 in 104ms (next.js: 13ms, application-code: 90ms)
 GET /api/agent/sync-queue/pending 404 in 120ms (next.js: 29ms, application-code: 91ms)
 POST /api/agent/heartbeat 404 in 143ms (next.js: 30ms, application-code: 113ms)
 GET /api/agent/sync-queue/pending 404 in 122ms (next.js: 24ms, application-code: 98ms)
 GET /api/agent/sync-queue/pending 404 in 124ms (next.js: 27ms, application-code: 97ms)
 POST /api/agent/heartbeat 404 in 110ms (next.js: 15ms, application-code: 96ms)
 GET /api/agent/sync-queue/pending 404 in 44ms (next.js: 9ms, application-code: 34ms)
 GET /api/agent/sync-queue/pending 404 in 48ms (next.js: 9ms, application-code: 39ms)
 POST /api/agent/heartbeat 404 in 67ms (next.js: 20ms, application-code: 48ms)
 GET /api/agent/sync-queue/pending 404 in 69ms (next.js: 18ms, application-code: 52ms)
 GET /api/agent/sync-queue/pending 404 in 47ms (next.js: 10ms, application-code: 38ms)
 POST /api/agent/heartbeat 404 in 59ms (next.js: 15ms, application-code: 43ms)
 GET /api/agent/sync-queue/pending 404 in 63ms (next.js: 22ms, application-code: 40ms)
 GET /api/agent/sync-queue/pending 404 in 118ms (next.js: 18ms, application-code: 100ms)
 POST /api/agent/heartbeat 404 in 57ms (next.js: 15ms, application-code: 42ms)
 GET /api/agent/sync-queue/pending 404 in 69ms (next.js: 12ms, application-code: 57ms)
 GET /api/agent/sync-queue/pending 404 in 72ms (next.js: 13ms, application-code: 60ms)
 POST /api/agent/heartbeat 404 in 58ms (next.js: 13ms, application-code: 46ms)
 GET /api/agent/sync-queue/pending 404 in 78ms (next.js: 13ms, application-code: 66ms)
 GET /api/agent/sync-queue/pending 404 in 73ms (next.js: 14ms, application-code: 59ms)
 POST /api/agent/heartbeat 404 in 58ms (next.js: 20ms, application-code: 38ms)
 GET /api/agent/sync-queue/pending 404 in 53ms (next.js: 13ms, application-code: 40ms)
 GET /api/agent/sync-queue/pending 404 in 63ms (next.js: 12ms, application-code: 51ms)
 POST /api/agent/heartbeat 404 in 57ms (next.js: 15ms, application-code: 41ms)
 GET /api/agent/sync-queue/pending 404 in 56ms (next.js: 14ms, application-code: 42ms)
 GET /api/agent/sync-queue/pending 404 in 67ms (next.js: 13ms, application-code: 54ms)
 POST /api/agent/heartbeat 404 in 59ms (next.js: 20ms, application-code: 39ms)
 GET /api/agent/sync-queue/pending 404 in 53ms (next.js: 12ms, application-code: 41ms)
 GET /api/agent/sync-queue/pending 404 in 67ms (next.js: 15ms, application-code: 52ms)
 POST /api/agent/heartbeat 404 in 83ms (next.js: 17ms, application-code: 66ms)
 GET /api/agent/sync-queue/pending 404 in 61ms (next.js: 14ms, application-code: 47ms)
 GET /api/agent/sync-queue/pending 404 in 76ms (next.js: 14ms, application-code: 63ms)
 POST /api/agent/heartbeat 404 in 62ms (next.js: 13ms, application-code: 48ms)
 GET /api/agent/sync-queue/pending 404 in 59ms (next.js: 12ms, application-code: 47ms)
 GET /api/agent/sync-queue/pending 404 in 52ms (next.js: 12ms, application-code: 39ms)
 POST /api/agent/heartbeat 404 in 64ms (next.js: 16ms, application-code: 49ms)
 GET /api/agent/sync-queue/pending 404 in 49ms (next.js: 13ms, application-code: 37ms)
 GET /api/agent/sync-queue/pending 404 in 66ms (next.js: 17ms, application-code: 49ms)
 POST /api/agent/heartbeat 404 in 57ms (next.js: 12ms, application-code: 45ms)
 GET /api/agent/sync-queue/pending 404 in 57ms (next.js: 15ms, application-code: 42ms)
 GET /api/agent/sync-queue/pending 404 in 73ms (next.js: 13ms, application-code: 60ms)
 POST /api/agent/heartbeat 404 in 69ms (next.js: 11ms, application-code: 58ms)
 GET /api/agent/sync-queue/pending 404 in 74ms (next.js: 24ms, application-code: 50ms)
 GET /api/agent/sync-queue/pending 404 in 59ms (next.js: 12ms, application-code: 47ms)
 POST /api/agent/heartbeat 404 in 56ms (next.js: 18ms, application-code: 38ms)
 GET /api/agent/sync-queue/pending 404 in 56ms (next.js: 12ms, application-code: 44ms)
 GET /api/agent/sync-queue/pending 404 in 70ms (next.js: 16ms, application-code: 55ms)
 POST /api/agent/heartbeat 404 in 62ms (next.js: 16ms, application-code: 46ms)
 GET /api/agent/sync-queue/pending 404 in 71ms (next.js: 13ms, application-code: 58ms)
 GET /api/agent/sync-queue/pending 404 in 56ms (next.js: 15ms, application-code: 41ms)
 POST /api/agent/heartbeat 404 in 47ms (next.js: 12ms, application-code: 36ms)
 GET /api/agent/sync-queue/pending 404 in 63ms (next.js: 14ms, application-code: 49ms)
 GET /api/agent/sync-queue/pending 404 in 55ms (next.js: 12ms, application-code: 43ms)
 POST /api/agent/heartbeat 404 in 55ms (next.js: 16ms, application-code: 39ms)
 GET /api/agent/sync-queue/pending 404 in 53ms (next.js: 13ms, application-code: 40ms)
 GET /api/agent/sync-queue/pending 404 in 53ms (next.js: 16ms, application-code: 37ms)
 POST /api/agent/heartbeat 404 in 63ms (next.js: 12ms, application-code: 51ms)
 GET /api/agent/sync-queue/pending 404 in 54ms (next.js: 13ms, application-code: 41ms)
 GET /api/agent/sync-queue/pending 404 in 56ms (next.js: 13ms, application-code: 43ms)
 POST /api/agent/heartbeat 404 in 65ms (next.js: 14ms, application-code: 51ms)
 GET /api/agent/sync-queue/pending 404 in 60ms (next.js: 12ms, application-code: 48ms)
 GET /api/agent/sync-queue/pending 404 in 76ms (next.js: 13ms, application-code: 63ms)
 POST /api/agent/heartbeat 404 in 88ms (next.js: 24ms, application-code: 64ms)
 GET /api/agent/sync-queue/pending 404 in 60ms (next.js: 14ms, application-code: 46ms)
 GET /api/agent/sync-queue/pending 404 in 68ms (next.js: 15ms, application-code: 53ms)
 POST /api/agent/heartbeat 404 in 67ms (next.js: 13ms, application-code: 54ms)
 GET /api/agent/sync-queue/pending 404 in 53ms (next.js: 12ms, application-code: 41ms)
 GET /api/agent/sync-queue/pending 404 in 63ms (next.js: 13ms, application-code: 50ms)
 POST /api/agent/heartbeat 404 in 44ms (next.js: 10ms, application-code: 34ms)
 GET /api/agent/sync-queue/pending 404 in 62ms (next.js: 12ms, application-code: 50ms)
 GET /api/agent/sync-queue/pending 404 in 57ms (next.js: 13ms, application-code: 44ms)
 POST /api/agent/heartbeat 404 in 67ms (next.js: 13ms, application-code: 54ms)
 GET /api/agent/sync-queue/pending 404 in 64ms (next.js: 12ms, application-code: 52ms)
 GET /api/agent/sync-queue/pending 404 in 58ms (next.js: 11ms, application-code: 46ms)
 POST /api/agent/heartbeat 404 in 55ms (next.js: 15ms, application-code: 40ms)
 GET /api/agent/sync-queue/pending 404 in 64ms (next.js: 17ms, application-code: 47ms)
 GET /api/agent/sync-queue/pending 404 in 68ms (next.js: 19ms, application-code: 48ms)
 POST /api/agent/heartbeat 404 in 48ms (next.js: 11ms, application-code: 37ms)
 GET /api/agent/sync-queue/pending 404 in 64ms (next.js: 15ms, application-code: 50ms)
 GET /api/agent/sync-queue/pending 404 in 55ms (next.js: 16ms, application-code: 39ms)
 POST /api/agent/heartbeat 404 in 100ms (next.js: 24ms, application-code: 77ms)
 GET /api/agent/sync-queue/pending 404 in 53ms (next.js: 13ms, application-code: 40ms)
 GET /api/agent/sync-queue/pending 404 in 95ms (next.js: 20ms, application-code: 75ms)
 POST /api/agent/heartbeat 404 in 55ms (next.js: 13ms, application-code: 43ms)
 GET /api/agent/sync-queue/pending 404 in 55ms (next.js: 12ms, application-code: 43ms)
 GET /api/agent/sync-queue/pending 404 in 90ms (next.js: 15ms, application-code: 74ms)
 POST /api/agent/heartbeat 404 in 50ms (next.js: 12ms, application-code: 38ms)
 GET /api/agent/sync-queue/pending 404 in 61ms (next.js: 12ms, application-code: 49ms)
 GET /api/agent/sync-queue/pending 404 in 72ms (next.js: 13ms, application-code: 59ms)
 POST /api/agent/heartbeat 404 in 77ms (next.js: 16ms, application-code: 61ms)
 GET /api/agent/sync-queue/pending 404 in 52ms (next.js: 14ms, application-code: 38ms)
 GET /api/agent/sync-queue/pending 404 in 91ms (next.js: 13ms, application-code: 78ms)
 POST /api/agent/heartbeat 404 in 46ms (next.js: 12ms, application-code: 34ms)
 GET /api/agent/sync-queue/pending 404 in 93ms (next.js: 21ms, application-code: 73ms)
 GET /api/agent/sync-queue/pending 404 in 63ms (next.js: 13ms, application-code: 51ms)
 POST /api/agent/heartbeat 404 in 55ms (next.js: 13ms, application-code: 43ms)
 GET /api/agent/sync-queue/pending 404 in 44ms (next.js: 12ms, application-code: 32ms)
 GET /api/agent/sync-queue/pending 404 in 48ms (next.js: 13ms, application-code: 35ms)
 POST /api/agent/heartbeat 404 in 69ms (next.js: 20ms, application-code: 49ms)
 GET /api/agent/sync-queue/pending 404 in 60ms (next.js: 13ms, application-code: 47ms)
 GET /api/agent/sync-queue/pending 404 in 79ms (next.js: 19ms, application-code: 60ms)
 POST /api/agent/heartbeat 404 in 67ms (next.js: 14ms, application-code: 53ms)
 GET /api/agent/sync-queue/pending 404 in 66ms (next.js: 16ms, application-code: 50ms)
 GET /api/agent/sync-queue/pending 404 in 66ms (next.js: 13ms, application-code: 53ms)
 POST /api/agent/heartbeat 404 in 64ms (next.js: 11ms, application-code: 54ms)
 GET /api/agent/sync-queue/pending 404 in 54ms (next.js: 13ms, application-code: 42ms)
 GET /api/agent/sync-queue/pending 404 in 54ms (next.js: 13ms, application-code: 41ms)
 POST /api/agent/heartbeat 404 in 52ms (next.js: 13ms, application-code: 39ms)
 GET /api/agent/sync-queue/pending 404 in 55ms (next.js: 12ms, application-code: 43ms)
 GET /api/agent/sync-queue/pending 404 in 63ms (next.js: 10ms, application-code: 53ms)
 POST /api/agent/heartbeat 404 in 93ms (next.js: 17ms, application-code: 76ms)
 GET /api/agent/sync-queue/pending 404 in 63ms (next.js: 12ms, application-code: 51ms)
 GET /api/agent/sync-queue/pending 404 in 48ms (next.js: 10ms, application-code: 38ms)
 POST /api/agent/heartbeat 404 in 63ms (next.js: 19ms, application-code: 44ms)
 GET /api/agent/sync-queue/pending 404 in 82ms (next.js: 18ms, application-code: 64ms)
 GET /api/agent/sync-queue/pending 404 in 64ms (next.js: 15ms, application-code: 49ms)
 POST /api/agent/heartbeat 404 in 70ms (next.js: 18ms, application-code: 52ms)
 GET /api/agent/sync-queue/pending 404 in 64ms (next.js: 14ms, application-code: 51ms)
 GET /api/agent/sync-queue/pending 404 in 69ms (next.js: 12ms, application-code: 57ms)
 POST /api/agent/heartbeat 404 in 72ms (next.js: 12ms, application-code: 60ms)
 GET /api/agent/sync-queue/pending 404 in 54ms (next.js: 8ms, application-code: 46ms)
 GET /api/agent/sync-queue/pending 404 in 51ms (next.js: 12ms, application-code: 39ms)
 POST /api/agent/heartbeat 404 in 84ms (next.js: 16ms, application-code: 67ms)
 GET /api/agent/sync-queue/pending 404 in 69ms (next.js: 17ms, application-code: 53ms)
 GET /api/agent/sync-queue/pending 404 in 65ms (next.js: 12ms, application-code: 53ms)
 POST /api/agent/heartbeat 404 in 74ms (next.js: 15ms, application-code: 60ms)
 GET /api/agent/sync-queue/pending 404 in 57ms (next.js: 16ms, application-code: 42ms)
 GET /api/agent/sync-queue/pending 404 in 86ms (next.js: 17ms, application-code: 70ms)
 POST /api/agent/heartbeat 404 in 78ms (next.js: 21ms, application-code: 57ms)
 GET /api/agent/sync-queue/pending 404 in 47ms (next.js: 7ms, application-code: 40ms)
 GET /api/agent/sync-queue/pending 404 in 47ms (next.js: 8ms, application-code: 38ms)
 POST /api/agent/heartbeat 404 in 50ms (next.js: 10ms, application-code: 40ms)
 GET /api/agent/sync-queue/pending 404 in 58ms (next.js: 12ms, application-code: 46ms)
 GET /api/agent/sync-queue/pending 404 in 60ms (next.js: 13ms, application-code: 47ms)
 POST /api/agent/heartbeat 404 in 56ms (next.js: 18ms, application-code: 38ms)
 GET /api/agent/sync-queue/pending 404 in 74ms (next.js: 11ms, application-code: 63ms)
 GET /api/agent/sync-queue/pending 404 in 76ms (next.js: 15ms, application-code: 61ms)
 POST /api/agent/heartbeat 404 in 43ms (next.js: 8ms, application-code: 36ms)
 GET /api/agent/sync-queue/pending 404 in 54ms (next.js: 9ms, application-code: 45ms)
 GET /api/agent/sync-queue/pending 404 in 59ms (next.js: 11ms, application-code: 48ms)
 POST /api/agent/heartbeat 404 in 68ms (next.js: 21ms, application-code: 47ms)
 GET /api/agent/sync-queue/pending 404 in 66ms (next.js: 15ms, application-code: 51ms)
 GET /api/agent/sync-queue/pending 404 in 70ms (next.js: 13ms, application-code: 57ms)
 POST /api/agent/heartbeat 404 in 71ms (next.js: 28ms, application-code: 43ms)
 GET /api/agent/sync-queue/pending 404 in 57ms (next.js: 12ms, application-code: 45ms)
 GET /api/agent/sync-queue/pending 404 in 60ms (next.js: 12ms, application-code: 48ms)
 POST /api/agent/heartbeat 404 in 52ms (next.js: 9ms, application-code: 44ms)
 GET /api/agent/sync-queue/pending 404 in 52ms (next.js: 8ms, application-code: 44ms)
 GET /api/agent/sync-queue/pending 404 in 72ms (next.js: 19ms, application-code: 53ms)
 POST /api/agent/heartbeat 404 in 80ms (next.js: 19ms, application-code: 61ms)
 GET /api/agent/sync-queue/pending 404 in 114ms (next.js: 17ms, application-code: 97ms)
 GET /api/agent/sync-queue/pending 404 in 86ms (next.js: 18ms, application-code: 68ms)
 POST /api/agent/heartbeat 404 in 88ms (next.js: 30ms, application-code: 58ms)
 GET /api/agent/sync-queue/pending 404 in 50ms (next.js: 9ms, application-code: 41ms)
 GET /api/agent/sync-queue/pending 404 in 69ms (next.js: 16ms, application-code: 53ms)
 POST /api/agent/heartbeat 404 in 53ms (next.js: 12ms, application-code: 41ms)
 GET /api/agent/sync-queue/pending 404 in 64ms (next.js: 12ms, application-code: 52ms)
 GET /api/agent/sync-queue/pending 404 in 70ms (next.js: 15ms, application-code: 55ms)
 POST /api/agent/heartbeat 404 in 46ms (next.js: 7ms, application-code: 39ms)
 GET /api/agent/sync-queue/pending 404 in 59ms (next.js: 11ms, application-code: 47ms)
 GET /api/agent/sync-queue/pending 404 in 72ms (next.js: 13ms, application-code: 59ms)
 POST /api/agent/heartbeat 404 in 59ms (next.js: 14ms, application-code: 45ms)
 GET /api/agent/sync-queue/pending 404 in 61ms (next.js: 13ms, application-code: 48ms)
 GET /api/agent/sync-queue/pending 404 in 78ms (next.js: 12ms, application-code: 66ms)
 POST /api/agent/heartbeat 404 in 62ms (next.js: 13ms, application-code: 49ms)
 GET /api/agent/sync-queue/pending 404 in 62ms (next.js: 13ms, application-code: 49ms)
 GET /api/agent/sync-queue/pending 404 in 73ms (next.js: 12ms, application-code: 61ms)
 POST /api/agent/heartbeat 404 in 57ms (next.js: 11ms, application-code: 46ms)
 GET /api/agent/sync-queue/pending 404 in 63ms (next.js: 14ms, application-code: 50ms)
 GET /api/agent/sync-queue/pending 404 in 79ms (next.js: 14ms, application-code: 64ms)
 POST /api/agent/heartbeat 404 in 65ms (next.js: 19ms, application-code: 46ms)
 GET /api/agent/sync-queue/pending 404 in 62ms (next.js: 12ms, application-code: 50ms)
 GET /api/agent/sync-queue/pending 404 in 62ms (next.js: 13ms, application-code: 50ms)
 POST /api/agent/heartbeat 404 in 62ms (next.js: 12ms, application-code: 50ms)
 GET /api/agent/sync-queue/pending 404 in 75ms (next.js: 20ms, application-code: 55ms)
 GET /api/agent/sync-queue/pending 404 in 57ms (next.js: 11ms, application-code: 46ms)
 POST /api/agent/heartbeat 404 in 63ms (next.js: 15ms, application-code: 48ms)
 GET /api/agent/sync-queue/pending 404 in 53ms (next.js: 11ms, application-code: 42ms)
 GET /api/agent/sync-queue/pending 404 in 46ms (next.js: 8ms, application-code: 39ms)
 POST /api/agent/heartbeat 404 in 55ms (next.js: 16ms, application-code: 39ms)
 GET /api/agent/sync-queue/pending 404 in 70ms (next.js: 13ms, application-code: 57ms)
 GET /api/agent/sync-queue/pending 404 in 61ms (next.js: 11ms, application-code: 50ms)
 POST /api/agent/heartbeat 404 in 72ms (next.js: 16ms, application-code: 56ms)
 GET /api/agent/sync-queue/pending 404 in 79ms (next.js: 15ms, application-code: 64ms)
 GET /api/agent/sync-queue/pending 404 in 81ms (next.js: 14ms, application-code: 67ms)
 POST /api/agent/heartbeat 404 in 50ms (next.js: 10ms, application-code: 39ms)
 GET /api/agent/sync-queue/pending 404 in 73ms (next.js: 16ms, application-code: 57ms)
 GET /api/agent/sync-queue/pending 404 in 146ms (next.js: 22ms, application-code: 124ms)
 POST /api/agent/heartbeat 404 in 111ms (next.js: 31ms, application-code: 80ms)
 GET /api/agent/sync-queue/pending 404 in 143ms (next.js: 26ms, application-code: 118ms)
 GET /api/agent/sync-queue/pending 404 in 114ms (next.js: 20ms, application-code: 94ms)
 POST /api/agent/heartbeat 404 in 57ms (next.js: 11ms, application-code: 46ms)
 GET /api/agent/sync-queue/pending 404 in 57ms (next.js: 12ms, application-code: 45ms)
 GET /api/agent/sync-queue/pending 404 in 73ms (next.js: 14ms, application-code: 60ms)
 POST /api/agent/heartbeat 404 in 55ms (next.js: 9ms, application-code: 46ms)
 GET /api/agent/sync-queue/pending 404 in 71ms (next.js: 15ms, application-code: 57ms)
 GET /api/agent/sync-queue/pending 404 in 55ms (next.js: 11ms, application-code: 45ms)
 POST /api/agent/heartbeat 404 in 64ms (next.js: 12ms, application-code: 52ms)
 GET /api/agent/sync-queue/pending 404 in 70ms (next.js: 14ms, application-code: 56ms)
 GET /api/agent/sync-queue/pending 404 in 53ms (next.js: 13ms, application-code: 40ms)
 POST /api/agent/heartbeat 404 in 77ms (next.js: 11ms, application-code: 66ms)
 GET /api/agent/sync-queue/pending 404 in 63ms (next.js: 14ms, application-code: 49ms)
 GET /api/agent/sync-queue/pending 404 in 62ms (next.js: 13ms, application-code: 49ms)
 POST /api/agent/heartbeat 404 in 52ms (next.js: 12ms, application-code: 41ms)
 GET /api/agent/sync-queue/pending 404 in 51ms (next.js: 14ms, application-code: 37ms)
 GET /api/agent/sync-queue/pending 404 in 59ms (next.js: 16ms, application-code: 42ms)
 POST /api/agent/heartbeat 404 in 70ms (next.js: 28ms, application-code: 42ms)
 GET /api/agent/sync-queue/pending 404 in 52ms (next.js: 12ms, application-code: 40ms)
 GET /api/agent/sync-queue/pending 404 in 66ms (next.js: 15ms, application-code: 51ms)
 POST /api/agent/heartbeat 404 in 61ms (next.js: 14ms, application-code: 47ms)
 GET /api/agent/sync-queue/pending 404 in 59ms (next.js: 12ms, application-code: 47ms)
 GET /api/agent/sync-queue/pending 404 in 68ms (next.js: 19ms, application-code: 49ms)
 POST /api/agent/heartbeat 404 in 74ms (next.js: 15ms, application-code: 59ms)
 GET /api/agent/sync-queue/pending 404 in 54ms (next.js: 16ms, application-code: 38ms)
✓ Compiled in 439ms
 GET /api/agent/sync-queue/pending 404 in 422ms (next.js: 173ms, application-code: 249ms)
 POST /api/agent/heartbeat 404 in 49ms (next.js: 9ms, application-code: 40ms)
 GET /api/agent/sync-queue/pending 404 in 50ms (next.js: 10ms, application-code: 41ms)
 GET /api/agent/sync-queue/pending 404 in 89ms (next.js: 19ms, application-code: 70ms)
✓ Compiled in 158ms
 POST /api/agent/heartbeat 404 in 347ms (next.js: 121ms, application-code: 226ms)
 GET /api/agent/sync-queue/pending 404 in 105ms (next.js: 16ms, application-code: 89ms)
 GET /api/agent/sync-queue/pending 404 in 103ms (next.js: 17ms, application-code: 86ms)
 POST /api/agent/heartbeat 404 in 76ms (next.js: 14ms, application-code: 63ms)
 GET /api/agent/sync-queue/pending 404 in 71ms (next.js: 10ms, application-code: 61ms)
 GET /api/agent/sync-queue/pending 404 in 251ms (next.js: 22ms, application-code: 228ms)
 POST /api/agent/heartbeat 404 in 75ms (next.js: 18ms, application-code: 58ms)
 GET /api/agent/sync-queue/pending 404 in 109ms (next.js: 14ms, application-code: 95ms)
 GET /api/agent/sync-queue/pending 404 in 69ms (next.js: 12ms, application-code: 57ms)
 POST /api/agent/heartbeat 404 in 118ms (next.js: 16ms, application-code: 101ms)
 GET /api/agent/sync-queue/pending 404 in 68ms (next.js: 10ms, application-code: 58ms)
 GET /api/agent/sync-queue/pending 404 in 51ms (next.js: 9ms, application-code: 42ms)
 POST /api/agent/heartbeat 404 in 57ms (next.js: 8ms, application-code: 48ms)
 GET /api/agent/sync-queue/pending 404 in 73ms (next.js: 10ms, application-code: 63ms)
 GET /api/agent/sync-queue/pending 404 in 61ms (next.js: 10ms, application-code: 50ms)
 POST /api/agent/heartbeat 404 in 51ms (next.js: 8ms, application-code: 43ms)
 GET /api/agent/sync-queue/pending 404 in 54ms (next.js: 10ms, application-code: 44ms)
 GET /api/agent/sync-queue/pending 404 in 63ms (next.js: 9ms, application-code: 54ms)
 POST /api/agent/heartbeat 404 in 64ms (next.js: 11ms, application-code: 53ms)
 GET /api/agent/sync-queue/pending 404 in 67ms (next.js: 10ms, application-code: 57ms)
 GET /api/agent/sync-queue/pending 404 in 85ms (next.js: 12ms, application-code: 73ms)
 POST /api/agent/heartbeat 404 in 78ms (next.js: 11ms, application-code: 67ms)
 GET /api/agent/sync-queue/pending 404 in 69ms (next.js: 14ms, application-code: 54ms)
 GET /api/agent/sync-queue/pending 404 in 65ms (next.js: 12ms, application-code: 53ms)
 POST /api/agent/heartbeat 404 in 60ms (next.js: 14ms, application-code: 46ms)
 GET /api/agent/sync-queue/pending 404 in 83ms (next.js: 20ms, application-code: 63ms)
 GET /api/agent/sync-queue/pending 404 in 66ms (next.js: 15ms, application-code: 51ms)
 POST /api/agent/heartbeat 404 in 52ms (next.js: 13ms, application-code: 39ms)
 GET /api/agent/sync-queue/pending 404 in 72ms (next.js: 17ms, application-code: 55ms)
 GET /api/agent/sync-queue/pending 404 in 54ms (next.js: 10ms, application-code: 44ms)
 POST /api/agent/heartbeat 404 in 58ms (next.js: 13ms, application-code: 45ms)
 GET /api/agent/sync-queue/pending 404 in 72ms (next.js: 13ms, application-code: 59ms)
 GET /api/agent/sync-queue/pending 404 in 79ms (next.js: 23ms, application-code: 56ms)
 POST /api/agent/heartbeat 404 in 64ms (next.js: 12ms, application-code: 53ms)
 GET /api/agent/sync-queue/pending 404 in 68ms (next.js: 14ms, application-code: 55ms)
 GET /api/agent/sync-queue/pending 404 in 78ms (next.js: 13ms, application-code: 66ms)
 POST /api/agent/heartbeat 404 in 63ms (next.js: 15ms, application-code: 48ms)
 GET /api/agent/sync-queue/pending 404 in 57ms (next.js: 15ms, application-code: 42ms)
 GET /api/agent/sync-queue/pending 404 in 62ms (next.js: 14ms, application-code: 48ms)
 POST /api/agent/heartbeat 404 in 54ms (next.js: 14ms, application-code: 40ms)
 GET /api/agent/sync-queue/pending 404 in 55ms (next.js: 11ms, application-code: 44ms)
 GET /api/agent/sync-queue/pending 404 in 56ms (next.js: 13ms, application-code: 43ms)
 POST /api/agent/heartbeat 404 in 75ms (next.js: 27ms, application-code: 47ms)
 GET /api/agent/sync-queue/pending 404 in 67ms (next.js: 11ms, application-code: 55ms)
 GET /api/agent/sync-queue/pending 404 in 48ms (next.js: 11ms, application-code: 37ms)
 POST /api/agent/heartbeat 404 in 59ms (next.js: 12ms, application-code: 47ms)
 GET /api/agent/sync-queue/pending 404 in 75ms (next.js: 12ms, application-code: 63ms)
 GET /api/agent/sync-queue/pending 404 in 59ms (next.js: 13ms, application-code: 46ms)
 POST /api/agent/heartbeat 404 in 55ms (next.js: 13ms, application-code: 41ms)
 GET /api/agent/sync-queue/pending 404 in 75ms (next.js: 11ms, application-code: 65ms)
 GET /api/agent/sync-queue/pending 404 in 58ms (next.js: 11ms, application-code: 47ms)
 POST /api/agent/heartbeat 404 in 55ms (next.js: 11ms, application-code: 44ms)
 GET /api/agent/sync-queue/pending 404 in 55ms (next.js: 12ms, application-code: 42ms)
 GET /api/agent/sync-queue/pending 404 in 66ms (next.js: 11ms, application-code: 55ms)
 POST /api/agent/heartbeat 404 in 51ms (next.js: 13ms, application-code: 38ms)
 GET /api/agent/sync-queue/pending 404 in 56ms (next.js: 11ms, application-code: 45ms)
 GET /api/agent/sync-queue/pending 404 in 61ms (next.js: 11ms, application-code: 50ms)
 POST /api/agent/heartbeat 404 in 46ms (next.js: 12ms, application-code: 34ms)
 GET /api/agent/sync-queue/pending 404 in 47ms (next.js: 12ms, application-code: 36ms)
 GET /api/agent/sync-queue/pending 404 in 49ms (next.js: 11ms, application-code: 38ms)
 POST /api/agent/heartbeat 404 in 60ms (next.js: 22ms, application-code: 38ms)
 GET /api/agent/sync-queue/pending 404 in 61ms (next.js: 11ms, application-code: 50ms)
 GET /api/agent/sync-queue/pending 404 in 42ms (next.js: 8ms, application-code: 34ms)
 POST /api/agent/heartbeat 404 in 64ms (next.js: 14ms, application-code: 50ms)
 GET /api/agent/sync-queue/pending 404 in 51ms (next.js: 12ms, application-code: 40ms)
 GET /api/agent/sync-queue/pending 404 in 67ms (next.js: 13ms, application-code: 54ms)
 POST /api/agent/heartbeat 404 in 63ms (next.js: 14ms, application-code: 50ms)
 GET /api/agent/sync-queue/pending 404 in 51ms (next.js: 11ms, application-code: 40ms)
 GET /api/agent/sync-queue/pending 404 in 56ms (next.js: 13ms, application-code: 42ms)
 POST /api/agent/heartbeat 404 in 54ms (next.js: 11ms, application-code: 43ms)
 GET /api/agent/sync-queue/pending 404 in 47ms (next.js: 12ms, application-code: 36ms)
 GET /api/agent/sync-queue/pending 404 in 75ms (next.js: 11ms, application-code: 63ms)
 POST /api/agent/heartbeat 404 in 67ms (next.js: 11ms, application-code: 56ms)
 GET /api/agent/sync-queue/pending 404 in 59ms (next.js: 11ms, application-code: 48ms)
 GET /api/agent/sync-queue/pending 404 in 66ms (next.js: 12ms, application-code: 54ms)
 POST /api/agent/heartbeat 404 in 75ms (next.js: 21ms, application-code: 54ms)
 GET /api/agent/sync-queue/pending 404 in 60ms (next.js: 15ms, application-code: 44ms)
 GET /api/agent/sync-queue/pending 404 in 89ms (next.js: 18ms, application-code: 71ms)
 POST /api/agent/heartbeat 404 in 57ms (next.js: 19ms, application-code: 38ms)
 GET /api/agent/sync-queue/pending 404 in 64ms (next.js: 15ms, application-code: 50ms)
 GET /api/agent/sync-queue/pending 404 in 70ms (next.js: 13ms, application-code: 57ms)
 POST /api/agent/heartbeat 404 in 94ms (next.js: 12ms, application-code: 83ms)
 GET /api/agent/sync-queue/pending 404 in 64ms (next.js: 14ms, application-code: 50ms)
 GET /api/agent/sync-queue/pending 404 in 57ms (next.js: 11ms, application-code: 46ms)
 POST /api/agent/heartbeat 404 in 60ms (next.js: 11ms, application-code: 49ms)
 GET /api/agent/sync-queue/pending 404 in 46ms (next.js: 11ms, application-code: 36ms)
 GET /api/agent/sync-queue/pending 404 in 54ms (next.js: 12ms, application-code: 43ms)
 POST /api/agent/heartbeat 404 in 55ms (next.js: 13ms, application-code: 42ms)
 GET /api/agent/sync-queue/pending 404 in 51ms (next.js: 11ms, application-code: 41ms)
 GET /api/agent/sync-queue/pending 404 in 46ms (next.js: 11ms, application-code: 35ms)
 POST /api/agent/heartbeat 404 in 61ms (next.js: 12ms, application-code: 49ms)
 GET /api/agent/sync-queue/pending 404 in 49ms (next.js: 12ms, application-code: 38ms)
 GET /api/agent/sync-queue/pending 404 in 73ms (next.js: 14ms, application-code: 59ms)
 POST /api/agent/heartbeat 404 in 69ms (next.js: 10ms, application-code: 59ms)
 GET /api/agent/sync-queue/pending 404 in 58ms (next.js: 14ms, application-code: 44ms)
 GET /api/agent/sync-queue/pending 404 in 63ms (next.js: 12ms, application-code: 50ms)
 POST /api/agent/heartbeat 404 in 78ms (next.js: 18ms, application-code: 60ms)
 GET /api/agent/sync-queue/pending 404 in 39ms (next.js: 7ms, application-code: 32ms)
 GET /api/agent/sync-queue/pending 404 in 47ms (next.js: 12ms, application-code: 36ms)
 POST /api/agent/heartbeat 404 in 62ms (next.js: 13ms, application-code: 49ms)
 GET /api/agent/sync-queue/pending 404 in 79ms (next.js: 14ms, application-code: 65ms)
 GET /api/agent/sync-queue/pending 404 in 50ms (next.js: 12ms, application-code: 38ms)
 POST /api/agent/heartbeat 404 in 59ms (next.js: 13ms, application-code: 46ms)
 GET /api/agent/sync-queue/pending 404 in 59ms (next.js: 12ms, application-code: 47ms)
 GET /api/agent/sync-queue/pending 404 in 78ms (next.js: 15ms, application-code: 63ms)
 POST /api/agent/heartbeat 404 in 74ms (next.js: 12ms, application-code: 62ms)
 GET /api/agent/sync-queue/pending 404 in 40ms (next.js: 7ms, application-code: 32ms)
 GET /api/agent/sync-queue/pending 404 in 61ms (next.js: 12ms, application-code: 49ms)
 POST /api/agent/heartbeat 404 in 54ms (next.js: 10ms, application-code: 43ms)
 GET /api/agent/sync-queue/pending 404 in 90ms (next.js: 14ms, application-code: 76ms)
 GET /api/agent/sync-queue/pending 404 in 57ms (next.js: 12ms, application-code: 45ms)
 POST /api/agent/heartbeat 404 in 61ms (next.js: 13ms, application-code: 48ms)
 GET /api/agent/sync-queue/pending 404 in 73ms (next.js: 21ms, application-code: 52ms)
 GET /api/agent/sync-queue/pending 404 in 50ms (next.js: 11ms, application-code: 39ms)
 POST /api/agent/heartbeat 404 in 63ms (next.js: 17ms, application-code: 45ms)
 GET /api/agent/sync-queue/pending 404 in 89ms (next.js: 15ms, application-code: 74ms)
 GET /api/agent/sync-queue/pending 404 in 56ms (next.js: 11ms, application-code: 45ms)
 POST /api/agent/heartbeat 404 in 62ms (next.js: 12ms, application-code: 49ms)
 GET /api/agent/sync-queue/pending 404 in 65ms (next.js: 18ms, application-code: 47ms)
 GET /api/agent/sync-queue/pending 404 in 52ms (next.js: 11ms, application-code: 41ms)
 POST /api/agent/heartbeat 404 in 70ms (next.js: 14ms, application-code: 55ms)
 GET /api/agent/sync-queue/pending 404 in 84ms (next.js: 14ms, application-code: 70ms)
 GET /api/agent/sync-queue/pending 404 in 66ms (next.js: 19ms, application-code: 46ms)
 POST /api/agent/heartbeat 404 in 87ms (next.js: 21ms, application-code: 66ms)
 GET /review/vendor 200 in 627ms (next.js: 313ms, application-code: 313ms)
 GET /review/vendor 200 in 160ms (next.js: 15ms, application-code: 145ms)
 GET /api/agent/sync-queue/pending 404 in 162ms (next.js: 51ms, application-code: 111ms)
 GET /review/vendor 200 in 466ms (next.js: 15ms, application-code: 451ms)
 GET /api/agent/sync-queue/pending 404 in 183ms (next.js: 48ms, application-code: 135ms)
 POST /api/agent/heartbeat 404 in 131ms (next.js: 22ms, application-code: 109ms)
 GET /api/agent/sync-queue/pending 404 in 136ms (next.js: 15ms, application-code: 121ms)
 GET /api/agent/sync-queue/pending 404 in 869ms (next.js: 86ms, application-code: 783ms)
 POST /api/agent/heartbeat 404 in 165ms (next.js: 46ms, application-code: 120ms)
 GET /api/agent/sync-queue/pending 404 in 121ms (next.js: 17ms, application-code: 104ms)
 GET /api/agent/sync-queue/pending 404 in 93ms (next.js: 13ms, application-code: 81ms)
 POST /api/agent/heartbeat 404 in 144ms (next.js: 32ms, application-code: 112ms)
 GET /api/agent/sync-queue/pending 404 in 93ms (next.js: 14ms, application-code: 79ms)
 GET /api/agent/sync-queue/pending 404 in 73ms (next.js: 11ms, application-code: 62ms)
 POST /api/agent/heartbeat 404 in 109ms (next.js: 34ms, application-code: 76ms)
 GET /api/agent/sync-queue/pending 404 in 142ms (next.js: 31ms, application-code: 110ms)
 GET /api/agent/sync-queue/pending 404 in 113ms (next.js: 13ms, application-code: 100ms)
 POST /api/agent/heartbeat 404 in 163ms (next.js: 30ms, application-code: 133ms)
 GET /api/agent/sync-queue/pending 404 in 113ms (next.js: 27ms, application-code: 86ms)
 GET /api/agent/sync-queue/pending 404 in 120ms (next.js: 29ms, application-code: 91ms)
 POST /api/agent/heartbeat 404 in 110ms (next.js: 22ms, application-code: 88ms)
 GET /api/agent/sync-queue/pending 404 in 109ms (next.js: 17ms, application-code: 92ms)
 GET /api/agent/sync-queue/pending 404 in 119ms (next.js: 11ms, application-code: 108ms)
 POST /api/agent/heartbeat 404 in 135ms (next.js: 17ms, application-code: 117ms)
 GET /api/agent/sync-queue/pending 404 in 116ms (next.js: 15ms, application-code: 101ms)
 GET /api/agent/sync-queue/pending 404 in 139ms (next.js: 27ms, application-code: 112ms)
 POST /api/agent/heartbeat 404 in 111ms (next.js: 17ms, application-code: 94ms)
 GET /api/agent/sync-queue/pending 404 in 98ms (next.js: 21ms, application-code: 78ms)
 GET /api/agent/sync-queue/pending 404 in 147ms (next.js: 23ms, application-code: 124ms)
 POST /api/agent/heartbeat 404 in 149ms (next.js: 42ms, application-code: 108ms)
 GET /api/agent/sync-queue/pending 404 in 128ms (next.js: 14ms, application-code: 113ms)
 GET /api/agent/sync-queue/pending 404 in 121ms (next.js: 19ms, application-code: 102ms)
 POST /api/agent/heartbeat 404 in 153ms (next.js: 29ms, application-code: 124ms)
 GET /api/agent/sync-queue/pending 404 in 115ms (next.js: 14ms, application-code: 101ms)
 GET /api/agent/sync-queue/pending 404 in 98ms (next.js: 11ms, application-code: 87ms)
 POST /api/agent/heartbeat 404 in 126ms (next.js: 39ms, application-code: 87ms)
 GET /api/agent/sync-queue/pending 404 in 113ms (next.js: 16ms, application-code: 97ms)
 GET /api/agent/sync-queue/pending 404 in 119ms (next.js: 11ms, application-code: 108ms)
 POST /api/agent/heartbeat 404 in 194ms (next.js: 31ms, application-code: 163ms)
 GET /api/agent/sync-queue/pending 404 in 199ms (next.js: 14ms, application-code: 185ms)
 GET /api/agent/sync-queue/pending 404 in 144ms (next.js: 31ms, application-code: 113ms)
 POST /api/agent/heartbeat 404 in 143ms (next.js: 25ms, application-code: 118ms)
 GET /api/agent/sync-queue/pending 404 in 69ms (next.js: 15ms, application-code: 54ms)
 GET /api/agent/sync-queue/pending 404 in 70ms (next.js: 14ms, application-code: 56ms)
 POST /api/agent/heartbeat 404 in 56ms (next.js: 14ms, application-code: 42ms)
 GET /api/agent/sync-queue/pending 404 in 72ms (next.js: 13ms, application-code: 59ms)
 GET /api/agent/sync-queue/pending 404 in 51ms (next.js: 12ms, application-code: 39ms)
 POST /api/agent/heartbeat 404 in 68ms (next.js: 19ms, application-code: 50ms)
 GET /api/agent/sync-queue/pending 404 in 54ms (next.js: 15ms, application-code: 38ms)
 GET /api/agent/sync-queue/pending 404 in 55ms (next.js: 13ms, application-code: 42ms)
 POST /api/agent/heartbeat 404 in 88ms (next.js: 12ms, application-code: 76ms)
 GET /api/agent/sync-queue/pending 404 in 57ms (next.js: 15ms, application-code: 42ms)
 GET /api/agent/sync-queue/pending 404 in 55ms (next.js: 15ms, application-code: 40ms)
 POST /api/agent/heartbeat 404 in 57ms (next.js: 13ms, application-code: 44ms)
 GET /api/agent/sync-queue/pending 404 in 58ms (next.js: 10ms, application-code: 47ms)
 GET /api/agent/sync-queue/pending 404 in 64ms (next.js: 12ms, application-code: 52ms)
 POST /api/agent/heartbeat 404 in 57ms (next.js: 14ms, application-code: 42ms)
 GET /api/agent/sync-queue/pending 404 in 65ms (next.js: 14ms, application-code: 51ms)
 GET /api/agent/sync-queue/pending 404 in 72ms (next.js: 12ms, application-code: 60ms)
 POST /api/agent/heartbeat 404 in 55ms (next.js: 13ms, application-code: 42ms)
 GET /api/agent/sync-queue/pending 404 in 61ms (next.js: 10ms, application-code: 52ms)
 GET /api/agent/sync-queue/pending 404 in 50ms (next.js: 9ms, application-code: 42ms)
 POST /api/agent/heartbeat 404 in 83ms (next.js: 28ms, application-code: 55ms)
 GET /api/agent/sync-queue/pending 404 in 67ms (next.js: 17ms, application-code: 50ms)
 GET /api/agent/sync-queue/pending 404 in 44ms (next.js: 7ms, application-code: 36ms)
 POST /api/agent/heartbeat 404 in 70ms (next.js: 24ms, application-code: 46ms)
 GET /api/agent/sync-queue/pending 404 in 53ms (next.js: 13ms, application-code: 40ms)
 GET /api/agent/sync-queue/pending 404 in 49ms (next.js: 13ms, application-code: 36ms)
 POST /api/agent/heartbeat 404 in 77ms (next.js: 16ms, application-code: 61ms)
 GET /api/agent/sync-queue/pending 404 in 92ms (next.js: 15ms, application-code: 77ms)
 GET /api/agent/sync-queue/pending 404 in 87ms (next.js: 12ms, application-code: 75ms)
 POST /api/agent/heartbeat 404 in 51ms (next.js: 7ms, application-code: 43ms)
 GET /api/agent/sync-queue/pending 404 in 49ms (next.js: 9ms, application-code: 40ms)
 GET /api/agent/sync-queue/pending 404 in 91ms (next.js: 17ms, application-code: 74ms)
 POST /api/agent/heartbeat 404 in 89ms (next.js: 14ms, application-code: 75ms)
 GET /api/agent/sync-queue/pending 404 in 52ms (next.js: 9ms, application-code: 43ms)
 GET /api/agent/sync-queue/pending 404 in 59ms (next.js: 14ms, application-code: 44ms)
 POST /api/agent/heartbeat 404 in 75ms (next.js: 12ms, application-code: 63ms)
 GET /api/agent/sync-queue/pending 404 in 89ms (next.js: 14ms, application-code: 75ms)
 GET /api/agent/sync-queue/pending 404 in 69ms (next.js: 13ms, application-code: 55ms)
 POST /api/agent/heartbeat 404 in 79ms (next.js: 12ms, application-code: 66ms)
 GET /api/agent/sync-queue/pending 404 in 64ms (next.js: 11ms, application-code: 53ms)
 GET /api/agent/sync-queue/pending 404 in 69ms (next.js: 14ms, application-code: 55ms)
 POST /api/agent/heartbeat 404 in 100ms (next.js: 27ms, application-code: 73ms)
 GET /api/agent/sync-queue/pending 404 in 94ms (next.js: 13ms, application-code: 81ms)
 GET /api/agent/sync-queue/pending 404 in 72ms (next.js: 8ms, application-code: 64ms)
 POST /api/agent/heartbeat 404 in 61ms (next.js: 18ms, application-code: 43ms)
 GET /api/agent/sync-queue/pending 404 in 84ms (next.js: 11ms, application-code: 72ms)
 GET /api/agent/sync-queue/pending 404 in 74ms (next.js: 13ms, application-code: 61ms)
 POST /api/agent/heartbeat 404 in 89ms (next.js: 15ms, application-code: 74ms)
 GET /api/agent/sync-queue/pending 404 in 58ms (next.js: 12ms, application-code: 45ms)
 GET /api/agent/sync-queue/pending 404 in 50ms (next.js: 12ms, application-code: 38ms)
 POST /api/agent/heartbeat 404 in 83ms (next.js: 13ms, application-code: 70ms)
 GET /api/agent/sync-queue/pending 404 in 68ms (next.js: 15ms, application-code: 53ms)
 GET /api/agent/sync-queue/pending 404 in 73ms (next.js: 19ms, application-code: 54ms)
 POST /api/agent/heartbeat 404 in 84ms (next.js: 16ms, application-code: 68ms)
 GET /api/agent/sync-queue/pending 404 in 70ms (next.js: 20ms, application-code: 50ms)
 GET /api/agent/sync-queue/pending 404 in 78ms (next.js: 18ms, application-code: 60ms)
 POST /api/agent/heartbeat 404 in 47ms (next.js: 9ms, application-code: 38ms)
 GET /api/agent/sync-queue/pending 404 in 47ms (next.js: 8ms, application-code: 39ms)
 GET /api/agent/sync-queue/pending 404 in 58ms (next.js: 11ms, application-code: 47ms)
 POST /api/agent/heartbeat 404 in 49ms (next.js: 14ms, application-code: 35ms)
 GET /api/agent/sync-queue/pending 404 in 40ms (next.js: 7ms, application-code: 33ms)
 GET /api/agent/sync-queue/pending 404 in 62ms (next.js: 19ms, application-code: 43ms)
 POST /api/agent/heartbeat 404 in 48ms (next.js: 10ms, application-code: 38ms)
 GET /api/agent/sync-queue/pending 404 in 54ms (next.js: 10ms, application-code: 44ms)
 GET /api/agent/sync-queue/pending 404 in 84ms (next.js: 19ms, application-code: 66ms)
 POST /api/agent/heartbeat 404 in 56ms (next.js: 13ms, application-code: 44ms)
 GET /api/agent/sync-queue/pending 404 in 63ms (next.js: 14ms, application-code: 50ms)
 GET /api/agent/sync-queue/pending 404 in 56ms (next.js: 11ms, application-code: 45ms)
 POST /api/agent/heartbeat 404 in 55ms (next.js: 13ms, application-code: 43ms)
 GET /api/agent/sync-queue/pending 404 in 79ms (next.js: 15ms, application-code: 64ms)
 GET /api/agent/sync-queue/pending 404 in 55ms (next.js: 15ms, application-code: 40ms)
 POST /api/agent/heartbeat 404 in 56ms (next.js: 16ms, application-code: 40ms)
 GET /api/agent/sync-queue/pending 404 in 67ms (next.js: 15ms, application-code: 52ms)
 GET /api/agent/sync-queue/pending 404 in 63ms (next.js: 14ms, application-code: 49ms)
 POST /api/agent/heartbeat 404 in 52ms (next.js: 13ms, application-code: 39ms)
 GET /api/agent/sync-queue/pending 404 in 68ms (next.js: 18ms, application-code: 50ms)
 GET /api/agent/sync-queue/pending 404 in 68ms (next.js: 11ms, application-code: 58ms)
 POST /api/agent/heartbeat 404 in 62ms (next.js: 19ms, application-code: 43ms)
 GET /login 200 in 91ms (next.js: 27ms, application-code: 65ms)
[browser] AxiosError: Request failed with status code 403
    at async (lib/api.ts:57:33)
    at async login (components/providers/auth-provider.tsx:49:19)
    at async handleLogin (app/login/page.tsx:14:7)
  55 |       try {
  56 |         // Attempt refresh
> 57 |         const refreshResponse = await axios.post(
     |                                 ^
  58 |           `${process.env.NEXT_PUBLIC_API_URL || "/api/v1"}/auth/refresh`,
  59 |           {},
  60 |           { withCredentials: true } (components/providers/auth-provider.tsx:55:15)
[browser] AxiosError: Request failed with status code 401 (components/providers/auth-provider.tsx:64:15)
 GET /login 200 in 33ms (next.js: 9ms, application-code: 24ms)
 GET /login 200 in 120ms (next.js: 56ms, application-code: 64ms)
 GET /api/agent/sync-queue/pending 404 in 137ms (next.js: 21ms, application-code: 115ms)
 GET /upload/vendor 200 in 68ms (next.js: 32ms, application-code: 36ms)
 GET /login 200 in 42ms (next.js: 5ms, application-code: 36ms)
 GET /api/agent/sync-queue/pending 404 in 51ms (next.js: 9ms, application-code: 42ms)
 POST /api/agent/heartbeat 404 in 55ms (next.js: 16ms, application-code: 39ms)
 GET /api/agent/sync-queue/pending 404 in 54ms (next.js: 14ms, application-code: 40ms)
 GET /api/agent/sync-queue/pending 404 in 72ms (next.js: 12ms, application-code: 60ms)
 POST /api/agent/heartbeat 404 in 73ms (next.js: 15ms, application-code: 57ms)
 GET /api/agent/sync-queue/pending 404 in 59ms (next.js: 17ms, application-code: 42ms)
 GET /api/agent/sync-queue/pending 404 in 69ms (next.js: 15ms, application-code: 54ms)
 POST /api/agent/heartbeat 404 in 58ms (next.js: 9ms, application-code: 49ms)
 GET /api/agent/sync-queue/pending 404 in 98ms (next.js: 13ms, application-code: 85ms)
 GET /api/agent/sync-queue/pending 404 in 65ms (next.js: 13ms, application-code: 52ms)
 POST /api/agent/heartbeat 404 in 66ms (next.js: 14ms, application-code: 52ms)
 GET /api/agent/sync-queue/pending 404 in 49ms (next.js: 14ms, application-code: 36ms)
 GET /api/agent/sync-queue/pending 404 in 51ms (next.js: 12ms, application-code: 39ms)
 POST /api/agent/heartbeat 404 in 88ms (next.js: 17ms, application-code: 71ms)
 GET /api/agent/sync-queue/pending 404 in 117ms (next.js: 19ms, application-code: 98ms)
 GET /api/agent/sync-queue/pending 404 in 239ms (next.js: 21ms, application-code: 218ms)
 POST /api/agent/heartbeat 404 in 130ms (next.js: 30ms, application-code: 101ms)
 GET /api/agent/sync-queue/pending 404 in 117ms (next.js: 14ms, application-code: 103ms)
 GET /api/agent/sync-queue/pending 404 in 285ms (next.js: 14ms, application-code: 271ms)
 POST /api/agent/heartbeat 404 in 155ms (next.js: 19ms, application-code: 136ms)
 GET /api/agent/sync-queue/pending 404 in 113ms (next.js: 21ms, application-code: 91ms)
 GET /api/agent/sync-queue/pending 404 in 121ms (next.js: 21ms, application-code: 100ms)
 POST /api/agent/heartbeat 404 in 153ms (next.js: 37ms, application-code: 116ms)
 GET /api/agent/sync-queue/pending 404 in 128ms (next.js: 25ms, application-code: 103ms)
 GET /api/agent/sync-queue/pending 404 in 112ms (next.js: 14ms, application-code: 98ms)
 POST /api/agent/heartbeat 404 in 104ms (next.js: 14ms, application-code: 89ms)
 GET /api/agent/sync-queue/pending 404 in 105ms (next.js: 20ms, application-code: 85ms)
 GET /review/vendor 200 in 165ms (next.js: 20ms, application-code: 144ms)
 GET /api/agent/sync-queue/pending 404 in 817ms (next.js: 318ms, application-code: 499ms)
 POST /api/agent/heartbeat 404 in 169ms (next.js: 73ms, application-code: 97ms)
 GET /api/agent/sync-queue/pending 404 in 171ms (next.js: 40ms, application-code: 131ms)
 GET /api/agent/sync-queue/pending 404 in 272ms (next.js: 24ms, application-code: 248ms)
 POST /api/agent/heartbeat 404 in 143ms (next.js: 23ms, application-code: 120ms)
 GET /api/agent/sync-queue/pending 404 in 85ms (next.js: 14ms, application-code: 71ms)
 GET /api/agent/sync-queue/pending 404 in 40ms (next.js: 7ms, application-code: 33ms)
 POST /api/agent/heartbeat 404 in 102ms (next.js: 16ms, application-code: 86ms)
 GET /api/agent/sync-queue/pending 404 in 90ms (next.js: 13ms, application-code: 77ms)
 GET /api/agent/sync-queue/pending 404 in 244ms (next.js: 21ms, application-code: 223ms)
 POST /api/agent/heartbeat 404 in 131ms (next.js: 25ms, application-code: 106ms)
 GET /api/agent/sync-queue/pending 404 in 378ms (next.js: 138ms, application-code: 240ms)
 GET /api/agent/sync-queue/pending 404 in 246ms (next.js: 39ms, application-code: 207ms)
 POST /api/agent/heartbeat 404 in 101ms (next.js: 20ms, application-code: 81ms)
 GET /api/agent/sync-queue/pending 404 in 112ms (next.js: 9ms, application-code: 103ms)
 GET /api/agent/sync-queue/pending 404 in 830ms (next.js: 16ms, application-code: 814ms)
 POST /api/agent/heartbeat 404 in 643ms (next.js: 65ms, application-code: 577ms)
 GET /api/agent/sync-queue/pending 404 in 124ms (next.js: 16ms, application-code: 107ms)
 GET /api/agent/sync-queue/pending 404 in 282ms (next.js: 26ms, application-code: 256ms)
 POST /api/agent/heartbeat 404 in 133ms (next.js: 20ms, application-code: 113ms)
 GET /api/agent/sync-queue/pending 404 in 123ms (next.js: 25ms, application-code: 98ms)
 GET /api/agent/sync-queue/pending 404 in 253ms (next.js: 25ms, application-code: 228ms)
 POST /api/agent/heartbeat 404 in 102ms (next.js: 20ms, application-code: 82ms)
 GET /api/agent/sync-queue/pending 404 in 110ms (next.js: 13ms, application-code: 97ms)
 GET /api/agent/sync-queue/pending 404 in 271ms (next.js: 42ms, application-code: 229ms)
 POST /api/agent/heartbeat 404 in 93ms (next.js: 18ms, application-code: 75ms)
 GET /api/agent/sync-queue/pending 404 in 136ms (next.js: 41ms, application-code: 95ms)
 GET /api/agent/sync-queue/pending 404 in 225ms (next.js: 22ms, application-code: 203ms)
 POST /api/agent/heartbeat 404 in 106ms (next.js: 17ms, application-code: 90ms)
 GET /api/agent/sync-queue/pending 404 in 103ms (next.js: 17ms, application-code: 86ms)
 GET /api/agent/sync-queue/pending 404 in 263ms (next.js: 32ms, application-code: 231ms)
 POST /api/agent/heartbeat 404 in 104ms (next.js: 15ms, application-code: 88ms)
 GET /api/agent/sync-queue/pending 404 in 104ms (next.js: 19ms, application-code: 85ms)
 POST /api/agent/heartbeat 404 in 281ms (next.js: 48ms, application-code: 233ms)
 GET /api/agent/sync-queue/pending 404 in 278ms (next.js: 157ms, application-code: 121ms)
 GET /api/agent/sync-queue/pending 404 in 167ms (next.js: 25ms, application-code: 142ms)
 GET /api/agent/sync-queue/pending 404 in 285ms (next.js: 34ms, application-code: 251ms)
 POST /api/agent/heartbeat 404 in 122ms (next.js: 26ms, application-code: 96ms)
 GET /api/agent/sync-queue/pending 404 in 71ms (next.js: 12ms, application-code: 58ms)
 GET /api/agent/sync-queue/pending 404 in 169ms (next.js: 21ms, application-code: 147ms)
 POST /api/agent/heartbeat 404 in 167ms (next.js: 91ms, application-code: 76ms)
 GET /api/agent/sync-queue/pending 404 in 68ms (next.js: 14ms, application-code: 53ms)
 POST /api/agent/heartbeat 404 in 110ms (next.js: 26ms, application-code: 84ms)
 GET /api/agent/sync-queue/pending 404 in 43ms (next.js: 8ms, application-code: 35ms)
 GET /api/agent/sync-queue/pending 404 in 66ms (next.js: 13ms, application-code: 53ms)
 POST /api/agent/heartbeat 404 in 87ms (next.js: 8ms, application-code: 79ms)
 GET /api/agent/sync-queue/pending 404 in 44ms (next.js: 9ms, application-code: 36ms)
 GET /api/agent/sync-queue/pending 404 in 62ms (next.js: 10ms, application-code: 52ms)
 GET /login 200 in 89ms (next.js: 12ms, application-code: 77ms)
 POST /api/agent/heartbeat 404 in 182ms (next.js: 17ms, application-code: 165ms)
 GET /api/agent/sync-queue/pending 404 in 105ms (next.js: 17ms, application-code: 88ms)
 GET /api/agent/sync-queue/pending 404 in 121ms (next.js: 19ms, application-code: 102ms)
 POST /api/agent/heartbeat 404 in 274ms (next.js: 18ms, application-code: 255ms)
 GET /api/agent/sync-queue/pending 404 in 148ms (next.js: 21ms, application-code: 127ms)
 GET /api/agent/sync-queue/pending 404 in 123ms (next.js: 25ms, application-code: 97ms)
 POST /api/agent/heartbeat 404 in 248ms (next.js: 23ms, application-code: 225ms)
 GET /api/agent/sync-queue/pending 404 in 125ms (next.js: 18ms, application-code: 107ms)
 GET /api/agent/sync-queue/pending 404 in 118ms (next.js: 19ms, application-code: 99ms)
 POST /api/agent/heartbeat 404 in 258ms (next.js: 28ms, application-code: 230ms)
 GET /api/agent/sync-queue/pending 404 in 130ms (next.js: 27ms, application-code: 103ms)
 GET /api/agent/sync-queue/pending 404 in 138ms (next.js: 20ms, application-code: 118ms)
 POST /api/agent/heartbeat 404 in 388ms (next.js: 36ms, application-code: 352ms)
 GET /api/agent/sync-queue/pending 404 in 268ms (next.js: 29ms, application-code: 238ms)
 GET /api/agent/sync-queue/pending 404 in 97ms (next.js: 20ms, application-code: 77ms)
 POST /api/agent/heartbeat 404 in 242ms (next.js: 15ms, application-code: 227ms)
 GET /api/agent/sync-queue/pending 404 in 117ms (next.js: 16ms, application-code: 101ms)
 GET /api/agent/sync-queue/pending 404 in 128ms (next.js: 24ms, application-code: 103ms)
 POST /api/agent/heartbeat 404 in 316ms (next.js: 28ms, application-code: 288ms)
 GET /api/agent/sync-queue/pending 404 in 154ms (next.js: 27ms, application-code: 127ms)
 GET /api/agent/sync-queue/pending 404 in 108ms (next.js: 26ms, application-code: 82ms)
 POST /api/agent/heartbeat 404 in 347ms (next.js: 19ms, application-code: 328ms)
 GET /api/agent/sync-queue/pending 404 in 200ms (next.js: 38ms, application-code: 162ms)
 GET /api/agent/sync-queue/pending 404 in 156ms (next.js: 26ms, application-code: 130ms)
 POST /api/agent/heartbeat 404 in 338ms (next.js: 28ms, application-code: 309ms)
 GET /api/agent/sync-queue/pending 404 in 186ms (next.js: 52ms, application-code: 133ms)
 GET /api/agent/sync-queue/pending 404 in 257ms (next.js: 30ms, application-code: 227ms)
 GET /login 200 in 148ms (next.js: 21ms, application-code: 127ms)
 POST /api/agent/heartbeat 404 in 79ms (next.js: 15ms, application-code: 64ms)
 GET /api/agent/sync-queue/pending 404 in 73ms (next.js: 14ms, application-code: 59ms)
 GET /review/vendor 200 in 108ms (next.js: 17ms, application-code: 91ms)
 GET /login 200 in 57ms (next.js: 10ms, application-code: 47ms)
 GET /api/agent/sync-queue/pending 404 in 81ms (next.js: 14ms, application-code: 67ms)
 POST /api/agent/heartbeat 404 in 63ms (next.js: 23ms, application-code: 40ms)
 GET /api/agent/sync-queue/pending 404 in 70ms (next.js: 16ms, application-code: 54ms)
 GET /api/agent/sync-queue/pending 404 in 70ms (next.js: 14ms, application-code: 57ms)
 POST /api/agent/heartbeat 404 in 235ms (next.js: 27ms, application-code: 208ms)
 GET /api/agent/sync-queue/pending 404 in 120ms (next.js: 23ms, application-code: 97ms)
 GET /login 200 in 133ms (next.js: 14ms, application-code: 119ms)
[browser] A tree hydrated but some attributes of the server rendered HTML didn't match the client properties. This won't be patched up. This can happen if a SSR-ed Client Component used:

- A server/client branch `if (typeof window !== 'undefined')`.
- Variable input such as `Date.now()` or `Math.random()` which changes each time it's called.
- Date formatting in a user's locale which doesn't match the server.
- External changing data without sending a snapshot of it along with the HTML.
- Invalid HTML tag nesting.

It can also happen if the client has a browser extension installed which messes with the HTML before React loaded.

https://react.dev/link/hydration-mismatch

  ...
    <HotReload globalError={[...]} webSocket={WebSocket} staticIndicatorState={{pathname:null, ...}}>
      <AppDevOverlayErrorBoundary globalError={[...]}>
        <ReplaySsrOnlyErrors>
        <DevRootHTTPAccessFallbackBoundary>
          <HTTPAccessFallbackBoundary notFound={<NotAllowedRootHTTPFallbackError>}>
            <HTTPAccessFallbackErrorBoundary pathname="/login" notFound={<NotAllowedRootHTTPFallbackError>} ...>
              <RedirectBoundary>
                <RedirectErrorBoundary router={{...}}>
                  <Head>
                  <__next_root_layout_boundary__>
                    <LoadingBoundaryProvider loading={[...]}>
                      <SegmentViewNode type="layout" pagePath="layout.tsx">
                        <SegmentTrieNode>
                        <link>
                        <script>
                        <script>
                        <script>
                        <script>
                        <RootLayout>
                          <html lang="en" suppressHydrationWarning={true}>
                            <body
+                             className="inter_5972bc34-module__OU16Qa__className"
-                             className="inter_5972bc34-module__OU16Qa__className antigravity-scroll-lock"
                            >
                  ...
 
 GET /api/agent/sync-queue/pending 404 in 73ms (next.js: 15ms, application-code: 57ms)
 POST /api/agent/heartbeat 404 in 127ms (next.js: 21ms, application-code: 106ms)
 GET /api/agent/sync-queue/pending 404 in 116ms (next.js: 16ms, application-code: 100ms)
 GET /api/agent/sync-queue/pending 404 in 169ms (next.js: 29ms, application-code: 140ms)
 POST /api/agent/heartbeat 404 in 85ms (next.js: 16ms, application-code: 69ms)
 GET /api/agent/sync-queue/pending 404 in 118ms (next.js: 17ms, application-code: 100ms)
 GET /api/agent/sync-queue/pending 404 in 115ms (next.js: 20ms, application-code: 94ms)
 POST /api/agent/heartbeat 404 in 270ms (next.js: 18ms, application-code: 252ms)
 GET /api/agent/sync-queue/pending 404 in 131ms (next.js: 26ms, application-code: 105ms)
 GET /api/agent/sync-queue/pending 404 in 106ms (next.js: 17ms, application-code: 89ms)
 GET /review/vendor 200 in 139ms (next.js: 13ms, application-code: 127ms)
 GET /login 200 in 40ms (next.js: 7ms, application-code: 33ms)
 POST /api/agent/heartbeat 404 in 74ms (next.js: 16ms, application-code: 59ms)
 GET /api/agent/sync-queue/pending 404 in 76ms (next.js: 13ms, application-code: 63ms)
 GET /api/agent/sync-queue/pending 404 in 82ms (next.js: 14ms, application-code: 69ms)
 POST /api/agent/heartbeat 404 in 164ms (next.js: 37ms, application-code: 127ms)
 GET /api/agent/sync-queue/pending 404 in 147ms (next.js: 22ms, application-code: 125ms)
 GET /api/agent/sync-queue/pending 404 in 91ms (next.js: 14ms, application-code: 77ms)
 POST /api/agent/heartbeat 404 in 151ms (next.js: 25ms, application-code: 125ms)
 GET /api/agent/sync-queue/pending 404 in 143ms (next.js: 21ms, application-code: 122ms)
 GET /api/agent/sync-queue/pending 404 in 106ms (next.js: 20ms, application-code: 86ms)
 GET /login 200 in 96ms (next.js: 12ms, application-code: 85ms)
 POST /api/agent/heartbeat 404 in 78ms (next.js: 19ms, application-code: 59ms)
 GET /api/agent/sync-queue/pending 404 in 79ms (next.js: 18ms, application-code: 60ms)
 GET /api/agent/sync-queue/pending 404 in 59ms (next.js: 14ms, application-code: 45ms)
 POST /api/agent/heartbeat 404 in 97ms (next.js: 25ms, application-code: 72ms)
 GET /api/agent/sync-queue/pending 404 in 107ms (next.js: 17ms, application-code: 91ms)
 GET /api/agent/sync-queue/pending 404 in 191ms (next.js: 20ms, application-code: 171ms)
 POST /api/agent/heartbeat 404 in 154ms (next.js: 25ms, application-code: 128ms)
 GET /api/agent/sync-queue/pending 404 in 152ms (next.js: 27ms, application-code: 125ms)
 GET /api/agent/sync-queue/pending 404 in 163ms (next.js: 23ms, application-code: 139ms)
 POST /api/agent/heartbeat 404 in 131ms (next.js: 19ms, application-code: 112ms)
 GET /api/agent/sync-queue/pending 404 in 119ms (next.js: 24ms, application-code: 95ms)
 GET /review/vendor 200 in 170ms (next.js: 15ms, application-code: 155ms)
 GET /login 200 in 41ms (next.js: 10ms, application-code: 31ms)
 GET /api/agent/sync-queue/pending 404 in 104ms (next.js: 15ms, application-code: 89ms)
 POST /api/agent/heartbeat 404 in 89ms (next.js: 21ms, application-code: 68ms)
 GET /api/agent/sync-queue/pending 404 in 62ms (next.js: 11ms, application-code: 51ms)
 GET /api/agent/sync-queue/pending 404 in 76ms (next.js: 14ms, application-code: 61ms)
 POST /api/agent/heartbeat 404 in 118ms (next.js: 26ms, application-code: 91ms)
 GET /api/agent/sync-queue/pending 404 in 124ms (next.js: 23ms, application-code: 101ms)
 GET /api/agent/sync-queue/pending 404 in 85ms (next.js: 17ms, application-code: 68ms)
 POST /api/agent/heartbeat 404 in 130ms (next.js: 19ms, application-code: 111ms)
 GET /api/agent/sync-queue/pending 404 in 117ms (next.js: 21ms, application-code: 96ms)
 GET /api/agent/sync-queue/pending 404 in 131ms (next.js: 19ms, application-code: 112ms)
 POST /api/agent/heartbeat 404 in 140ms (next.js: 22ms, application-code: 118ms)
 GET /api/agent/sync-queue/pending 404 in 140ms (next.js: 41ms, application-code: 100ms)
 GET /api/agent/sync-queue/pending 404 in 139ms (next.js: 23ms, application-code: 117ms)
 POST /api/agent/heartbeat 404 in 127ms (next.js: 20ms, application-code: 107ms)
 GET /api/agent/sync-queue/pending 404 in 111ms (next.js: 25ms, application-code: 86ms)
 GET /login 200 in 105ms (next.js: 13ms, application-code: 92ms)
 GET /api/agent/sync-queue/pending 404 in 49ms (next.js: 8ms, application-code: 41ms)
 POST /api/agent/heartbeat 404 in 68ms (next.js: 14ms, application-code: 54ms)
 GET /api/agent/sync-queue/pending 404 in 75ms (next.js: 10ms, application-code: 65ms)
 GET /api/agent/sync-queue/pending 404 in 63ms (next.js: 16ms, application-code: 47ms)
 POST /api/agent/heartbeat 404 in 107ms (next.js: 17ms, application-code: 90ms)
 GET /api/agent/sync-queue/pending 404 in 224ms (next.js: 20ms, application-code: 203ms)
 GET /login 200 in 86ms (next.js: 11ms, application-code: 75ms)
 GET /api/agent/sync-queue/pending 404 in 110ms (next.js: 16ms, application-code: 93ms)
 POST /api/agent/heartbeat 404 in 82ms (next.js: 13ms, application-code: 69ms)
 GET /api/agent/sync-queue/pending 404 in 81ms (next.js: 19ms, application-code: 62ms)
 GET /api/agent/sync-queue/pending 404 in 75ms (next.js: 15ms, application-code: 60ms)
 POST /api/agent/heartbeat 404 in 127ms (next.js: 25ms, application-code: 102ms)
 GET /api/agent/sync-queue/pending 404 in 348ms (next.js: 49ms, application-code: 299ms)
 GET /api/agent/sync-queue/pending 404 in 87ms (next.js: 18ms, application-code: 69ms)
 POST /api/agent/heartbeat 404 in 105ms (next.js: 21ms, application-code: 84ms)
 GET /api/agent/sync-queue/pending 404 in 143ms (next.js: 20ms, application-code: 122ms)
 GET /api/agent/sync-queue/pending 404 in 118ms (next.js: 17ms, application-code: 101ms)
 GET /login 200 in 124ms (next.js: 13ms, application-code: 112ms)
 POST /api/agent/heartbeat 404 in 90ms (next.js: 15ms, application-code: 76ms)
 GET /api/agent/sync-queue/pending 404 in 89ms (next.js: 17ms, application-code: 72ms)
 GET /api/agent/sync-queue/pending 404 in 86ms (next.js: 16ms, application-code: 70ms)
[browser] AxiosError: Request failed with status code 403
    at async (lib/api.ts:57:33)
    at async login (components/providers/auth-provider.tsx:49:19)
    at async handleLogin (app/login/page.tsx:14:7)
  55 |       try {
  56 |         // Attempt refresh
> 57 |         const refreshResponse = await axios.post(
     |                                 ^
  58 |           `${process.env.NEXT_PUBLIC_API_URL || "/api/v1"}/auth/refresh`,
  59 |           {},
  60 |           { withCredentials: true } (components/providers/auth-provider.tsx:55:15)
[browser] AxiosError: Request failed with status code 401 (components/providers/auth-provider.tsx:64:15)
 GET /login 200 in 48ms (next.js: 14ms, application-code: 34ms)
 GET /login 200 in 58ms (next.js: 12ms, application-code: 46ms)
 POST /api/agent/heartbeat 404 in 116ms (next.js: 21ms, application-code: 95ms)
 GET /api/agent/sync-queue/pending 404 in 102ms (next.js: 17ms, application-code: 85ms)
 GET /api/agent/sync-queue/pending 404 in 132ms (next.js: 21ms, application-code: 111ms)
 POST /api/agent/heartbeat 404 in 112ms (next.js: 14ms, application-code: 98ms)
 GET /api/agent/sync-queue/pending 404 in 76ms (next.js: 12ms, application-code: 64ms)
 GET /api/agent/sync-queue/pending 404 in 181ms (next.js: 30ms, application-code: 151ms)
 POST /api/agent/heartbeat 404 in 118ms (next.js: 20ms, application-code: 98ms)
 GET /system/health 200 in 607ms (next.js: 321ms, application-code: 286ms)
 GET /api/agent/sync-queue/pending 404 in 168ms (next.js: 33ms, application-code: 136ms)
 GET /login 200 in 42ms (next.js: 10ms, application-code: 33ms)
 GET /api/agent/sync-queue/pending 404 in 63ms (next.js: 16ms, application-code: 46ms)
 POST /api/agent/heartbeat 404 in 85ms (next.js: 15ms, application-code: 70ms)
 GET /api/agent/sync-queue/pending 404 in 71ms (next.js: 15ms, application-code: 56ms)
 GET /tally/migrations 200 in 182ms (next.js: 76ms, application-code: 106ms)
 GET /login 200 in 52ms (next.js: 12ms, application-code: 41ms)
 GET /api/agent/sync-queue/pending 404 in 94ms (next.js: 16ms, application-code: 79ms)
 POST /api/agent/heartbeat 404 in 59ms (next.js: 15ms, application-code: 44ms)
 GET /api/agent/sync-queue/pending 404 in 74ms (next.js: 17ms, application-code: 57ms)
 GET /api/agent/sync-queue/pending 404 in 105ms (next.js: 29ms, application-code: 76ms)
 GET / 200 in 131ms (next.js: 36ms, application-code: 95ms)
 GET /login 200 in 51ms (next.js: 9ms, application-code: 41ms)
 POST /api/agent/heartbeat 404 in 86ms (next.js: 19ms, application-code: 66ms)
 GET /api/agent/sync-queue/pending 404 in 101ms (next.js: 20ms, application-code: 81ms)
 GET /api/agent/sync-queue/pending 404 in 74ms (next.js: 16ms, application-code: 58ms)
[browser] AxiosError: Request failed with status code 403
    at async (lib/api.ts:57:33)
    at async login (components/providers/auth-provider.tsx:49:19)
    at async handleLogin (app/login/page.tsx:14:7)
  55 |       try {
  56 |         // Attempt refresh
> 57 |         const refreshResponse = await axios.post(
     |                                 ^
  58 |           `${process.env.NEXT_PUBLIC_API_URL || "/api/v1"}/auth/refresh`,
  59 |           {},
  60 |           { withCredentials: true } (components/providers/auth-provider.tsx:55:15)
[browser] AxiosError: Request failed with status code 401 (components/providers/auth-provider.tsx:64:15)
 GET /login 200 in 95ms (next.js: 18ms, application-code: 77ms)
 POST /api/agent/heartbeat 404 in 122ms (next.js: 24ms, application-code: 98ms)
 GET /api/agent/sync-queue/pending 404 in 143ms (next.js: 16ms, application-code: 127ms)
 GET /api/agent/sync-queue/pending 404 in 140ms (next.js: 34ms, application-code: 106ms)
 POST /api/agent/heartbeat 404 in 104ms (next.js: 19ms, application-code: 85ms)
 GET /api/agent/sync-queue/pending 404 in 140ms (next.js: 25ms, application-code: 115ms)
 GET /api/agent/sync-queue/pending 404 in 119ms (next.js: 20ms, application-code: 100ms)
 POST /api/agent/heartbeat 404 in 118ms (next.js: 28ms, application-code: 90ms)
 GET /api/agent/sync-queue/pending 404 in 110ms (next.js: 22ms, application-code: 88ms)
 GET /api/agent/sync-queue/pending 404 in 78ms (next.js: 14ms, application-code: 64ms)
 POST /api/agent/heartbeat 404 in 68ms (next.js: 11ms, application-code: 57ms)
 GET /api/agent/sync-queue/pending 404 in 89ms (next.js: 16ms, application-code: 73ms)
 GET /api/agent/sync-queue/pending 404 in 145ms (next.js: 20ms, application-code: 125ms)
 POST /api/agent/heartbeat 404 in 154ms (next.js: 22ms, application-code: 132ms)
 GET /api/agent/sync-queue/pending 404 in 129ms (next.js: 19ms, application-code: 110ms)
 GET /api/agent/sync-queue/pending 404 in 71ms (next.js: 13ms, application-code: 59ms)
 POST /api/agent/heartbeat 404 in 165ms (next.js: 32ms, application-code: 133ms)
 GET /api/agent/sync-queue/pending 404 in 63ms (next.js: 12ms, application-code: 51ms)
 GET /api/agent/sync-queue/pending 404 in 88ms (next.js: 22ms, application-code: 66ms)
 POST /api/agent/heartbeat 404 in 51ms (next.js: 11ms, application-code: 40ms)
 GET /api/agent/sync-queue/pending 404 in 52ms (next.js: 9ms, application-code: 43ms)
 GET /api/agent/sync-queue/pending 404 in 95ms (next.js: 13ms, application-code: 81ms)
 POST /api/agent/heartbeat 404 in 52ms (next.js: 9ms, application-code: 43ms)
 GET /api/agent/sync-queue/pending 404 in 64ms (next.js: 10ms, application-code: 53ms)
 GET /api/agent/sync-queue/pending 404 in 88ms (next.js: 10ms, application-code: 77ms)
 POST /api/agent/heartbeat 404 in 88ms (next.js: 11ms, application-code: 77ms)
 GET /api/agent/sync-queue/pending 404 in 110ms (next.js: 20ms, application-code: 90ms)
 GET /api/agent/sync-queue/pending 404 in 71ms (next.js: 11ms, application-code: 61ms)
 POST /api/agent/heartbeat 404 in 80ms (next.js: 12ms, application-code: 68ms)
 GET /api/agent/sync-queue/pending 404 in 87ms (next.js: 18ms, application-code: 69ms)
 GET /api/agent/sync-queue/pending 404 in 79ms (next.js: 12ms, application-code: 67ms)
 POST /api/agent/heartbeat 404 in 59ms (next.js: 12ms, application-code: 46ms)
 GET /api/agent/sync-queue/pending 404 in 62ms (next.js: 9ms, application-code: 53ms)
 GET /api/agent/sync-queue/pending 404 in 108ms (next.js: 18ms, application-code: 90ms)
[?25h
 ELIFECYCLE  Command failed with exit code 1.
