OpenTelemetry initialized
[19:53:06.054] [32mINFO[39m (29064): [36mJwtStrategy initialized[39m [90m{"trace_id":"094ea94955f8057a27ef9ef69552edce","span_id":"4c79e4b0e1921bfe","trace_flags":"01","context":"Auth"}[39m
[19:53:06.339] [32mINFO[39m (29064): [36mSuccessfully established connection to PostgreSQL[39m [90m{"context":"PrismaService"}[39m
[19:53:06.340] [32mINFO[39m (29064): [36mInitializing BullMQ Service infrastructure[39m [90m{"context":"BullMqService"}[39m
[19:53:06.388] [32mINFO[39m (29064): [36mSuccessfully established connection to Redis[39m [90m{"context":"RedisService"}[39m
[19:53:06.389] [32mINFO[39m (29064): [36mMailListenerService initialized, starting poll interval[39m [90m{"context":"MailListenerService"}[39m
[19:53:06.419] [32mINFO[39m (29064): [36mStarting Nest application...[39m [90m{"context":"NestFactory"}[39m
[19:53:06.420] [32mINFO[39m (29064): [36mContextModule dependencies initialized[39m [90m{"context":"InstanceLoader"}[39m
[19:53:06.420] [32mINFO[39m (29064): [36mPassportModule dependencies initialized[39m [90m{"context":"InstanceLoader"}[39m
[19:53:06.420] [32mINFO[39m (29064): [36mObservabilityModule dependencies initialized[39m [90m{"context":"InstanceLoader"}[39m
[19:53:06.420] [32mINFO[39m (29064): [36mMulterModule dependencies initialized[39m [90m{"context":"InstanceLoader"}[39m
[19:53:06.420] [32mINFO[39m (29064): [36mEventsModule dependencies initialized[39m [90m{"context":"InstanceLoader"}[39m
[19:53:06.420] [32mINFO[39m (29064): [36mThrottlerModule dependencies initialized[39m [90m{"context":"InstanceLoader"}[39m
[19:53:06.420] [32mINFO[39m (29064): [36mPrometheusModule dependencies initialized[39m [90m{"context":"InstanceLoader"}[39m
[19:53:06.420] [32mINFO[39m (29064): [36mConfigHostModule dependencies initialized[39m [90m{"context":"InstanceLoader"}[39m
[19:53:06.421] [32mINFO[39m (29064): [36mBullMQModule dependencies initialized[39m [90m{"context":"InstanceLoader"}[39m
[19:53:06.421] [32mINFO[39m (29064): [36mDiscoveryModule dependencies initialized[39m [90m{"context":"InstanceLoader"}[39m
[19:53:06.421] [32mINFO[39m (29064): [36mConfigModule dependencies initialized[39m [90m{"context":"InstanceLoader"}[39m
[19:53:06.421] [32mINFO[39m (29064): [36mConfigModule dependencies initialized[39m [90m{"context":"InstanceLoader"}[39m
[19:53:06.421] [32mINFO[39m (29064): [36mTerminusModule dependencies initialized[39m [90m{"context":"InstanceLoader"}[39m
[19:53:06.421] [32mINFO[39m (29064): [36mMetricsModule dependencies initialized[39m [90m{"context":"InstanceLoader"}[39m
[19:53:06.421] [32mINFO[39m (29064): [36mScheduleModule dependencies initialized[39m [90m{"context":"InstanceLoader"}[39m
[19:53:06.421] [32mINFO[39m (29064): [36mAppModule dependencies initialized[39m [90m{"context":"InstanceLoader"}[39m
[19:53:06.421] [32mINFO[39m (29064): [36mBullModule dependencies initialized[39m [90m{"context":"InstanceLoader"}[39m
[19:53:06.421] [32mINFO[39m (29064): [36mBullModule dependencies initialized[39m [90m{"context":"InstanceLoader"}[39m
[19:53:06.421] [32mINFO[39m (29064): [36mJwtModule dependencies initialized[39m [90m{"context":"InstanceLoader"}[39m
[19:53:06.421] [32mINFO[39m (29064): [36mLoggerModule dependencies initialized[39m [90m{"context":"InstanceLoader"}[39m
[19:53:06.421] [32mINFO[39m (29064): [36mLoggerModule dependencies initialized[39m [90m{"context":"InstanceLoader"}[39m
[19:53:06.421] [32mINFO[39m (29064): [36mBullModule dependencies initialized[39m [90m{"context":"InstanceLoader"}[39m
[19:53:06.421] [32mINFO[39m (29064): [36mBullModule dependencies initialized[39m [90m{"context":"InstanceLoader"}[39m
[19:53:06.421] [32mINFO[39m (29064): [36mBullModule dependencies initialized[39m [90m{"context":"InstanceLoader"}[39m
[19:53:06.421] [32mINFO[39m (29064): [36mBullModule dependencies initialized[39m [90m{"context":"InstanceLoader"}[39m
[19:53:06.421] [32mINFO[39m (29064): [36mBullModule dependencies initialized[39m [90m{"context":"InstanceLoader"}[39m
[19:53:06.421] [32mINFO[39m (29064): [36mBullModule dependencies initialized[39m [90m{"context":"InstanceLoader"}[39m
[19:53:06.421] [32mINFO[39m (29064): [36mBullModule dependencies initialized[39m [90m{"context":"InstanceLoader"}[39m
[19:53:06.421] [32mINFO[39m (29064): [36mBullModule dependencies initialized[39m [90m{"context":"InstanceLoader"}[39m
[19:53:06.421] [32mINFO[39m (29064): [36mBullModule dependencies initialized[39m [90m{"context":"InstanceLoader"}[39m
[19:53:06.421] [32mINFO[39m (29064): [36mBullModule dependencies initialized[39m [90m{"context":"InstanceLoader"}[39m
[19:53:06.421] [32mINFO[39m (29064): [36mBullModule dependencies initialized[39m [90m{"context":"InstanceLoader"}[39m
[19:53:06.421] [32mINFO[39m (29064): [36mBullModule dependencies initialized[39m [90m{"context":"InstanceLoader"}[39m
[19:53:06.421] [32mINFO[39m (29064): [36mPrismaModule dependencies initialized[39m [90m{"context":"InstanceLoader"}[39m
[19:53:06.421] [32mINFO[39m (29064): [36mRedisModule dependencies initialized[39m [90m{"context":"InstanceLoader"}[39m
[19:53:06.421] [32mINFO[39m (29064): [36mQueueModule dependencies initialized[39m [90m{"context":"InstanceLoader"}[39m
[19:53:06.421] [32mINFO[39m (29064): [36mHealthModule dependencies initialized[39m [90m{"context":"InstanceLoader"}[39m
[19:53:06.421] [32mINFO[39m (29064): [36mAuditModule dependencies initialized[39m [90m{"context":"InstanceLoader"}[39m
[19:53:06.421] [32mINFO[39m (29064): [36mBackupModule dependencies initialized[39m [90m{"context":"InstanceLoader"}[39m
[19:53:06.421] [32mINFO[39m (29064): [36mAIGovernanceModule dependencies initialized[39m [90m{"context":"InstanceLoader"}[39m
[19:53:06.421] [32mINFO[39m (29064): [36mSharedCacheModule dependencies initialized[39m [90m{"context":"InstanceLoader"}[39m
[19:53:06.421] [32mINFO[39m (29064): [36mFilesModule dependencies initialized[39m [90m{"context":"InstanceLoader"}[39m
[19:53:06.421] [32mINFO[39m (29064): [36mOrganizationModule dependencies initialized[39m [90m{"context":"InstanceLoader"}[39m
[19:53:06.421] [32mINFO[39m (29064): [36mAuthModule dependencies initialized[39m [90m{"context":"InstanceLoader"}[39m
[19:53:06.421] [32mINFO[39m (29064): [36mOperationsModule dependencies initialized[39m [90m{"context":"InstanceLoader"}[39m
[19:53:06.421] [32mINFO[39m (29064): [36mFeeValidationModule dependencies initialized[39m [90m{"context":"InstanceLoader"}[39m
[19:53:06.421] [32mINFO[39m (29064): [36mEnterpriseAccountingIntelligenceModule dependencies initialized[39m [90m{"context":"InstanceLoader"}[39m
[19:53:06.421] [32mINFO[39m (29064): [36mVendorSlipModule dependencies initialized[39m [90m{"context":"InstanceLoader"}[39m
[19:53:06.422] [32mINFO[39m (29064): [36mPaymentParserModule dependencies initialized[39m [90m{"context":"InstanceLoader"}[39m
[19:53:06.422] [32mINFO[39m (29064): [36mStudentModule dependencies initialized[39m [90m{"context":"InstanceLoader"}[39m
[19:53:06.422] [32mINFO[39m (29064): [36mStudentMatchingModule dependencies initialized[39m [90m{"context":"InstanceLoader"}[39m
[19:53:06.422] [32mINFO[39m (29064): [36mStudentFeeModule dependencies initialized[39m [90m{"context":"InstanceLoader"}[39m
[19:53:06.422] [32mINFO[39m (29064): [36mMailModule dependencies initialized[39m [90m{"context":"InstanceLoader"}[39m
[19:53:06.422] [32mINFO[39m (29064): [36mVoucherBuilderModule dependencies initialized[39m [90m{"context":"InstanceLoader"}[39m
[19:53:06.422] [32mINFO[39m (29064): [36mERPConnectorModule dependencies initialized[39m [90m{"context":"InstanceLoader"}[39m
[19:53:06.422] [32mINFO[39m (29064): [36mEnterpriseEventGateway Initialized[39m [90m{"context":"EnterpriseEventGateway"}[39m
[19:53:06.422] [32mINFO[39m (29064): [36mPrometheusController {/api/v1/metrics}:[39m [90m{"context":"RoutesResolver"}[39m
[19:53:06.422] [32mINFO[39m (29064): [36mMapped {/api/v1/metrics, GET} route[39m [90m{"context":"RouterExplorer"}[39m
[19:53:06.422] [32mINFO[39m (29064): [36mAuthController {/api/v1/auth}:[39m [90m{"context":"RoutesResolver"}[39m
[19:53:06.422] [32mINFO[39m (29064): [36mMapped {/api/v1/auth/csrf, GET} route[39m [90m{"context":"RouterExplorer"}[39m
[19:53:06.422] [32mINFO[39m (29064): [36mMapped {/api/v1/auth/login, POST} route[39m [90m{"context":"RouterExplorer"}[39m
[19:53:06.422] [32mINFO[39m (29064): [36mMapped {/api/v1/auth/refresh, POST} route[39m [90m{"context":"RouterExplorer"}[39m
[19:53:06.422] [32mINFO[39m (29064): [36mMapped {/api/v1/auth/logout, POST} route[39m [90m{"context":"RouterExplorer"}[39m
[19:53:06.422] [32mINFO[39m (29064): [36mHealthController {/api/v1/health}:[39m [90m{"context":"RoutesResolver"}[39m
[19:53:06.422] [32mINFO[39m (29064): [36mMapped {/api/v1/health/live, GET} route[39m [90m{"context":"RouterExplorer"}[39m
[19:53:06.422] [32mINFO[39m (29064): [36mMapped {/api/v1/health/ready, GET} route[39m [90m{"context":"RouterExplorer"}[39m
[19:53:06.422] [32mINFO[39m (29064): [36mMapped {/api/v1/health, GET} route[39m [90m{"context":"RouterExplorer"}[39m
[19:53:06.422] [32mINFO[39m (29064): [36mMapped {/api/v1/health/database, GET} route[39m [90m{"context":"RouterExplorer"}[39m
[19:53:06.422] [32mINFO[39m (29064): [36mMapped {/api/v1/health/queue, GET} route[39m [90m{"context":"RouterExplorer"}[39m
[19:53:06.422] [32mINFO[39m (29064): [36mMapped {/api/v1/health/erp, GET} route[39m [90m{"context":"RouterExplorer"}[39m
[19:53:06.422] [32mINFO[39m (29064): [36mERPController {/api/v1/erp-connector}:[39m [90m{"context":"RoutesResolver"}[39m
[19:53:06.422] [32mINFO[39m (29064): [36mMapped {/api/v1/erp-connector/sync, POST} route[39m [90m{"context":"RouterExplorer"}[39m
[19:53:06.422] [32mINFO[39m (29064): [36mMapped {/api/v1/erp-connector/health, GET} route[39m [90m{"context":"RouterExplorer"}[39m
[19:53:06.422] [32mINFO[39m (29064): [36mTallyOrganizationController {/api/v1/tally}:[39m [90m{"context":"RoutesResolver"}[39m
[19:53:06.422] [32mINFO[39m (29064): [36mMapped {/api/v1/tally/organization-preview, GET} route[39m [90m{"context":"RouterExplorer"}[39m
[19:53:06.422] [32mINFO[39m (29064): [36mMapped {/api/v1/tally/organize, POST} route[39m [90m{"context":"RouterExplorer"}[39m
[19:53:06.422] [32mINFO[39m (29064): [36mMapped {/api/v1/tally/migration/:id/rollback, POST} route[39m [90m{"context":"RouterExplorer"}[39m
[19:53:06.422] [32mINFO[39m (29064): [36mApprovalController {/api/v1/accounting-intelligence/approvals}:[39m [90m{"context":"RoutesResolver"}[39m
[19:53:06.422] [32mINFO[39m (29064): [36mMapped {/api/v1/accounting-intelligence/approvals/dashboard, GET} route[39m [90m{"context":"RouterExplorer"}[39m
[19:53:06.422] [32mINFO[39m (29064): [36mMapped {/api/v1/accounting-intelligence/approvals, GET} route[39m [90m{"context":"RouterExplorer"}[39m
[19:53:06.422] [32mINFO[39m (29064): [36mMapped {/api/v1/accounting-intelligence/approvals/:id/approve, POST} route[39m [90m{"context":"RouterExplorer"}[39m
[19:53:06.422] [32mINFO[39m (29064): [36mMapped {/api/v1/accounting-intelligence/approvals/:id/reject, POST} route[39m [90m{"context":"RouterExplorer"}[39m
[19:53:06.422] [32mINFO[39m (29064): [36mTallyDiscoveryController {/api/v1/accounting-intelligence/discovery}:[39m [90m{"context":"RoutesResolver"}[39m
[19:53:06.422] [32mINFO[39m (29064): [36mMapped {/api/v1/accounting-intelligence/discovery/run, POST} route[39m [90m{"context":"RouterExplorer"}[39m
[19:53:06.422] [32mINFO[39m (29064): [36mMigrationController {/api/v1/accounting-intelligence/migrations}:[39m [90m{"context":"RoutesResolver"}[39m
[19:53:06.422] [32mINFO[39m (29064): [36mMapped {/api/v1/accounting-intelligence/migrations/dashboard, GET} route[39m [90m{"context":"RouterExplorer"}[39m
[19:53:06.422] [32mINFO[39m (29064): [36mMapped {/api/v1/accounting-intelligence/migrations, GET} route[39m [90m{"context":"RouterExplorer"}[39m
[19:53:06.422] [32mINFO[39m (29064): [36mMapped {/api/v1/accounting-intelligence/migrations/:id, GET} route[39m [90m{"context":"RouterExplorer"}[39m
[19:53:06.422] [32mINFO[39m (29064): [36mMapped {/api/v1/accounting-intelligence/migrations/:id/execute, POST} route[39m [90m{"context":"RouterExplorer"}[39m
[19:53:06.422] [32mINFO[39m (29064): [36mMapped {/api/v1/accounting-intelligence/migrations/:id/rollback, POST} route[39m [90m{"context":"RouterExplorer"}[39m
[19:53:06.422] [32mINFO[39m (29064): [36mMapped {/api/v1/accounting-intelligence/migrations/:id/history, GET} route[39m [90m{"context":"RouterExplorer"}[39m
[19:53:06.422] [32mINFO[39m (29064): [36mDecisionAuditController {/api/v1/accounting-intelligence/decisions}:[39m [90m{"context":"RoutesResolver"}[39m
[19:53:06.422] [32mINFO[39m (29064): [36mMapped {/api/v1/accounting-intelligence/decisions, GET} route[39m [90m{"context":"RouterExplorer"}[39m
[19:53:06.423] [32mINFO[39m (29064): [36mMapped {/api/v1/accounting-intelligence/decisions/:id, GET} route[39m [90m{"context":"RouterExplorer"}[39m
[19:53:06.423] [32mINFO[39m (29064): [36mStudentController {/api/v1/students}:[39m [90m{"context":"RoutesResolver"}[39m
[19:53:06.423] [32mINFO[39m (29064): [36mMapped {/api/v1/students, POST} route[39m [90m{"context":"RouterExplorer"}[39m
[19:53:06.423] [32mINFO[39m (29064): [36mMapped {/api/v1/students, GET} route[39m [90m{"context":"RouterExplorer"}[39m
[19:53:06.423] [32mINFO[39m (29064): [36mMapped {/api/v1/students/:id, GET} route[39m [90m{"context":"RouterExplorer"}[39m
[19:53:06.423] [32mINFO[39m (29064): [36mMapped {/api/v1/students/:id, PUT} route[39m [90m{"context":"RouterExplorer"}[39m
[19:53:06.423] [32mINFO[39m (29064): [36mMapped {/api/v1/students/:id, DELETE} route[39m [90m{"context":"RouterExplorer"}[39m
[19:53:06.423] [32mINFO[39m (29064): [36mStudentImportController {/api/v1/api/students}:[39m [90m{"context":"RoutesResolver"}[39m
[19:53:06.423] [32mINFO[39m (29064): [36mMapped {/api/v1/api/students/import, POST} route[39m [90m{"context":"RouterExplorer"}[39m
[19:53:06.423] [32mINFO[39m (29064): [36mMailController {/api/v1/mail}:[39m [90m{"context":"RoutesResolver"}[39m
[19:53:06.423] [32mINFO[39m (29064): [36mMapped {/api/v1/mail/sync, POST} route[39m [90m{"context":"RouterExplorer"}[39m
[19:53:06.423] [32mINFO[39m (29064): [36mPaymentParserController {/api/v1/payment-parser}:[39m [90m{"context":"RoutesResolver"}[39m
[19:53:06.423] [32mINFO[39m (29064): [36mMapped {/api/v1/payment-parser/process, POST} route[39m [90m{"context":"RouterExplorer"}[39m
[19:53:06.423] [32mINFO[39m (29064): [36mMatchingController {/api/v1/student-matching}:[39m [90m{"context":"RoutesResolver"}[39m
[19:53:06.423] [32mINFO[39m (29064): [36mMapped {/api/v1/student-matching/process, POST} route[39m [90m{"context":"RouterExplorer"}[39m
[19:53:06.423] [32mINFO[39m (29064): [36mValidationController {/api/v1/fee-validation}:[39m [90m{"context":"RoutesResolver"}[39m
[19:53:06.423] [32mINFO[39m (29064): [36mMapped {/api/v1/fee-validation/process, POST} route[39m [90m{"context":"RouterExplorer"}[39m
[19:53:06.423] [32mINFO[39m (29064): [36mVoucherController {/api/v1/voucher-builder}:[39m [90m{"context":"RoutesResolver"}[39m
[19:53:06.423] [32mINFO[39m (29064): [36mMapped {/api/v1/voucher-builder/process, POST} route[39m [90m{"context":"RouterExplorer"}[39m
[19:53:06.423] [32mINFO[39m (29064): [36mCapabilityController {/api/v1/system}:[39m [90m{"context":"RoutesResolver"}[39m
[19:53:06.423] [32mINFO[39m (29064): [36mMapped {/api/v1/system/capabilities, GET} route[39m [90m{"context":"RouterExplorer"}[39m
[19:53:06.423] [32mINFO[39m (29064): [36mDashboardController {/api/v1/dashboard}:[39m [90m{"context":"RoutesResolver"}[39m
[19:53:06.423] [32mINFO[39m (29064): [36mMapped {/api/v1/dashboard/overview, GET} route[39m [90m{"context":"RouterExplorer"}[39m
[19:53:06.423] [32mINFO[39m (29064): [36mMapped {/api/v1/dashboard/enterprise/reliability, GET} route[39m [90m{"context":"RouterExplorer"}[39m
[19:53:06.423] [32mINFO[39m (29064): [36mMapped {/api/v1/dashboard/operations, GET} route[39m [90m{"context":"RouterExplorer"}[39m
[19:53:06.423] [32mINFO[39m (29064): [36mMapped {/api/v1/dashboard/sync, GET} route[39m [90m{"context":"RouterExplorer"}[39m
[19:53:06.423] [32mINFO[39m (29064): [36mMapped {/api/v1/dashboard/intelligence, GET} route[39m [90m{"context":"RouterExplorer"}[39m
[19:53:06.423] [32mINFO[39m (29064): [36mMapped {/api/v1/dashboard/alerts, GET} route[39m [90m{"context":"RouterExplorer"}[39m
[19:53:06.423] [32mINFO[39m (29064): [36mReviewQueueController {/api/v1/review}:[39m [90m{"context":"RoutesResolver"}[39m
[19:53:06.424] [32mINFO[39m (29064): [36mMapped {/api/v1/review/vendor, GET} route[39m [90m{"context":"RouterExplorer"}[39m
[19:53:06.424] [32mINFO[39m (29064): [36mMapped {/api/v1/review/student, GET} route[39m [90m{"context":"RouterExplorer"}[39m
[19:53:06.424] [32mINFO[39m (29064): [36mMonitoringController {/api/v1}:[39m [90m{"context":"RoutesResolver"}[39m
[19:53:06.424] [32mINFO[39m (29064): [36mMapped {/api/v1/erp/status, GET} route[39m [90m{"context":"RouterExplorer"}[39m
[19:53:06.424] [32mINFO[39m (29064): [36mMapped {/api/v1/erp/history, GET} route[39m [90m{"context":"RouterExplorer"}[39m
[19:53:06.424] [32mINFO[39m (29064): [36mMapped {/api/v1/tally/migrations, GET} route[39m [90m{"context":"RouterExplorer"}[39m
[19:53:06.424] [32mINFO[39m (29064): [36mMapped {/api/v1/tally/migrations/:id, GET} route[39m [90m{"context":"RouterExplorer"}[39m
[19:53:06.424] [32mINFO[39m (29064): [36mMapped {/api/v1/system/workers, GET} route[39m [90m{"context":"RouterExplorer"}[39m
[19:53:06.424] [32mINFO[39m (29064): [36mMapped {/api/v1/enterprise/health, GET} route[39m [90m{"context":"RouterExplorer"}[39m
[19:53:06.424] [32mINFO[39m (29064): [36mMapped {/api/v1/enterprise/accounting-health, GET} route[39m [90m{"context":"RouterExplorer"}[39m
[19:53:06.424] [32mINFO[39m (29064): [36mMapped {/api/v1/enterprise/migration-health, GET} route[39m [90m{"context":"RouterExplorer"}[39m
[19:53:06.424] [32mINFO[39m (29064): [36mMapped {/api/v1/enterprise/dashboard, GET} route[39m [90m{"context":"RouterExplorer"}[39m
[19:53:06.424] [32mINFO[39m (29064): [36mSystemHealthController {/api/v1/system}:[39m [90m{"context":"RoutesResolver"}[39m
[19:53:06.424] [32mINFO[39m (29064): [36mMapped {/api/v1/system/health, GET} route[39m [90m{"context":"RouterExplorer"}[39m
[19:53:06.424] [32mINFO[39m (29064): [36mAuditController {/api/v1/audit}:[39m [90m{"context":"RoutesResolver"}[39m
[19:53:06.424] [32mINFO[39m (29064): [36mMapped {/api/v1/audit/events, GET} route[39m [90m{"context":"RouterExplorer"}[39m
[19:53:06.424] [32mINFO[39m (29064): [36mAdminConfigController {/api/v1/admin}:[39m [90m{"context":"RoutesResolver"}[39m
[19:53:06.424] [32mINFO[39m (29064): [36mMapped {/api/v1/admin/config, GET} route[39m [90m{"context":"RouterExplorer"}[39m
[19:53:06.424] [32mINFO[39m (29064): [36mMapped {/api/v1/admin/config, PUT} route[39m [90m{"context":"RouterExplorer"}[39m
[19:53:06.424] [32mINFO[39m (29064): [36mReviewQueueController {/api/v1/operations/review-queue}:[39m [90m{"context":"RoutesResolver"}[39m
[19:53:06.424] [32mINFO[39m (29064): [36mMapped {/api/v1/operations/review-queue, GET} route[39m [90m{"context":"RouterExplorer"}[39m
[19:53:06.424] [32mINFO[39m (29064): [36mTallyHealthController {/api/v1/tally/health}:[39m [90m{"context":"RoutesResolver"}[39m
[19:53:06.424] [32mINFO[39m (29064): [36mMapped {/api/v1/tally/health, GET} route[39m [90m{"context":"RouterExplorer"}[39m
[19:53:06.424] [32mINFO[39m (29064): [36mAuditTimelineController {/api/v1/audit/timeline}:[39m [90m{"context":"RoutesResolver"}[39m
[19:53:06.424] [32mINFO[39m (29064): [36mMapped {/api/v1/audit/timeline/:entityId, GET} route[39m [90m{"context":"RouterExplorer"}[39m
[19:53:06.424] [32mINFO[39m (29064): [36mTransactionsController {/api/v1/operations/transactions}:[39m [90m{"context":"RoutesResolver"}[39m
[19:53:06.424] [32mINFO[39m (29064): [36mMapped {/api/v1/operations/transactions, GET} route[39m [90m{"context":"RouterExplorer"}[39m
[19:53:06.424] [32mINFO[39m (29064): [36mMapped {/api/v1/operations/transactions/:id, GET} route[39m [90m{"context":"RouterExplorer"}[39m
[19:53:06.424] [32mINFO[39m (29064): [36mVendorsController {/api/v1/operations/vendors}:[39m [90m{"context":"RoutesResolver"}[39m
[19:53:06.424] [32mINFO[39m (29064): [36mMapped {/api/v1/operations/vendors, GET} route[39m [90m{"context":"RouterExplorer"}[39m
[19:53:06.424] [32mINFO[39m (29064): [36mMapped {/api/v1/operations/vendors/:id, GET} route[39m [90m{"context":"RouterExplorer"}[39m
[19:53:06.424] [32mINFO[39m (29064): [36mNotificationsController {/api/v1/operations/notifications}:[39m [90m{"context":"RoutesResolver"}[39m
[19:53:06.424] [32mINFO[39m (29064): [36mMapped {/api/v1/operations/notifications, GET} route[39m [90m{"context":"RouterExplorer"}[39m
[19:53:06.424] [32mINFO[39m (29064): [36mMapped {/api/v1/operations/notifications/:id/read, PATCH} route[39m [90m{"context":"RouterExplorer"}[39m
[19:53:06.424] [32mINFO[39m (29064): [36mQueueController {/api/v1/operations/queues}:[39m [90m{"context":"RoutesResolver"}[39m
[19:53:06.425] [32mINFO[39m (29064): [36mMapped {/api/v1/operations/queues/:queueName/health, GET} route[39m [90m{"context":"RouterExplorer"}[39m
[19:53:06.425] [32mINFO[39m (29064): [36mMapped {/api/v1/operations/queues/:queueName/retry-failed, POST} route[39m [90m{"context":"RouterExplorer"}[39m
[19:53:06.425] [32mINFO[39m (29064): [36mOcrController {/api/v1/ocr}:[39m [90m{"context":"RoutesResolver"}[39m
[19:53:06.425] [32mINFO[39m (29064): [36mMapped {/api/v1/ocr/process/:fileId, POST} route[39m [90m{"context":"RouterExplorer"}[39m
[19:53:06.425] [32mINFO[39m (29064): [36mMapped {/api/v1/ocr/:fileId/status, GET} route[39m [90m{"context":"RouterExplorer"}[39m
[19:53:06.425] [32mINFO[39m (29064): [36mReviewController {/api/v1/vendor-slips}:[39m [90m{"context":"RoutesResolver"}[39m
[19:53:06.425] [32mINFO[39m (29064): [36mMapped {/api/v1/vendor-slips/review, GET} route[39m [90m{"context":"RouterExplorer"}[39m
[19:53:06.425] [32mINFO[39m (29064): [36mMapped {/api/v1/vendor-slips/:id/approve, PUT} route[39m [90m{"context":"RouterExplorer"}[39m
[19:53:06.425] [32mINFO[39m (29064): [36mBatchSyncController {/api/v1/api/vendor-slips/batch-sync}:[39m [90m{"context":"RoutesResolver"}[39m
[19:53:06.425] [32mINFO[39m (29064): [36mMapped {/api/v1/api/vendor-slips/batch-sync, POST} route[39m [90m{"context":"RouterExplorer"}[39m
[19:53:06.425] [32mINFO[39m (29064): [36mMapped {/api/v1/api/vendor-slips/batch-sync/:batchId/retry, POST} route[39m [90m{"context":"RouterExplorer"}[39m
[19:53:06.425] [32mINFO[39m (29064): [36mMapped {/api/v1/api/vendor-slips/batch-sync/:batchId, GET} route[39m [90m{"context":"RouterExplorer"}[39m
[19:53:06.425] [32mINFO[39m (29064): [36mManualReviewController {/api/v1/manual-review}:[39m [90m{"context":"RoutesResolver"}[39m
[19:53:06.425] [32mINFO[39m (29064): [36mMapped {/api/v1/manual-review, GET} route[39m [90m{"context":"RouterExplorer"}[39m
[19:53:06.425] [32mINFO[39m (29064): [36mMapped {/api/v1/manual-review/:id, GET} route[39m [90m{"context":"RouterExplorer"}[39m
[19:53:06.425] [32mINFO[39m (29064): [36mMapped {/api/v1/manual-review/:id/approve, POST} route[39m [90m{"context":"RouterExplorer"}[39m
[19:53:06.425] [32mINFO[39m (29064): [36mMapped {/api/v1/manual-review/:id/reject, POST} route[39m [90m{"context":"RouterExplorer"}[39m
[19:53:06.425] [32mINFO[39m (29064): [36mStudentManualReviewController {/api/v1/student-fees/manual-review}:[39m [90m{"context":"RoutesResolver"}[39m
[19:53:06.425] [32mINFO[39m (29064): [36mMapped {/api/v1/student-fees/manual-review, GET} route[39m [90m{"context":"RouterExplorer"}[39m
[19:53:06.425] [32mINFO[39m (29064): [36mMapped {/api/v1/student-fees/manual-review/:id, GET} route[39m [90m{"context":"RouterExplorer"}[39m
[19:53:06.425] [32mINFO[39m (29064): [36mMapped {/api/v1/student-fees/manual-review/:id/approve, POST} route[39m [90m{"context":"RouterExplorer"}[39m
[19:53:06.425] [32mINFO[39m (29064): [36mMapped {/api/v1/student-fees/manual-review/:id/reject, POST} route[39m [90m{"context":"RouterExplorer"}[39m
[19:53:06.425] [32mINFO[39m (29064): [36mStudentTransactionsController {/api/v1/api/student-transactions}:[39m [90m{"context":"RoutesResolver"}[39m
[19:53:06.425] [32mINFO[39m (29064): [36mMapped {/api/v1/api/student-transactions/recent, GET} route[39m [90m{"context":"RouterExplorer"}[39m
[19:53:06.425] [32mINFO[39m (29064): [36mFilesController {/api/v1/files}:[39m [90m{"context":"RoutesResolver"}[39m
[19:53:06.425] [32mINFO[39m (29064): [36mMapped {/api/v1/files/upload, POST} route[39m [90m{"context":"RouterExplorer"}[39m
[19:53:06.425] [32mINFO[39m (29064): [36mMapped {/api/v1/files/:id, GET} route[39m [90m{"context":"RouterExplorer"}[39m
[19:53:06.425] [32mINFO[39m (29064): [36mMapped {/api/v1/files/:id/metadata, GET} route[39m [90m{"context":"RouterExplorer"}[39m
[19:53:06.425] [32mINFO[39m (29064): [36mMapped {/api/v1/files/:id, DELETE} route[39m [90m{"context":"RouterExplorer"}[39m
[19:53:06.425] [32mINFO[39m (29064): [36mOrganizationController {/api/v1/organizations}:[39m [90m{"context":"RoutesResolver"}[39m
[19:53:06.425] [32mINFO[39m (29064): [36mMapped {/api/v1/organizations, POST} route[39m [90m{"context":"RouterExplorer"}[39m
[19:53:06.425] [32mINFO[39m (29064): [36mMapped {/api/v1/organizations, GET} route[39m [90m{"context":"RouterExplorer"}[39m
[19:53:06.425] [32mINFO[39m (29064): [36mMapped {/api/v1/organizations/:id/companies, POST} route[39m [90m{"context":"RouterExplorer"}[39m
[19:53:06.425] [32mINFO[39m (29064): [36mMapped {/api/v1/organizations/:id/companies, GET} route[39m [90m{"context":"RouterExplorer"}[39m
[19:53:06.425] [32mINFO[39m (29064): [36mMapped {/api/v1/organizations/:id/export, GET} route[39m [90m{"context":"RouterExplorer"}[39m
[19:53:06.425] [32mINFO[39m (29064): [36mNest application successfully started[39m [90m{"context":"NestApplication"}[39m
[19:53:06.426] [32mINFO[39m (29064): [36m🚀 Application is running on port: 3001[39m [90m{"context":"Bootstrap"}[39m
{
  resource: {
    attributes: {
      'host.name': 'Arunesh',
      'host.arch': 'amd64',
      'host.id': '961ee426-227a-4c11-9579-fdfc83a68919',
      'process.pid': 29064,
      'process.executable.name': 'Administrator:  C:\\WINDOWS\\system32\\cmd.exe ',
      'process.executable.path': 'C:\\Program Files\\nodejs\\node.exe',
      'process.command_args': [
        'C:\\Program Files\\nodejs\\node.exe',
        'C:\\Users\\Administrator\\.gemini\\antigravity_old\\scratch_old\\tallyme\\apps\\backend\\dist\\src\\main.js'
      ],
      'process.runtime.version': '24.12.0',
      'process.runtime.name': 'nodejs',
      'process.runtime.description': 'Node.js',
      'process.command': 'C:\\Users\\Administrator\\.gemini\\antigravity_old\\scratch_old\\tallyme\\apps\\backend\\dist\\src\\main.js',
      'process.owner': 'Administrator',
      'service.name': 'unknown_service:node',
      'telemetry.sdk.language': 'nodejs',
      'telemetry.sdk.name': 'opentelemetry',
      'telemetry.sdk.version': '2.10.0'
    }
  },
  instrumentationScope: {
    name: '@opentelemetry/instrumentation-ioredis',
    version: '0.68.0',
    schemaUrl: undefined
  },
  traceId: '094ea94955f8057a27ef9ef69552edce',
  parentSpanContext: {
    traceId: '094ea94955f8057a27ef9ef69552edce',
    spanId: '4c79e4b0e1921bfe',
    traceFlags: 1,
    traceState: undefined
  },
  traceState: undefined,
  name: 'connect',
  id: '5ed9f2fd3803be55',
  kind: 2,
  timestamp: 1784989386028000,
  duration: 1569.7,
  attributes: {
    'db.system': 'redis',
    'db.statement': 'connect',
    'db.connection_string': 'redis://localhost:6380',
    'net.peer.name': 'localhost',
    'net.peer.port': 6380
  },
  status: { code: 0 },
  events: [],
  links: []
}
{
  resource: {
    attributes: {
      'host.name': 'Arunesh',
      'host.arch': 'amd64',
      'host.id': '961ee426-227a-4c11-9579-fdfc83a68919',
      'process.pid': 29064,
      'process.executable.name': 'Administrator:  C:\\WINDOWS\\system32\\cmd.exe ',
      'process.executable.path': 'C:\\Program Files\\nodejs\\node.exe',
      'process.command_args': [
        'C:\\Program Files\\nodejs\\node.exe',
        'C:\\Users\\Administrator\\.gemini\\antigravity_old\\scratch_old\\tallyme\\apps\\backend\\dist\\src\\main.js'
      ],
      'process.runtime.version': '24.12.0',
      'process.runtime.name': 'nodejs',
      'process.runtime.description': 'Node.js',
      'process.command': 'C:\\Users\\Administrator\\.gemini\\antigravity_old\\scratch_old\\tallyme\\apps\\backend\\dist\\src\\main.js',
      'process.owner': 'Administrator',
      'service.name': 'unknown_service:node',
      'telemetry.sdk.language': 'nodejs',
      'telemetry.sdk.name': 'opentelemetry',
      'telemetry.sdk.version': '2.10.0'
    }
  },
  instrumentationScope: {
    name: '@opentelemetry/instrumentation-ioredis',
    version: '0.68.0',
    schemaUrl: undefined
  },
  traceId: '094ea94955f8057a27ef9ef69552edce',
  parentSpanContext: {
    traceId: '094ea94955f8057a27ef9ef69552edce',
    spanId: '4c79e4b0e1921bfe',
    traceFlags: 1,
    traceState: undefined
  },
  traceState: undefined,
  name: 'connect',
  id: 'def71d70095d93df',
  kind: 2,
  timestamp: 1784989386033000,
  duration: 221.5,
  attributes: {
    'db.system': 'redis',
    'db.statement': 'connect',
    'db.connection_string': 'redis://localhost:6380',
    'net.peer.name': 'localhost',
    'net.peer.port': 6380
  },
  status: { code: 0 },
  events: [],
  links: []
}
{
  resource: {
    attributes: {
      'host.name': 'Arunesh',
      'host.arch': 'amd64',
      'host.id': '961ee426-227a-4c11-9579-fdfc83a68919',
      'process.pid': 29064,
      'process.executable.name': 'Administrator:  C:\\WINDOWS\\system32\\cmd.exe ',
      'process.executable.path': 'C:\\Program Files\\nodejs\\node.exe',
      'process.command_args': [
        'C:\\Program Files\\nodejs\\node.exe',
        'C:\\Users\\Administrator\\.gemini\\antigravity_old\\scratch_old\\tallyme\\apps\\backend\\dist\\src\\main.js'
      ],
      'process.runtime.version': '24.12.0',
      'process.runtime.name': 'nodejs',
      'process.runtime.description': 'Node.js',
      'process.command': 'C:\\Users\\Administrator\\.gemini\\antigravity_old\\scratch_old\\tallyme\\apps\\backend\\dist\\src\\main.js',
      'process.owner': 'Administrator',
      'service.name': 'unknown_service:node',
      'telemetry.sdk.language': 'nodejs',
      'telemetry.sdk.name': 'opentelemetry',
      'telemetry.sdk.version': '2.10.0'
    }
  },
  instrumentationScope: {
    name: '@opentelemetry/instrumentation-ioredis',
    version: '0.68.0',
    schemaUrl: undefined
  },
  traceId: '094ea94955f8057a27ef9ef69552edce',
  parentSpanContext: {
    traceId: '094ea94955f8057a27ef9ef69552edce',
    spanId: '4c79e4b0e1921bfe',
    traceFlags: 1,
    traceState: undefined
  },
  traceState: undefined,
  name: 'connect',
  id: 'd5abe80455cb8312',
  kind: 2,
  timestamp: 1784989386033000,
  duration: 76.1,
  attributes: {
    'db.system': 'redis',
    'db.statement': 'connect',
    'db.connection_string': 'redis://localhost:6380',
    'net.peer.name': 'localhost',
    'net.peer.port': 6380
  },
  status: { code: 0 },
  events: [],
  links: []
}
{
  resource: {
    attributes: {
      'host.name': 'Arunesh',
      'host.arch': 'amd64',
      'host.id': '961ee426-227a-4c11-9579-fdfc83a68919',
      'process.pid': 29064,
      'process.executable.name': 'Administrator:  C:\\WINDOWS\\system32\\cmd.exe ',
      'process.executable.path': 'C:\\Program Files\\nodejs\\node.exe',
      'process.command_args': [
        'C:\\Program Files\\nodejs\\node.exe',
        'C:\\Users\\Administrator\\.gemini\\antigravity_old\\scratch_old\\tallyme\\apps\\backend\\dist\\src\\main.js'
      ],
      'process.runtime.version': '24.12.0',
      'process.runtime.name': 'nodejs',
      'process.runtime.description': 'Node.js',
      'process.command': 'C:\\Users\\Administrator\\.gemini\\antigravity_old\\scratch_old\\tallyme\\apps\\backend\\dist\\src\\main.js',
      'process.owner': 'Administrator',
      'service.name': 'unknown_service:node',
      'telemetry.sdk.language': 'nodejs',
      'telemetry.sdk.name': 'opentelemetry',
      'telemetry.sdk.version': '2.10.0'
    }
  },
  instrumentationScope: {
    name: '@opentelemetry/instrumentation-ioredis',
    version: '0.68.0',
    schemaUrl: undefined
  },
  traceId: '094ea94955f8057a27ef9ef69552edce',
  parentSpanContext: {
    traceId: '094ea94955f8057a27ef9ef69552edce',
    spanId: '4c79e4b0e1921bfe',
    traceFlags: 1,
    traceState: undefined
  },
  traceState: undefined,
  name: 'connect',
  id: 'b6b34c6d7b849d31',
  kind: 2,
  timestamp: 1784989386034000,
  duration: 49.5,
  attributes: {
    'db.system': 'redis',
    'db.statement': 'connect',
    'db.connection_string': 'redis://localhost:6380',
    'net.peer.name': 'localhost',
    'net.peer.port': 6380
  },
  status: { code: 0 },
  events: [],
  links: []
}
{
  resource: {
    attributes: {
      'host.name': 'Arunesh',
      'host.arch': 'amd64',
      'host.id': '961ee426-227a-4c11-9579-fdfc83a68919',
      'process.pid': 29064,
      'process.executable.name': 'Administrator:  C:\\WINDOWS\\system32\\cmd.exe ',
      'process.executable.path': 'C:\\Program Files\\nodejs\\node.exe',
      'process.command_args': [
        'C:\\Program Files\\nodejs\\node.exe',
        'C:\\Users\\Administrator\\.gemini\\antigravity_old\\scratch_old\\tallyme\\apps\\backend\\dist\\src\\main.js'
      ],
      'process.runtime.version': '24.12.0',
      'process.runtime.name': 'nodejs',
      'process.runtime.description': 'Node.js',
      'process.command': 'C:\\Users\\Administrator\\.gemini\\antigravity_old\\scratch_old\\tallyme\\apps\\backend\\dist\\src\\main.js',
      'process.owner': 'Administrator',
      'service.name': 'unknown_service:node',
      'telemetry.sdk.language': 'nodejs',
      'telemetry.sdk.name': 'opentelemetry',
      'telemetry.sdk.version': '2.10.0'
    }
  },
  instrumentationScope: {
    name: '@opentelemetry/instrumentation-ioredis',
    version: '0.68.0',
    schemaUrl: undefined
  },
  traceId: '094ea94955f8057a27ef9ef69552edce',
  parentSpanContext: {
    traceId: '094ea94955f8057a27ef9ef69552edce',
    spanId: '4c79e4b0e1921bfe',
    traceFlags: 1,
    traceState: undefined
  },
  traceState: undefined,
  name: 'connect',
  id: '9ea516a77e465136',
  kind: 2,
  timestamp: 1784989386035000,
  duration: 67.7,
  attributes: {
    'db.system': 'redis',
    'db.statement': 'connect',
    'db.connection_string': 'redis://localhost:6380',
    'net.peer.name': 'localhost',
    'net.peer.port': 6380
  },
  status: { code: 0 },
  events: [],
  links: []
}
{
  resource: {
    attributes: {
      'host.name': 'Arunesh',
      'host.arch': 'amd64',
      'host.id': '961ee426-227a-4c11-9579-fdfc83a68919',
      'process.pid': 29064,
      'process.executable.name': 'Administrator:  C:\\WINDOWS\\system32\\cmd.exe ',
      'process.executable.path': 'C:\\Program Files\\nodejs\\node.exe',
      'process.command_args': [
        'C:\\Program Files\\nodejs\\node.exe',
        'C:\\Users\\Administrator\\.gemini\\antigravity_old\\scratch_old\\tallyme\\apps\\backend\\dist\\src\\main.js'
      ],
      'process.runtime.version': '24.12.0',
      'process.runtime.name': 'nodejs',
      'process.runtime.description': 'Node.js',
      'process.command': 'C:\\Users\\Administrator\\.gemini\\antigravity_old\\scratch_old\\tallyme\\apps\\backend\\dist\\src\\main.js',
      'process.owner': 'Administrator',
      'service.name': 'unknown_service:node',
      'telemetry.sdk.language': 'nodejs',
      'telemetry.sdk.name': 'opentelemetry',
      'telemetry.sdk.version': '2.10.0'
    }
  },
  instrumentationScope: {
    name: '@opentelemetry/instrumentation-ioredis',
    version: '0.68.0',
    schemaUrl: undefined
  },
  traceId: '094ea94955f8057a27ef9ef69552edce',
  parentSpanContext: {
    traceId: '094ea94955f8057a27ef9ef69552edce',
    spanId: '4c79e4b0e1921bfe',
    traceFlags: 1,
    traceState: undefined
  },
  traceState: undefined,
  name: 'connect',
  id: '44f38b48e2c62fb0',
  kind: 2,
  timestamp: 1784989386035000,
  duration: 68.2,
  attributes: {
    'db.system': 'redis',
    'db.statement': 'connect',
    'db.connection_string': 'redis://localhost:6380',
    'net.peer.name': 'localhost',
    'net.peer.port': 6380
  },
  status: { code: 0 },
  events: [],
  links: []
}
{
  resource: {
    attributes: {
      'host.name': 'Arunesh',
      'host.arch': 'amd64',
      'host.id': '961ee426-227a-4c11-9579-fdfc83a68919',
      'process.pid': 29064,
      'process.executable.name': 'Administrator:  C:\\WINDOWS\\system32\\cmd.exe ',
      'process.executable.path': 'C:\\Program Files\\nodejs\\node.exe',
      'process.command_args': [
        'C:\\Program Files\\nodejs\\node.exe',
        'C:\\Users\\Administrator\\.gemini\\antigravity_old\\scratch_old\\tallyme\\apps\\backend\\dist\\src\\main.js'
      ],
      'process.runtime.version': '24.12.0',
      'process.runtime.name': 'nodejs',
      'process.runtime.description': 'Node.js',
      'process.command': 'C:\\Users\\Administrator\\.gemini\\antigravity_old\\scratch_old\\tallyme\\apps\\backend\\dist\\src\\main.js',
      'process.owner': 'Administrator',
      'service.name': 'unknown_service:node',
      'telemetry.sdk.language': 'nodejs',
      'telemetry.sdk.name': 'opentelemetry',
      'telemetry.sdk.version': '2.10.0'
    }
  },
  instrumentationScope: {
    name: '@opentelemetry/instrumentation-ioredis',
    version: '0.68.0',
    schemaUrl: undefined
  },
  traceId: '094ea94955f8057a27ef9ef69552edce',
  parentSpanContext: {
    traceId: '094ea94955f8057a27ef9ef69552edce',
    spanId: '4c79e4b0e1921bfe',
    traceFlags: 1,
    traceState: undefined
  },
  traceState: undefined,
  name: 'connect',
  id: 'f8efd0bd01620e36',
  kind: 2,
  timestamp: 1784989386036000,
  duration: 164.4,
  attributes: {
    'db.system': 'redis',
    'db.statement': 'connect',
    'db.connection_string': 'redis://localhost:6380',
    'net.peer.name': 'localhost',
    'net.peer.port': 6380
  },
  status: { code: 0 },
  events: [],
  links: []
}
{
  resource: {
    attributes: {
      'host.name': 'Arunesh',
      'host.arch': 'amd64',
      'host.id': '961ee426-227a-4c11-9579-fdfc83a68919',
      'process.pid': 29064,
      'process.executable.name': 'Administrator:  C:\\WINDOWS\\system32\\cmd.exe ',
      'process.executable.path': 'C:\\Program Files\\nodejs\\node.exe',
      'process.command_args': [
        'C:\\Program Files\\nodejs\\node.exe',
        'C:\\Users\\Administrator\\.gemini\\antigravity_old\\scratch_old\\tallyme\\apps\\backend\\dist\\src\\main.js'
      ],
      'process.runtime.version': '24.12.0',
      'process.runtime.name': 'nodejs',
      'process.runtime.description': 'Node.js',
      'process.command': 'C:\\Users\\Administrator\\.gemini\\antigravity_old\\scratch_old\\tallyme\\apps\\backend\\dist\\src\\main.js',
      'process.owner': 'Administrator',
      'service.name': 'unknown_service:node',
      'telemetry.sdk.language': 'nodejs',
      'telemetry.sdk.name': 'opentelemetry',
      'telemetry.sdk.version': '2.10.0'
    }
  },
  instrumentationScope: {
    name: '@opentelemetry/instrumentation-ioredis',
    version: '0.68.0',
    schemaUrl: undefined
  },
  traceId: '094ea94955f8057a27ef9ef69552edce',
  parentSpanContext: {
    traceId: '094ea94955f8057a27ef9ef69552edce',
    spanId: '4c79e4b0e1921bfe',
    traceFlags: 1,
    traceState: undefined
  },
  traceState: undefined,
  name: 'connect',
  id: '326cab9728971637',
  kind: 2,
  timestamp: 1784989386037000,
  duration: 206.4,
  attributes: {
    'db.system': 'redis',
    'db.statement': 'connect',
    'db.connection_string': 'redis://localhost:6380',
    'net.peer.name': 'localhost',
    'net.peer.port': 6380
  },
  status: { code: 0 },
  events: [],
  links: []
}
{
  resource: {
    attributes: {
      'host.name': 'Arunesh',
      'host.arch': 'amd64',
      'host.id': '961ee426-227a-4c11-9579-fdfc83a68919',
      'process.pid': 29064,
      'process.executable.name': 'Administrator:  C:\\WINDOWS\\system32\\cmd.exe ',
      'process.executable.path': 'C:\\Program Files\\nodejs\\node.exe',
      'process.command_args': [
        'C:\\Program Files\\nodejs\\node.exe',
        'C:\\Users\\Administrator\\.gemini\\antigravity_old\\scratch_old\\tallyme\\apps\\backend\\dist\\src\\main.js'
      ],
      'process.runtime.version': '24.12.0',
      'process.runtime.name': 'nodejs',
      'process.runtime.description': 'Node.js',
      'process.command': 'C:\\Users\\Administrator\\.gemini\\antigravity_old\\scratch_old\\tallyme\\apps\\backend\\dist\\src\\main.js',
      'process.owner': 'Administrator',
      'service.name': 'unknown_service:node',
      'telemetry.sdk.language': 'nodejs',
      'telemetry.sdk.name': 'opentelemetry',
      'telemetry.sdk.version': '2.10.0'
    }
  },
  instrumentationScope: {
    name: '@opentelemetry/instrumentation-ioredis',
    version: '0.68.0',
    schemaUrl: undefined
  },
  traceId: '094ea94955f8057a27ef9ef69552edce',
  parentSpanContext: {
    traceId: '094ea94955f8057a27ef9ef69552edce',
    spanId: '4c79e4b0e1921bfe',
    traceFlags: 1,
    traceState: undefined
  },
  traceState: undefined,
  name: 'connect',
  id: '10760415eb6105a7',
  kind: 2,
  timestamp: 1784989386038000,
  duration: 228.5,
  attributes: {
    'db.system': 'redis',
    'db.statement': 'connect',
    'db.connection_string': 'redis://localhost:6380',
    'net.peer.name': 'localhost',
    'net.peer.port': 6380
  },
  status: { code: 0 },
  events: [],
  links: []
}
{
  resource: {
    attributes: {
      'host.name': 'Arunesh',
      'host.arch': 'amd64',
      'host.id': '961ee426-227a-4c11-9579-fdfc83a68919',
      'process.pid': 29064,
      'process.executable.name': 'Administrator:  C:\\WINDOWS\\system32\\cmd.exe ',
      'process.executable.path': 'C:\\Program Files\\nodejs\\node.exe',
      'process.command_args': [
        'C:\\Program Files\\nodejs\\node.exe',
        'C:\\Users\\Administrator\\.gemini\\antigravity_old\\scratch_old\\tallyme\\apps\\backend\\dist\\src\\main.js'
      ],
      'process.runtime.version': '24.12.0',
      'process.runtime.name': 'nodejs',
      'process.runtime.description': 'Node.js',
      'process.command': 'C:\\Users\\Administrator\\.gemini\\antigravity_old\\scratch_old\\tallyme\\apps\\backend\\dist\\src\\main.js',
      'process.owner': 'Administrator',
      'service.name': 'unknown_service:node',
      'telemetry.sdk.language': 'nodejs',
      'telemetry.sdk.name': 'opentelemetry',
      'telemetry.sdk.version': '2.10.0'
    }
  },
  instrumentationScope: {
    name: '@opentelemetry/instrumentation-ioredis',
    version: '0.68.0',
    schemaUrl: undefined
  },
  traceId: '094ea94955f8057a27ef9ef69552edce',
  parentSpanContext: {
    traceId: '094ea94955f8057a27ef9ef69552edce',
    spanId: '4c79e4b0e1921bfe',
    traceFlags: 1,
    traceState: undefined
  },
  traceState: undefined,
  name: 'connect',
  id: '56aca35b3f263b05',
  kind: 2,
  timestamp: 1784989386039000,
  duration: 281.4,
  attributes: {
    'db.system': 'redis',
    'db.statement': 'connect',
    'db.connection_string': 'redis://localhost:6380',
    'net.peer.name': 'localhost',
    'net.peer.port': 6380
  },
  status: { code: 0 },
  events: [],
  links: []
}
{
  resource: {
    attributes: {
      'host.name': 'Arunesh',
      'host.arch': 'amd64',
      'host.id': '961ee426-227a-4c11-9579-fdfc83a68919',
      'process.pid': 29064,
      'process.executable.name': 'Administrator:  C:\\WINDOWS\\system32\\cmd.exe ',
      'process.executable.path': 'C:\\Program Files\\nodejs\\node.exe',
      'process.command_args': [
        'C:\\Program Files\\nodejs\\node.exe',
        'C:\\Users\\Administrator\\.gemini\\antigravity_old\\scratch_old\\tallyme\\apps\\backend\\dist\\src\\main.js'
      ],
      'process.runtime.version': '24.12.0',
      'process.runtime.name': 'nodejs',
      'process.runtime.description': 'Node.js',
      'process.command': 'C:\\Users\\Administrator\\.gemini\\antigravity_old\\scratch_old\\tallyme\\apps\\backend\\dist\\src\\main.js',
      'process.owner': 'Administrator',
      'service.name': 'unknown_service:node',
      'telemetry.sdk.language': 'nodejs',
      'telemetry.sdk.name': 'opentelemetry',
      'telemetry.sdk.version': '2.10.0'
    }
  },
  instrumentationScope: {
    name: '@opentelemetry/instrumentation-ioredis',
    version: '0.68.0',
    schemaUrl: undefined
  },
  traceId: '094ea94955f8057a27ef9ef69552edce',
  parentSpanContext: {
    traceId: '094ea94955f8057a27ef9ef69552edce',
    spanId: '4c79e4b0e1921bfe',
    traceFlags: 1,
    traceState: undefined
  },
  traceState: undefined,
  name: 'connect',
  id: '3d4952a96fc71adb',
  kind: 2,
  timestamp: 1784989386040000,
  duration: 54.6,
  attributes: {
    'db.system': 'redis',
    'db.statement': 'connect',
    'db.connection_string': 'redis://localhost:6380',
    'net.peer.name': 'localhost',
    'net.peer.port': 6380
  },
  status: { code: 0 },
  events: [],
  links: []
}
{
  resource: {
    attributes: {
      'host.name': 'Arunesh',
      'host.arch': 'amd64',
      'host.id': '961ee426-227a-4c11-9579-fdfc83a68919',
      'process.pid': 29064,
      'process.executable.name': 'Administrator:  C:\\WINDOWS\\system32\\cmd.exe ',
      'process.executable.path': 'C:\\Program Files\\nodejs\\node.exe',
      'process.command_args': [
        'C:\\Program Files\\nodejs\\node.exe',
        'C:\\Users\\Administrator\\.gemini\\antigravity_old\\scratch_old\\tallyme\\apps\\backend\\dist\\src\\main.js'
      ],
      'process.runtime.version': '24.12.0',
      'process.runtime.name': 'nodejs',
      'process.runtime.description': 'Node.js',
      'process.command': 'C:\\Users\\Administrator\\.gemini\\antigravity_old\\scratch_old\\tallyme\\apps\\backend\\dist\\src\\main.js',
      'process.owner': 'Administrator',
      'service.name': 'unknown_service:node',
      'telemetry.sdk.language': 'nodejs',
      'telemetry.sdk.name': 'opentelemetry',
      'telemetry.sdk.version': '2.10.0'
    }
  },
  instrumentationScope: {
    name: '@opentelemetry/instrumentation-ioredis',
    version: '0.68.0',
    schemaUrl: undefined
  },
  traceId: '094ea94955f8057a27ef9ef69552edce',
  parentSpanContext: {
    traceId: '094ea94955f8057a27ef9ef69552edce',
    spanId: '4c79e4b0e1921bfe',
    traceFlags: 1,
    traceState: undefined
  },
  traceState: undefined,
  name: 'connect',
  id: '93d60582dbea2a4f',
  kind: 2,
  timestamp: 1784989386040000,
  duration: 32.7,
  attributes: {
    'db.system': 'redis',
    'db.statement': 'connect',
    'db.connection_string': 'redis://localhost:6380',
    'net.peer.name': 'localhost',
    'net.peer.port': 6380
  },
  status: { code: 0 },
  events: [],
  links: []
}
{
  resource: {
    attributes: {
      'host.name': 'Arunesh',
      'host.arch': 'amd64',
      'host.id': '961ee426-227a-4c11-9579-fdfc83a68919',
      'process.pid': 29064,
      'process.executable.name': 'Administrator:  C:\\WINDOWS\\system32\\cmd.exe ',
      'process.executable.path': 'C:\\Program Files\\nodejs\\node.exe',
      'process.command_args': [
        'C:\\Program Files\\nodejs\\node.exe',
        'C:\\Users\\Administrator\\.gemini\\antigravity_old\\scratch_old\\tallyme\\apps\\backend\\dist\\src\\main.js'
      ],
      'process.runtime.version': '24.12.0',
      'process.runtime.name': 'nodejs',
      'process.runtime.description': 'Node.js',
      'process.command': 'C:\\Users\\Administrator\\.gemini\\antigravity_old\\scratch_old\\tallyme\\apps\\backend\\dist\\src\\main.js',
      'process.owner': 'Administrator',
      'service.name': 'unknown_service:node',
      'telemetry.sdk.language': 'nodejs',
      'telemetry.sdk.name': 'opentelemetry',
      'telemetry.sdk.version': '2.10.0'
    }
  },
  instrumentationScope: {
    name: '@opentelemetry/instrumentation-nestjs-core',
    version: '0.66.0',
    schemaUrl: undefined
  },
  traceId: '094ea94955f8057a27ef9ef69552edce',
  parentSpanContext: undefined,
  traceState: undefined,
  name: 'Create Nest App',
  id: '4c79e4b0e1921bfe',
  kind: 0,
  timestamp: 1784989385834000,
  duration: 291949.9,
  attributes: {
    component: '@nestjs/core',
    'nestjs.type': 'app_creation',
    'nestjs.version': '10.4.22',
    'nestjs.module': 'AppModule'
  },
  status: { code: 0 },
  events: [],
  links: []
}
{
  resource: {
    attributes: {
      'host.name': 'Arunesh',
      'host.arch': 'amd64',
      'host.id': '961ee426-227a-4c11-9579-fdfc83a68919',
      'process.pid': 29064,
      'process.executable.name': 'Administrator:  C:\\WINDOWS\\system32\\cmd.exe ',
      'process.executable.path': 'C:\\Program Files\\nodejs\\node.exe',
      'process.command_args': [
        'C:\\Program Files\\nodejs\\node.exe',
        'C:\\Users\\Administrator\\.gemini\\antigravity_old\\scratch_old\\tallyme\\apps\\backend\\dist\\src\\main.js'
      ],
      'process.runtime.version': '24.12.0',
      'process.runtime.name': 'nodejs',
      'process.runtime.description': 'Node.js',
      'process.command': 'C:\\Users\\Administrator\\.gemini\\antigravity_old\\scratch_old\\tallyme\\apps\\backend\\dist\\src\\main.js',
      'process.owner': 'Administrator',
      'service.name': 'unknown_service:node',
      'telemetry.sdk.language': 'nodejs',
      'telemetry.sdk.name': 'opentelemetry',
      'telemetry.sdk.version': '2.10.0'
    }
  },
  instrumentationScope: {
    name: '@opentelemetry/instrumentation-dns',
    version: '0.63.0',
    schemaUrl: undefined
  },
  traceId: '094ea94955f8057a27ef9ef69552edce',
  parentSpanContext: {
    traceId: '094ea94955f8057a27ef9ef69552edce',
    spanId: '4c79e4b0e1921bfe',
    traceFlags: 1,
    traceState: undefined
  },
  traceState: undefined,
  name: 'dns.lookup',
  id: '556ef7d00c7b4d0c',
  kind: 2,
  timestamp: 1784989386276000,
  duration: 24461.2,
  attributes: { 'peer.ipv6': '::1', 'peer[1].ipv4': '127.0.0.1' },
  status: { code: 0 },
  events: [],
  links: []
}
{
  resource: {
    attributes: {
      'host.name': 'Arunesh',
      'host.arch': 'amd64',
      'host.id': '961ee426-227a-4c11-9579-fdfc83a68919',
      'process.pid': 29064,
      'process.executable.name': 'Administrator:  C:\\WINDOWS\\system32\\cmd.exe ',
      'process.executable.path': 'C:\\Program Files\\nodejs\\node.exe',
      'process.command_args': [
        'C:\\Program Files\\nodejs\\node.exe',
        'C:\\Users\\Administrator\\.gemini\\antigravity_old\\scratch_old\\tallyme\\apps\\backend\\dist\\src\\main.js'
      ],
      'process.runtime.version': '24.12.0',
      'process.runtime.name': 'nodejs',
      'process.runtime.description': 'Node.js',
      'process.command': 'C:\\Users\\Administrator\\.gemini\\antigravity_old\\scratch_old\\tallyme\\apps\\backend\\dist\\src\\main.js',
      'process.owner': 'Administrator',
      'service.name': 'unknown_service:node',
      'telemetry.sdk.language': 'nodejs',
      'telemetry.sdk.name': 'opentelemetry',
      'telemetry.sdk.version': '2.10.0'
    }
  },
  instrumentationScope: {
    name: '@opentelemetry/instrumentation-dns',
    version: '0.63.0',
    schemaUrl: undefined
  },
  traceId: '094ea94955f8057a27ef9ef69552edce',
  parentSpanContext: {
    traceId: '094ea94955f8057a27ef9ef69552edce',
    spanId: '4c79e4b0e1921bfe',
    traceFlags: 1,
    traceState: undefined
  },
  traceState: undefined,
  name: 'dns.lookup',
  id: 'f5059e6f4393d22b',
  kind: 2,
  timestamp: 1784989386280000,
  duration: 22506.6,
  attributes: { 'peer.ipv6': '::1', 'peer[1].ipv4': '127.0.0.1' },
  status: { code: 0 },
  events: [],
  links: []
}
{
  resource: {
    attributes: {
      'host.name': 'Arunesh',
      'host.arch': 'amd64',
      'host.id': '961ee426-227a-4c11-9579-fdfc83a68919',
      'process.pid': 29064,
      'process.executable.name': 'Administrator:  C:\\WINDOWS\\system32\\cmd.exe ',
      'process.executable.path': 'C:\\Program Files\\nodejs\\node.exe',
      'process.command_args': [
        'C:\\Program Files\\nodejs\\node.exe',
        'C:\\Users\\Administrator\\.gemini\\antigravity_old\\scratch_old\\tallyme\\apps\\backend\\dist\\src\\main.js'
      ],
      'process.runtime.version': '24.12.0',
      'process.runtime.name': 'nodejs',
      'process.runtime.description': 'Node.js',
      'process.command': 'C:\\Users\\Administrator\\.gemini\\antigravity_old\\scratch_old\\tallyme\\apps\\backend\\dist\\src\\main.js',
      'process.owner': 'Administrator',
      'service.name': 'unknown_service:node',
      'telemetry.sdk.language': 'nodejs',
      'telemetry.sdk.name': 'opentelemetry',
      'telemetry.sdk.version': '2.10.0'
    }
  },
  instrumentationScope: {
    name: '@opentelemetry/instrumentation-dns',
    version: '0.63.0',
    schemaUrl: undefined
  },
  traceId: '094ea94955f8057a27ef9ef69552edce',
  parentSpanContext: {
    traceId: '094ea94955f8057a27ef9ef69552edce',
    spanId: '4c79e4b0e1921bfe',
    traceFlags: 1,
    traceState: undefined
  },
  traceState: undefined,
  name: 'dns.lookup',
  id: '4a723be89ec9282e',
  kind: 2,
  timestamp: 1784989386281000,
  duration: 22596.3,
  attributes: { 'peer.ipv6': '::1', 'peer[1].ipv4': '127.0.0.1' },
  status: { code: 0 },
  events: [],
  links: []
}
{
  resource: {
    attributes: {
      'host.name': 'Arunesh',
      'host.arch': 'amd64',
      'host.id': '961ee426-227a-4c11-9579-fdfc83a68919',
      'process.pid': 29064,
      'process.executable.name': 'Administrator:  C:\\WINDOWS\\system32\\cmd.exe ',
      'process.executable.path': 'C:\\Program Files\\nodejs\\node.exe',
      'process.command_args': [
        'C:\\Program Files\\nodejs\\node.exe',
        'C:\\Users\\Administrator\\.gemini\\antigravity_old\\scratch_old\\tallyme\\apps\\backend\\dist\\src\\main.js'
      ],
      'process.runtime.version': '24.12.0',
      'process.runtime.name': 'nodejs',
      'process.runtime.description': 'Node.js',
      'process.command': 'C:\\Users\\Administrator\\.gemini\\antigravity_old\\scratch_old\\tallyme\\apps\\backend\\dist\\src\\main.js',
      'process.owner': 'Administrator',
      'service.name': 'unknown_service:node',
      'telemetry.sdk.language': 'nodejs',
      'telemetry.sdk.name': 'opentelemetry',
      'telemetry.sdk.version': '2.10.0'
    }
  },
  instrumentationScope: {
    name: '@opentelemetry/instrumentation-dns',
    version: '0.63.0',
    schemaUrl: undefined
  },
  traceId: '094ea94955f8057a27ef9ef69552edce',
  parentSpanContext: {
    traceId: '094ea94955f8057a27ef9ef69552edce',
    spanId: '4c79e4b0e1921bfe',
    traceFlags: 1,
    traceState: undefined
  },
  traceState: undefined,
  name: 'dns.lookup',
  id: '24dfd0ef53d8fd80',
  kind: 2,
  timestamp: 1784989386281000,
  duration: 23264.3,
  attributes: { 'peer.ipv6': '::1', 'peer[1].ipv4': '127.0.0.1' },
  status: { code: 0 },
  events: [],
  links: []
}
{
  resource: {
    attributes: {
      'host.name': 'Arunesh',
      'host.arch': 'amd64',
      'host.id': '961ee426-227a-4c11-9579-fdfc83a68919',
      'process.pid': 29064,
      'process.executable.name': 'Administrator:  C:\\WINDOWS\\system32\\cmd.exe ',
      'process.executable.path': 'C:\\Program Files\\nodejs\\node.exe',
      'process.command_args': [
        'C:\\Program Files\\nodejs\\node.exe',
        'C:\\Users\\Administrator\\.gemini\\antigravity_old\\scratch_old\\tallyme\\apps\\backend\\dist\\src\\main.js'
      ],
      'process.runtime.version': '24.12.0',
      'process.runtime.name': 'nodejs',
      'process.runtime.description': 'Node.js',
      'process.command': 'C:\\Users\\Administrator\\.gemini\\antigravity_old\\scratch_old\\tallyme\\apps\\backend\\dist\\src\\main.js',
      'process.owner': 'Administrator',
      'service.name': 'unknown_service:node',
      'telemetry.sdk.language': 'nodejs',
      'telemetry.sdk.name': 'opentelemetry',
      'telemetry.sdk.version': '2.10.0'
    }
  },
  instrumentationScope: {
    name: '@opentelemetry/instrumentation-dns',
    version: '0.63.0',
    schemaUrl: undefined
  },
  traceId: '094ea94955f8057a27ef9ef69552edce',
  parentSpanContext: {
    traceId: '094ea94955f8057a27ef9ef69552edce',
    spanId: '4c79e4b0e1921bfe',
    traceFlags: 1,
    traceState: undefined
  },
  traceState: undefined,
  name: 'dns.lookup',
  id: 'bed258b375b75d8f',
  kind: 2,
  timestamp: 1784989386281000,
  duration: 23126.9,
  attributes: { 'peer.ipv6': '::1', 'peer[1].ipv4': '127.0.0.1' },
  status: { code: 0 },
  events: [],
  links: []
}
{
  resource: {
    attributes: {
      'host.name': 'Arunesh',
      'host.arch': 'amd64',
      'host.id': '961ee426-227a-4c11-9579-fdfc83a68919',
      'process.pid': 29064,
      'process.executable.name': 'Administrator:  C:\\WINDOWS\\system32\\cmd.exe ',
      'process.executable.path': 'C:\\Program Files\\nodejs\\node.exe',
      'process.command_args': [
        'C:\\Program Files\\nodejs\\node.exe',
        'C:\\Users\\Administrator\\.gemini\\antigravity_old\\scratch_old\\tallyme\\apps\\backend\\dist\\src\\main.js'
      ],
      'process.runtime.version': '24.12.0',
      'process.runtime.name': 'nodejs',
      'process.runtime.description': 'Node.js',
      'process.command': 'C:\\Users\\Administrator\\.gemini\\antigravity_old\\scratch_old\\tallyme\\apps\\backend\\dist\\src\\main.js',
      'process.owner': 'Administrator',
      'service.name': 'unknown_service:node',
      'telemetry.sdk.language': 'nodejs',
      'telemetry.sdk.name': 'opentelemetry',
      'telemetry.sdk.version': '2.10.0'
    }
  },
  instrumentationScope: {
    name: '@opentelemetry/instrumentation-dns',
    version: '0.63.0',
    schemaUrl: undefined
  },
  traceId: '094ea94955f8057a27ef9ef69552edce',
  parentSpanContext: {
    traceId: '094ea94955f8057a27ef9ef69552edce',
    spanId: '4c79e4b0e1921bfe',
    traceFlags: 1,
    traceState: undefined
  },
  traceState: undefined,
  name: 'dns.lookup',
  id: '5ba5b90866a852e9',
  kind: 2,
  timestamp: 1784989386282000,
  duration: 22766,
  attributes: { 'peer.ipv6': '::1', 'peer[1].ipv4': '127.0.0.1' },
  status: { code: 0 },
  events: [],
  links: []
}
{
  resource: {
    attributes: {
      'host.name': 'Arunesh',
      'host.arch': 'amd64',
      'host.id': '961ee426-227a-4c11-9579-fdfc83a68919',
      'process.pid': 29064,
      'process.executable.name': 'Administrator:  C:\\WINDOWS\\system32\\cmd.exe ',
      'process.executable.path': 'C:\\Program Files\\nodejs\\node.exe',
      'process.command_args': [
        'C:\\Program Files\\nodejs\\node.exe',
        'C:\\Users\\Administrator\\.gemini\\antigravity_old\\scratch_old\\tallyme\\apps\\backend\\dist\\src\\main.js'
      ],
      'process.runtime.version': '24.12.0',
      'process.runtime.name': 'nodejs',
      'process.runtime.description': 'Node.js',
      'process.command': 'C:\\Users\\Administrator\\.gemini\\antigravity_old\\scratch_old\\tallyme\\apps\\backend\\dist\\src\\main.js',
      'process.owner': 'Administrator',
      'service.name': 'unknown_service:node',
      'telemetry.sdk.language': 'nodejs',
      'telemetry.sdk.name': 'opentelemetry',
      'telemetry.sdk.version': '2.10.0'
    }
  },
  instrumentationScope: {
    name: '@opentelemetry/instrumentation-dns',
    version: '0.63.0',
    schemaUrl: undefined
  },
  traceId: '094ea94955f8057a27ef9ef69552edce',
  parentSpanContext: {
    traceId: '094ea94955f8057a27ef9ef69552edce',
    spanId: '4c79e4b0e1921bfe',
    traceFlags: 1,
    traceState: undefined
  },
  traceState: undefined,
  name: 'dns.lookup',
  id: '1e088d6fe1a78ef0',
  kind: 2,
  timestamp: 1784989386282000,
  duration: 23176.3,
  attributes: { 'peer.ipv6': '::1', 'peer[1].ipv4': '127.0.0.1' },
  status: { code: 0 },
  events: [],
  links: []
}
{
  resource: {
    attributes: {
      'host.name': 'Arunesh',
      'host.arch': 'amd64',
      'host.id': '961ee426-227a-4c11-9579-fdfc83a68919',
      'process.pid': 29064,
      'process.executable.name': 'Administrator:  C:\\WINDOWS\\system32\\cmd.exe ',
      'process.executable.path': 'C:\\Program Files\\nodejs\\node.exe',
      'process.command_args': [
        'C:\\Program Files\\nodejs\\node.exe',
        'C:\\Users\\Administrator\\.gemini\\antigravity_old\\scratch_old\\tallyme\\apps\\backend\\dist\\src\\main.js'
      ],
      'process.runtime.version': '24.12.0',
      'process.runtime.name': 'nodejs',
      'process.runtime.description': 'Node.js',
      'process.command': 'C:\\Users\\Administrator\\.gemini\\antigravity_old\\scratch_old\\tallyme\\apps\\backend\\dist\\src\\main.js',
      'process.owner': 'Administrator',
      'service.name': 'unknown_service:node',
      'telemetry.sdk.language': 'nodejs',
      'telemetry.sdk.name': 'opentelemetry',
      'telemetry.sdk.version': '2.10.0'
    }
  },
  instrumentationScope: {
    name: '@opentelemetry/instrumentation-dns',
    version: '0.63.0',
    schemaUrl: undefined
  },
  traceId: '094ea94955f8057a27ef9ef69552edce',
  parentSpanContext: {
    traceId: '094ea94955f8057a27ef9ef69552edce',
    spanId: '4c79e4b0e1921bfe',
    traceFlags: 1,
    traceState: undefined
  },
  traceState: undefined,
  name: 'dns.lookup',
  id: '27106be07d366999',
  kind: 2,
  timestamp: 1784989386282000,
  duration: 23719.7,
  attributes: { 'peer.ipv6': '::1', 'peer[1].ipv4': '127.0.0.1' },
  status: { code: 0 },
  events: [],
  links: []
}
{
  resource: {
    attributes: {
      'host.name': 'Arunesh',
      'host.arch': 'amd64',
      'host.id': '961ee426-227a-4c11-9579-fdfc83a68919',
      'process.pid': 29064,
      'process.executable.name': 'Administrator:  C:\\WINDOWS\\system32\\cmd.exe ',
      'process.executable.path': 'C:\\Program Files\\nodejs\\node.exe',
      'process.command_args': [
        'C:\\Program Files\\nodejs\\node.exe',
        'C:\\Users\\Administrator\\.gemini\\antigravity_old\\scratch_old\\tallyme\\apps\\backend\\dist\\src\\main.js'
      ],
      'process.runtime.version': '24.12.0',
      'process.runtime.name': 'nodejs',
      'process.runtime.description': 'Node.js',
      'process.command': 'C:\\Users\\Administrator\\.gemini\\antigravity_old\\scratch_old\\tallyme\\apps\\backend\\dist\\src\\main.js',
      'process.owner': 'Administrator',
      'service.name': 'unknown_service:node',
      'telemetry.sdk.language': 'nodejs',
      'telemetry.sdk.name': 'opentelemetry',
      'telemetry.sdk.version': '2.10.0'
    }
  },
  instrumentationScope: {
    name: '@opentelemetry/instrumentation-dns',
    version: '0.63.0',
    schemaUrl: undefined
  },
  traceId: '094ea94955f8057a27ef9ef69552edce',
  parentSpanContext: {
    traceId: '094ea94955f8057a27ef9ef69552edce',
    spanId: '4c79e4b0e1921bfe',
    traceFlags: 1,
    traceState: undefined
  },
  traceState: undefined,
  name: 'dns.lookup',
  id: '38187b51f7bd09b6',
  kind: 2,
  timestamp: 1784989386283000,
  duration: 24551.1,
  attributes: { 'peer.ipv6': '::1', 'peer[1].ipv4': '127.0.0.1' },
  status: { code: 0 },
  events: [],
  links: []
}
{
  resource: {
    attributes: {
      'host.name': 'Arunesh',
      'host.arch': 'amd64',
      'host.id': '961ee426-227a-4c11-9579-fdfc83a68919',
      'process.pid': 29064,
      'process.executable.name': 'Administrator:  C:\\WINDOWS\\system32\\cmd.exe ',
      'process.executable.path': 'C:\\Program Files\\nodejs\\node.exe',
      'process.command_args': [
        'C:\\Program Files\\nodejs\\node.exe',
        'C:\\Users\\Administrator\\.gemini\\antigravity_old\\scratch_old\\tallyme\\apps\\backend\\dist\\src\\main.js'
      ],
      'process.runtime.version': '24.12.0',
      'process.runtime.name': 'nodejs',
      'process.runtime.description': 'Node.js',
      'process.command': 'C:\\Users\\Administrator\\.gemini\\antigravity_old\\scratch_old\\tallyme\\apps\\backend\\dist\\src\\main.js',
      'process.owner': 'Administrator',
      'service.name': 'unknown_service:node',
      'telemetry.sdk.language': 'nodejs',
      'telemetry.sdk.name': 'opentelemetry',
      'telemetry.sdk.version': '2.10.0'
    }
  },
  instrumentationScope: {
    name: '@opentelemetry/instrumentation-dns',
    version: '0.63.0',
    schemaUrl: undefined
  },
  traceId: '094ea94955f8057a27ef9ef69552edce',
  parentSpanContext: {
    traceId: '094ea94955f8057a27ef9ef69552edce',
    spanId: '4c79e4b0e1921bfe',
    traceFlags: 1,
    traceState: undefined
  },
  traceState: undefined,
  name: 'dns.lookup',
  id: '8464bbd687e5d5dd',
  kind: 2,
  timestamp: 1784989386283000,
  duration: 25565.6,
  attributes: { 'peer.ipv6': '::1', 'peer[1].ipv4': '127.0.0.1' },
  status: { code: 0 },
  events: [],
  links: []
}
{
  resource: {
    attributes: {
      'host.name': 'Arunesh',
      'host.arch': 'amd64',
      'host.id': '961ee426-227a-4c11-9579-fdfc83a68919',
      'process.pid': 29064,
      'process.executable.name': 'Administrator:  C:\\WINDOWS\\system32\\cmd.exe ',
      'process.executable.path': 'C:\\Program Files\\nodejs\\node.exe',
      'process.command_args': [
        'C:\\Program Files\\nodejs\\node.exe',
        'C:\\Users\\Administrator\\.gemini\\antigravity_old\\scratch_old\\tallyme\\apps\\backend\\dist\\src\\main.js'
      ],
      'process.runtime.version': '24.12.0',
      'process.runtime.name': 'nodejs',
      'process.runtime.description': 'Node.js',
      'process.command': 'C:\\Users\\Administrator\\.gemini\\antigravity_old\\scratch_old\\tallyme\\apps\\backend\\dist\\src\\main.js',
      'process.owner': 'Administrator',
      'service.name': 'unknown_service:node',
      'telemetry.sdk.language': 'nodejs',
      'telemetry.sdk.name': 'opentelemetry',
      'telemetry.sdk.version': '2.10.0'
    }
  },
  instrumentationScope: {
    name: '@opentelemetry/instrumentation-dns',
    version: '0.63.0',
    schemaUrl: undefined
  },
  traceId: '094ea94955f8057a27ef9ef69552edce',
  parentSpanContext: {
    traceId: '094ea94955f8057a27ef9ef69552edce',
    spanId: '4c79e4b0e1921bfe',
    traceFlags: 1,
    traceState: undefined
  },
  traceState: undefined,
  name: 'dns.lookup',
  id: '65b958c7a154141c',
  kind: 2,
  timestamp: 1784989386283000,
  duration: 26404.7,
  attributes: { 'peer.ipv6': '::1', 'peer[1].ipv4': '127.0.0.1' },
  status: { code: 0 },
  events: [],
  links: []
}
{
  resource: {
    attributes: {
      'host.name': 'Arunesh',
      'host.arch': 'amd64',
      'host.id': '961ee426-227a-4c11-9579-fdfc83a68919',
      'process.pid': 29064,
      'process.executable.name': 'Administrator:  C:\\WINDOWS\\system32\\cmd.exe ',
      'process.executable.path': 'C:\\Program Files\\nodejs\\node.exe',
      'process.command_args': [
        'C:\\Program Files\\nodejs\\node.exe',
        'C:\\Users\\Administrator\\.gemini\\antigravity_old\\scratch_old\\tallyme\\apps\\backend\\dist\\src\\main.js'
      ],
      'process.runtime.version': '24.12.0',
      'process.runtime.name': 'nodejs',
      'process.runtime.description': 'Node.js',
      'process.command': 'C:\\Users\\Administrator\\.gemini\\antigravity_old\\scratch_old\\tallyme\\apps\\backend\\dist\\src\\main.js',
      'process.owner': 'Administrator',
      'service.name': 'unknown_service:node',
      'telemetry.sdk.language': 'nodejs',
      'telemetry.sdk.name': 'opentelemetry',
      'telemetry.sdk.version': '2.10.0'
    }
  },
  instrumentationScope: {
    name: '@opentelemetry/instrumentation-dns',
    version: '0.63.0',
    schemaUrl: undefined
  },
  traceId: '094ea94955f8057a27ef9ef69552edce',
  parentSpanContext: {
    traceId: '094ea94955f8057a27ef9ef69552edce',
    spanId: '4c79e4b0e1921bfe',
    traceFlags: 1,
    traceState: undefined
  },
  traceState: undefined,
  name: 'dns.lookup',
  id: '6e2fc7d05e57448c',
  kind: 2,
  timestamp: 1784989386284000,
  duration: 26885.6,
  attributes: { 'peer.ipv6': '::1', 'peer[1].ipv4': '127.0.0.1' },
  status: { code: 0 },
  events: [],
  links: []
}
{
  resource: {
    attributes: {
      'host.name': 'Arunesh',
      'host.arch': 'amd64',
      'host.id': '961ee426-227a-4c11-9579-fdfc83a68919',
      'process.pid': 29064,
      'process.executable.name': 'Administrator:  C:\\WINDOWS\\system32\\cmd.exe ',
      'process.executable.path': 'C:\\Program Files\\nodejs\\node.exe',
      'process.command_args': [
        'C:\\Program Files\\nodejs\\node.exe',
        'C:\\Users\\Administrator\\.gemini\\antigravity_old\\scratch_old\\tallyme\\apps\\backend\\dist\\src\\main.js'
      ],
      'process.runtime.version': '24.12.0',
      'process.runtime.name': 'nodejs',
      'process.runtime.description': 'Node.js',
      'process.command': 'C:\\Users\\Administrator\\.gemini\\antigravity_old\\scratch_old\\tallyme\\apps\\backend\\dist\\src\\main.js',
      'process.owner': 'Administrator',
      'service.name': 'unknown_service:node',
      'telemetry.sdk.language': 'nodejs',
      'telemetry.sdk.name': 'opentelemetry',
      'telemetry.sdk.version': '2.10.0'
    }
  },
  instrumentationScope: {
    name: '@opentelemetry/instrumentation-dns',
    version: '0.63.0',
    schemaUrl: undefined
  },
  traceId: '34ee20c4bc592cd95e79a5ad2bfdc793',
  parentSpanContext: undefined,
  traceState: undefined,
  name: 'dns.lookup',
  id: 'b2d77dc5e4621e32',
  kind: 2,
  timestamp: 1784989386284000,
  duration: 27611.5,
  attributes: { 'peer.ipv6': '::1', 'peer[1].ipv4': '127.0.0.1' },
  status: { code: 0 },
  events: [],
  links: []
}
{
  resource: {
    attributes: {
      'host.name': 'Arunesh',
      'host.arch': 'amd64',
      'host.id': '961ee426-227a-4c11-9579-fdfc83a68919',
      'process.pid': 29064,
      'process.executable.name': 'Administrator:  C:\\WINDOWS\\system32\\cmd.exe ',
      'process.executable.path': 'C:\\Program Files\\nodejs\\node.exe',
      'process.command_args': [
        'C:\\Program Files\\nodejs\\node.exe',
        'C:\\Users\\Administrator\\.gemini\\antigravity_old\\scratch_old\\tallyme\\apps\\backend\\dist\\src\\main.js'
      ],
      'process.runtime.version': '24.12.0',
      'process.runtime.name': 'nodejs',
      'process.runtime.description': 'Node.js',
      'process.command': 'C:\\Users\\Administrator\\.gemini\\antigravity_old\\scratch_old\\tallyme\\apps\\backend\\dist\\src\\main.js',
      'process.owner': 'Administrator',
      'service.name': 'unknown_service:node',
      'telemetry.sdk.language': 'nodejs',
      'telemetry.sdk.name': 'opentelemetry',
      'telemetry.sdk.version': '2.10.0'
    }
  },
  instrumentationScope: {
    name: '@opentelemetry/instrumentation-dns',
    version: '0.63.0',
    schemaUrl: undefined
  },
  traceId: 'aea5304b406a6b59ccdd584472cde3fc',
  parentSpanContext: undefined,
  traceState: undefined,
  name: 'dns.lookup',
  id: 'c94db8ac42687986',
  kind: 2,
  timestamp: 1784989386284000,
  duration: 28110.8,
  attributes: { 'peer.ipv6': '::1', 'peer[1].ipv4': '127.0.0.1' },
  status: { code: 0 },
  events: [],
  links: []
}
{
  resource: {
    attributes: {
      'host.name': 'Arunesh',
      'host.arch': 'amd64',
      'host.id': '961ee426-227a-4c11-9579-fdfc83a68919',
      'process.pid': 29064,
      'process.executable.name': 'Administrator:  C:\\WINDOWS\\system32\\cmd.exe ',
      'process.executable.path': 'C:\\Program Files\\nodejs\\node.exe',
      'process.command_args': [
        'C:\\Program Files\\nodejs\\node.exe',
        'C:\\Users\\Administrator\\.gemini\\antigravity_old\\scratch_old\\tallyme\\apps\\backend\\dist\\src\\main.js'
      ],
      'process.runtime.version': '24.12.0',
      'process.runtime.name': 'nodejs',
      'process.runtime.description': 'Node.js',
      'process.command': 'C:\\Users\\Administrator\\.gemini\\antigravity_old\\scratch_old\\tallyme\\apps\\backend\\dist\\src\\main.js',
      'process.owner': 'Administrator',
      'service.name': 'unknown_service:node',
      'telemetry.sdk.language': 'nodejs',
      'telemetry.sdk.name': 'opentelemetry',
      'telemetry.sdk.version': '2.10.0'
    }
  },
  instrumentationScope: {
    name: '@opentelemetry/instrumentation-net',
    version: '0.64.0',
    schemaUrl: undefined
  },
  traceId: '094ea94955f8057a27ef9ef69552edce',
  parentSpanContext: {
    traceId: '094ea94955f8057a27ef9ef69552edce',
    spanId: '4c79e4b0e1921bfe',
    traceFlags: 1,
    traceState: undefined
  },
  traceState: undefined,
  name: 'tcp.connect',
  id: '62419854df0e70cd',
  kind: 0,
  timestamp: 1784989386270000,
  duration: 52140.9,
  attributes: {
    'net.transport': 'ip_tcp',
    'net.peer.name': 'localhost',
    'net.peer.port': 6380,
    'net.peer.ip': '::1',
    'net.host.ip': '::1',
    'net.host.port': 60120
  },
  status: { code: 0 },
  events: [],
  links: []
}
{
  resource: {
    attributes: {
      'host.name': 'Arunesh',
      'host.arch': 'amd64',
      'host.id': '961ee426-227a-4c11-9579-fdfc83a68919',
      'process.pid': 29064,
      'process.executable.name': 'Administrator:  C:\\WINDOWS\\system32\\cmd.exe ',
      'process.executable.path': 'C:\\Program Files\\nodejs\\node.exe',
      'process.command_args': [
        'C:\\Program Files\\nodejs\\node.exe',
        'C:\\Users\\Administrator\\.gemini\\antigravity_old\\scratch_old\\tallyme\\apps\\backend\\dist\\src\\main.js'
      ],
      'process.runtime.version': '24.12.0',
      'process.runtime.name': 'nodejs',
      'process.runtime.description': 'Node.js',
      'process.command': 'C:\\Users\\Administrator\\.gemini\\antigravity_old\\scratch_old\\tallyme\\apps\\backend\\dist\\src\\main.js',
      'process.owner': 'Administrator',
      'service.name': 'unknown_service:node',
      'telemetry.sdk.language': 'nodejs',
      'telemetry.sdk.name': 'opentelemetry',
      'telemetry.sdk.version': '2.10.0'
    }
  },
  instrumentationScope: {
    name: '@opentelemetry/instrumentation-net',
    version: '0.64.0',
    schemaUrl: undefined
  },
  traceId: '094ea94955f8057a27ef9ef69552edce',
  parentSpanContext: {
    traceId: '094ea94955f8057a27ef9ef69552edce',
    spanId: '4c79e4b0e1921bfe',
    traceFlags: 1,
    traceState: undefined
  },
  traceState: undefined,
  name: 'tcp.connect',
  id: '61fd6471a324e79d',
  kind: 0,
  timestamp: 1784989386280000,
  duration: 47895.7,
  attributes: {
    'net.transport': 'ip_tcp',
    'net.peer.name': 'localhost',
    'net.peer.port': 6380,
    'net.peer.ip': '::1',
    'net.host.ip': '::1',
    'net.host.port': 60121
  },
  status: { code: 0 },
  events: [],
  links: []
}
{
  resource: {
    attributes: {
      'host.name': 'Arunesh',
      'host.arch': 'amd64',
      'host.id': '961ee426-227a-4c11-9579-fdfc83a68919',
      'process.pid': 29064,
      'process.executable.name': 'Administrator:  C:\\WINDOWS\\system32\\cmd.exe ',
      'process.executable.path': 'C:\\Program Files\\nodejs\\node.exe',
      'process.command_args': [
        'C:\\Program Files\\nodejs\\node.exe',
        'C:\\Users\\Administrator\\.gemini\\antigravity_old\\scratch_old\\tallyme\\apps\\backend\\dist\\src\\main.js'
      ],
      'process.runtime.version': '24.12.0',
      'process.runtime.name': 'nodejs',
      'process.runtime.description': 'Node.js',
      'process.command': 'C:\\Users\\Administrator\\.gemini\\antigravity_old\\scratch_old\\tallyme\\apps\\backend\\dist\\src\\main.js',
      'process.owner': 'Administrator',
      'service.name': 'unknown_service:node',
      'telemetry.sdk.language': 'nodejs',
      'telemetry.sdk.name': 'opentelemetry',
      'telemetry.sdk.version': '2.10.0'
    }
  },
  instrumentationScope: {
    name: '@opentelemetry/instrumentation-net',
    version: '0.64.0',
    schemaUrl: undefined
  },
  traceId: '094ea94955f8057a27ef9ef69552edce',
  parentSpanContext: {
    traceId: '094ea94955f8057a27ef9ef69552edce',
    spanId: '4c79e4b0e1921bfe',
    traceFlags: 1,
    traceState: undefined
  },
  traceState: undefined,
  name: 'tcp.connect',
  id: '7d89fc15c3beefdb',
  kind: 0,
  timestamp: 1784989386281000,
  duration: 48665.7,
  attributes: {
    'net.transport': 'ip_tcp',
    'net.peer.name': 'localhost',
    'net.peer.port': 6380,
    'net.peer.ip': '::1',
    'net.host.ip': '::1',
    'net.host.port': 60122
  },
  status: { code: 0 },
  events: [],
  links: []
}
{
  resource: {
    attributes: {
      'host.name': 'Arunesh',
      'host.arch': 'amd64',
      'host.id': '961ee426-227a-4c11-9579-fdfc83a68919',
      'process.pid': 29064,
      'process.executable.name': 'Administrator:  C:\\WINDOWS\\system32\\cmd.exe ',
      'process.executable.path': 'C:\\Program Files\\nodejs\\node.exe',
      'process.command_args': [
        'C:\\Program Files\\nodejs\\node.exe',
        'C:\\Users\\Administrator\\.gemini\\antigravity_old\\scratch_old\\tallyme\\apps\\backend\\dist\\src\\main.js'
      ],
      'process.runtime.version': '24.12.0',
      'process.runtime.name': 'nodejs',
      'process.runtime.description': 'Node.js',
      'process.command': 'C:\\Users\\Administrator\\.gemini\\antigravity_old\\scratch_old\\tallyme\\apps\\backend\\dist\\src\\main.js',
      'process.owner': 'Administrator',
      'service.name': 'unknown_service:node',
      'telemetry.sdk.language': 'nodejs',
      'telemetry.sdk.name': 'opentelemetry',
      'telemetry.sdk.version': '2.10.0'
    }
  },
  instrumentationScope: {
    name: '@opentelemetry/instrumentation-net',
    version: '0.64.0',
    schemaUrl: undefined
  },
  traceId: '094ea94955f8057a27ef9ef69552edce',
  parentSpanContext: {
    traceId: '094ea94955f8057a27ef9ef69552edce',
    spanId: '4c79e4b0e1921bfe',
    traceFlags: 1,
    traceState: undefined
  },
  traceState: undefined,
  name: 'tcp.connect',
  id: 'e45b16a5b761a021',
  kind: 0,
  timestamp: 1784989386280000,
  duration: 49610,
  attributes: {
    'net.transport': 'ip_tcp',
    'net.peer.name': 'localhost',
    'net.peer.port': 6380,
    'net.peer.ip': '::1',
    'net.host.ip': '::1',
    'net.host.port': 60123
  },
  status: { code: 0 },
  events: [],
  links: []
}
{
  resource: {
    attributes: {
      'host.name': 'Arunesh',
      'host.arch': 'amd64',
      'host.id': '961ee426-227a-4c11-9579-fdfc83a68919',
      'process.pid': 29064,
      'process.executable.name': 'Administrator:  C:\\WINDOWS\\system32\\cmd.exe ',
      'process.executable.path': 'C:\\Program Files\\nodejs\\node.exe',
      'process.command_args': [
        'C:\\Program Files\\nodejs\\node.exe',
        'C:\\Users\\Administrator\\.gemini\\antigravity_old\\scratch_old\\tallyme\\apps\\backend\\dist\\src\\main.js'
      ],
      'process.runtime.version': '24.12.0',
      'process.runtime.name': 'nodejs',
      'process.runtime.description': 'Node.js',
      'process.command': 'C:\\Users\\Administrator\\.gemini\\antigravity_old\\scratch_old\\tallyme\\apps\\backend\\dist\\src\\main.js',
      'process.owner': 'Administrator',
      'service.name': 'unknown_service:node',
      'telemetry.sdk.language': 'nodejs',
      'telemetry.sdk.name': 'opentelemetry',
      'telemetry.sdk.version': '2.10.0'
    }
  },
  instrumentationScope: {
    name: '@opentelemetry/instrumentation-net',
    version: '0.64.0',
    schemaUrl: undefined
  },
  traceId: '094ea94955f8057a27ef9ef69552edce',
  parentSpanContext: {
    traceId: '094ea94955f8057a27ef9ef69552edce',
    spanId: '4c79e4b0e1921bfe',
    traceFlags: 1,
    traceState: undefined
  },
  traceState: undefined,
  name: 'tcp.connect',
  id: 'ebb8fc7e0cbff8f3',
  kind: 0,
  timestamp: 1784989386281000,
  duration: 49750.8,
  attributes: {
    'net.transport': 'ip_tcp',
    'net.peer.name': 'localhost',
    'net.peer.port': 6380,
    'net.peer.ip': '::1',
    'net.host.ip': '::1',
    'net.host.port': 60124
  },
  status: { code: 0 },
  events: [],
  links: []
}
{
  resource: {
    attributes: {
      'host.name': 'Arunesh',
      'host.arch': 'amd64',
      'host.id': '961ee426-227a-4c11-9579-fdfc83a68919',
      'process.pid': 29064,
      'process.executable.name': 'Administrator:  C:\\WINDOWS\\system32\\cmd.exe ',
      'process.executable.path': 'C:\\Program Files\\nodejs\\node.exe',
      'process.command_args': [
        'C:\\Program Files\\nodejs\\node.exe',
        'C:\\Users\\Administrator\\.gemini\\antigravity_old\\scratch_old\\tallyme\\apps\\backend\\dist\\src\\main.js'
      ],
      'process.runtime.version': '24.12.0',
      'process.runtime.name': 'nodejs',
      'process.runtime.description': 'Node.js',
      'process.command': 'C:\\Users\\Administrator\\.gemini\\antigravity_old\\scratch_old\\tallyme\\apps\\backend\\dist\\src\\main.js',
      'process.owner': 'Administrator',
      'service.name': 'unknown_service:node',
      'telemetry.sdk.language': 'nodejs',
      'telemetry.sdk.name': 'opentelemetry',
      'telemetry.sdk.version': '2.10.0'
    }
  },
  instrumentationScope: {
    name: '@opentelemetry/instrumentation-net',
    version: '0.64.0',
    schemaUrl: undefined
  },
  traceId: '094ea94955f8057a27ef9ef69552edce',
  parentSpanContext: {
    traceId: '094ea94955f8057a27ef9ef69552edce',
    spanId: '4c79e4b0e1921bfe',
    traceFlags: 1,
    traceState: undefined
  },
  traceState: undefined,
  name: 'tcp.connect',
  id: '961964ba49e1f554',
  kind: 0,
  timestamp: 1784989386281000,
  duration: 49841.8,
  attributes: {
    'net.transport': 'ip_tcp',
    'net.peer.name': 'localhost',
    'net.peer.port': 6380,
    'net.peer.ip': '::1',
    'net.host.ip': '::1',
    'net.host.port': 60125
  },
  status: { code: 0 },
  events: [],
  links: []
}
{
  resource: {
    attributes: {
      'host.name': 'Arunesh',
      'host.arch': 'amd64',
      'host.id': '961ee426-227a-4c11-9579-fdfc83a68919',
      'process.pid': 29064,
      'process.executable.name': 'Administrator:  C:\\WINDOWS\\system32\\cmd.exe ',
      'process.executable.path': 'C:\\Program Files\\nodejs\\node.exe',
      'process.command_args': [
        'C:\\Program Files\\nodejs\\node.exe',
        'C:\\Users\\Administrator\\.gemini\\antigravity_old\\scratch_old\\tallyme\\apps\\backend\\dist\\src\\main.js'
      ],
      'process.runtime.version': '24.12.0',
      'process.runtime.name': 'nodejs',
      'process.runtime.description': 'Node.js',
      'process.command': 'C:\\Users\\Administrator\\.gemini\\antigravity_old\\scratch_old\\tallyme\\apps\\backend\\dist\\src\\main.js',
      'process.owner': 'Administrator',
      'service.name': 'unknown_service:node',
      'telemetry.sdk.language': 'nodejs',
      'telemetry.sdk.name': 'opentelemetry',
      'telemetry.sdk.version': '2.10.0'
    }
  },
  instrumentationScope: {
    name: '@opentelemetry/instrumentation-net',
    version: '0.64.0',
    schemaUrl: undefined
  },
  traceId: '094ea94955f8057a27ef9ef69552edce',
  parentSpanContext: {
    traceId: '094ea94955f8057a27ef9ef69552edce',
    spanId: '4c79e4b0e1921bfe',
    traceFlags: 1,
    traceState: undefined
  },
  traceState: undefined,
  name: 'tcp.connect',
  id: '2e3e702687a7f99e',
  kind: 0,
  timestamp: 1784989386282000,
  duration: 50096,
  attributes: {
    'net.transport': 'ip_tcp',
    'net.peer.name': 'localhost',
    'net.peer.port': 6380,
    'net.peer.ip': '::1',
    'net.host.ip': '::1',
    'net.host.port': 60126
  },
  status: { code: 0 },
  events: [],
  links: []
}
{
  resource: {
    attributes: {
      'host.name': 'Arunesh',
      'host.arch': 'amd64',
      'host.id': '961ee426-227a-4c11-9579-fdfc83a68919',
      'process.pid': 29064,
      'process.executable.name': 'Administrator:  C:\\WINDOWS\\system32\\cmd.exe ',
      'process.executable.path': 'C:\\Program Files\\nodejs\\node.exe',
      'process.command_args': [
        'C:\\Program Files\\nodejs\\node.exe',
        'C:\\Users\\Administrator\\.gemini\\antigravity_old\\scratch_old\\tallyme\\apps\\backend\\dist\\src\\main.js'
      ],
      'process.runtime.version': '24.12.0',
      'process.runtime.name': 'nodejs',
      'process.runtime.description': 'Node.js',
      'process.command': 'C:\\Users\\Administrator\\.gemini\\antigravity_old\\scratch_old\\tallyme\\apps\\backend\\dist\\src\\main.js',
      'process.owner': 'Administrator',
      'service.name': 'unknown_service:node',
      'telemetry.sdk.language': 'nodejs',
      'telemetry.sdk.name': 'opentelemetry',
      'telemetry.sdk.version': '2.10.0'
    }
  },
  instrumentationScope: {
    name: '@opentelemetry/instrumentation-net',
    version: '0.64.0',
    schemaUrl: undefined
  },
  traceId: '094ea94955f8057a27ef9ef69552edce',
  parentSpanContext: {
    traceId: '094ea94955f8057a27ef9ef69552edce',
    spanId: '4c79e4b0e1921bfe',
    traceFlags: 1,
    traceState: undefined
  },
  traceState: undefined,
  name: 'tcp.connect',
  id: '41e9377c96b19c6d',
  kind: 0,
  timestamp: 1784989386282000,
  duration: 50365.6,
  attributes: {
    'net.transport': 'ip_tcp',
    'net.peer.name': 'localhost',
    'net.peer.port': 6380,
    'net.peer.ip': '::1',
    'net.host.ip': '::1',
    'net.host.port': 60127
  },
  status: { code: 0 },
  events: [],
  links: []
}
{
  resource: {
    attributes: {
      'host.name': 'Arunesh',
      'host.arch': 'amd64',
      'host.id': '961ee426-227a-4c11-9579-fdfc83a68919',
      'process.pid': 29064,
      'process.executable.name': 'Administrator:  C:\\WINDOWS\\system32\\cmd.exe ',
      'process.executable.path': 'C:\\Program Files\\nodejs\\node.exe',
      'process.command_args': [
        'C:\\Program Files\\nodejs\\node.exe',
        'C:\\Users\\Administrator\\.gemini\\antigravity_old\\scratch_old\\tallyme\\apps\\backend\\dist\\src\\main.js'
      ],
      'process.runtime.version': '24.12.0',
      'process.runtime.name': 'nodejs',
      'process.runtime.description': 'Node.js',
      'process.command': 'C:\\Users\\Administrator\\.gemini\\antigravity_old\\scratch_old\\tallyme\\apps\\backend\\dist\\src\\main.js',
      'process.owner': 'Administrator',
      'service.name': 'unknown_service:node',
      'telemetry.sdk.language': 'nodejs',
      'telemetry.sdk.name': 'opentelemetry',
      'telemetry.sdk.version': '2.10.0'
    }
  },
  instrumentationScope: {
    name: '@opentelemetry/instrumentation-net',
    version: '0.64.0',
    schemaUrl: undefined
  },
  traceId: '094ea94955f8057a27ef9ef69552edce',
  parentSpanContext: {
    traceId: '094ea94955f8057a27ef9ef69552edce',
    spanId: '4c79e4b0e1921bfe',
    traceFlags: 1,
    traceState: undefined
  },
  traceState: undefined,
  name: 'tcp.connect',
  id: '1f67928a14ef1c46',
  kind: 0,
  timestamp: 1784989386282000,
  duration: 50589.6,
  attributes: {
    'net.transport': 'ip_tcp',
    'net.peer.name': 'localhost',
    'net.peer.port': 6380,
    'net.peer.ip': '::1',
    'net.host.ip': '::1',
    'net.host.port': 60128
  },
  status: { code: 0 },
  events: [],
  links: []
}
{
  resource: {
    attributes: {
      'host.name': 'Arunesh',
      'host.arch': 'amd64',
      'host.id': '961ee426-227a-4c11-9579-fdfc83a68919',
      'process.pid': 29064,
      'process.executable.name': 'Administrator:  C:\\WINDOWS\\system32\\cmd.exe ',
      'process.executable.path': 'C:\\Program Files\\nodejs\\node.exe',
      'process.command_args': [
        'C:\\Program Files\\nodejs\\node.exe',
        'C:\\Users\\Administrator\\.gemini\\antigravity_old\\scratch_old\\tallyme\\apps\\backend\\dist\\src\\main.js'
      ],
      'process.runtime.version': '24.12.0',
      'process.runtime.name': 'nodejs',
      'process.runtime.description': 'Node.js',
      'process.command': 'C:\\Users\\Administrator\\.gemini\\antigravity_old\\scratch_old\\tallyme\\apps\\backend\\dist\\src\\main.js',
      'process.owner': 'Administrator',
      'service.name': 'unknown_service:node',
      'telemetry.sdk.language': 'nodejs',
      'telemetry.sdk.name': 'opentelemetry',
      'telemetry.sdk.version': '2.10.0'
    }
  },
  instrumentationScope: {
    name: '@opentelemetry/instrumentation-net',
    version: '0.64.0',
    schemaUrl: undefined
  },
  traceId: '094ea94955f8057a27ef9ef69552edce',
  parentSpanContext: {
    traceId: '094ea94955f8057a27ef9ef69552edce',
    spanId: '4c79e4b0e1921bfe',
    traceFlags: 1,
    traceState: undefined
  },
  traceState: undefined,
  name: 'tcp.connect',
  id: '8238229bed366931',
  kind: 0,
  timestamp: 1784989386283000,
  duration: 51532.3,
  attributes: {
    'net.transport': 'ip_tcp',
    'net.peer.name': 'localhost',
    'net.peer.port': 6380,
    'net.peer.ip': '::1',
    'net.host.ip': '::1',
    'net.host.port': 60129
  },
  status: { code: 0 },
  events: [],
  links: []
}
{
  resource: {
    attributes: {
      'host.name': 'Arunesh',
      'host.arch': 'amd64',
      'host.id': '961ee426-227a-4c11-9579-fdfc83a68919',
      'process.pid': 29064,
      'process.executable.name': 'Administrator:  C:\\WINDOWS\\system32\\cmd.exe ',
      'process.executable.path': 'C:\\Program Files\\nodejs\\node.exe',
      'process.command_args': [
        'C:\\Program Files\\nodejs\\node.exe',
        'C:\\Users\\Administrator\\.gemini\\antigravity_old\\scratch_old\\tallyme\\apps\\backend\\dist\\src\\main.js'
      ],
      'process.runtime.version': '24.12.0',
      'process.runtime.name': 'nodejs',
      'process.runtime.description': 'Node.js',
      'process.command': 'C:\\Users\\Administrator\\.gemini\\antigravity_old\\scratch_old\\tallyme\\apps\\backend\\dist\\src\\main.js',
      'process.owner': 'Administrator',
      'service.name': 'unknown_service:node',
      'telemetry.sdk.language': 'nodejs',
      'telemetry.sdk.name': 'opentelemetry',
      'telemetry.sdk.version': '2.10.0'
    }
  },
  instrumentationScope: {
    name: '@opentelemetry/instrumentation-net',
    version: '0.64.0',
    schemaUrl: undefined
  },
  traceId: '094ea94955f8057a27ef9ef69552edce',
  parentSpanContext: {
    traceId: '094ea94955f8057a27ef9ef69552edce',
    spanId: '4c79e4b0e1921bfe',
    traceFlags: 1,
    traceState: undefined
  },
  traceState: undefined,
  name: 'tcp.connect',
  id: 'cca6db9ecac5c303',
  kind: 0,
  timestamp: 1784989386283000,
  duration: 52036.9,
  attributes: {
    'net.transport': 'ip_tcp',
    'net.peer.name': 'localhost',
    'net.peer.port': 6380,
    'net.peer.ip': '::1',
    'net.host.ip': '::1',
    'net.host.port': 60130
  },
  status: { code: 0 },
  events: [],
  links: []
}
{
  resource: {
    attributes: {
      'host.name': 'Arunesh',
      'host.arch': 'amd64',
      'host.id': '961ee426-227a-4c11-9579-fdfc83a68919',
      'process.pid': 29064,
      'process.executable.name': 'Administrator:  C:\\WINDOWS\\system32\\cmd.exe ',
      'process.executable.path': 'C:\\Program Files\\nodejs\\node.exe',
      'process.command_args': [
        'C:\\Program Files\\nodejs\\node.exe',
        'C:\\Users\\Administrator\\.gemini\\antigravity_old\\scratch_old\\tallyme\\apps\\backend\\dist\\src\\main.js'
      ],
      'process.runtime.version': '24.12.0',
      'process.runtime.name': 'nodejs',
      'process.runtime.description': 'Node.js',
      'process.command': 'C:\\Users\\Administrator\\.gemini\\antigravity_old\\scratch_old\\tallyme\\apps\\backend\\dist\\src\\main.js',
      'process.owner': 'Administrator',
      'service.name': 'unknown_service:node',
      'telemetry.sdk.language': 'nodejs',
      'telemetry.sdk.name': 'opentelemetry',
      'telemetry.sdk.version': '2.10.0'
    }
  },
  instrumentationScope: {
    name: '@opentelemetry/instrumentation-net',
    version: '0.64.0',
    schemaUrl: undefined
  },
  traceId: '094ea94955f8057a27ef9ef69552edce',
  parentSpanContext: {
    traceId: '094ea94955f8057a27ef9ef69552edce',
    spanId: '4c79e4b0e1921bfe',
    traceFlags: 1,
    traceState: undefined
  },
  traceState: undefined,
  name: 'tcp.connect',
  id: 'f04096697618284e',
  kind: 0,
  timestamp: 1784989386283000,
  duration: 51949.1,
  attributes: {
    'net.transport': 'ip_tcp',
    'net.peer.name': 'localhost',
    'net.peer.port': 6380,
    'net.peer.ip': '::1',
    'net.host.ip': '::1',
    'net.host.port': 60131
  },
  status: { code: 0 },
  events: [],
  links: []
}
{
  resource: {
    attributes: {
      'host.name': 'Arunesh',
      'host.arch': 'amd64',
      'host.id': '961ee426-227a-4c11-9579-fdfc83a68919',
      'process.pid': 29064,
      'process.executable.name': 'Administrator:  C:\\WINDOWS\\system32\\cmd.exe ',
      'process.executable.path': 'C:\\Program Files\\nodejs\\node.exe',
      'process.command_args': [
        'C:\\Program Files\\nodejs\\node.exe',
        'C:\\Users\\Administrator\\.gemini\\antigravity_old\\scratch_old\\tallyme\\apps\\backend\\dist\\src\\main.js'
      ],
      'process.runtime.version': '24.12.0',
      'process.runtime.name': 'nodejs',
      'process.runtime.description': 'Node.js',
      'process.command': 'C:\\Users\\Administrator\\.gemini\\antigravity_old\\scratch_old\\tallyme\\apps\\backend\\dist\\src\\main.js',
      'process.owner': 'Administrator',
      'service.name': 'unknown_service:node',
      'telemetry.sdk.language': 'nodejs',
      'telemetry.sdk.name': 'opentelemetry',
      'telemetry.sdk.version': '2.10.0'
    }
  },
  instrumentationScope: {
    name: '@opentelemetry/instrumentation-net',
    version: '0.64.0',
    schemaUrl: undefined
  },
  traceId: '4f63d8144797b9341ff7062e4feb242f',
  parentSpanContext: undefined,
  traceState: undefined,
  name: 'tcp.connect',
  id: 'd7a973cf92f07036',
  kind: 0,
  timestamp: 1784989386284000,
  duration: 52058.4,
  attributes: {
    'net.transport': 'ip_tcp',
    'net.peer.name': 'localhost',
    'net.peer.port': 6380,
    'net.peer.ip': '::1',
    'net.host.ip': '::1',
    'net.host.port': 60132
  },
  status: { code: 0 },
  events: [],
  links: []
}
{
  resource: {
    attributes: {
      'host.name': 'Arunesh',
      'host.arch': 'amd64',
      'host.id': '961ee426-227a-4c11-9579-fdfc83a68919',
      'process.pid': 29064,
      'process.executable.name': 'Administrator:  C:\\WINDOWS\\system32\\cmd.exe ',
      'process.executable.path': 'C:\\Program Files\\nodejs\\node.exe',
      'process.command_args': [
        'C:\\Program Files\\nodejs\\node.exe',
        'C:\\Users\\Administrator\\.gemini\\antigravity_old\\scratch_old\\tallyme\\apps\\backend\\dist\\src\\main.js'
      ],
      'process.runtime.version': '24.12.0',
      'process.runtime.name': 'nodejs',
      'process.runtime.description': 'Node.js',
      'process.command': 'C:\\Users\\Administrator\\.gemini\\antigravity_old\\scratch_old\\tallyme\\apps\\backend\\dist\\src\\main.js',
      'process.owner': 'Administrator',
      'service.name': 'unknown_service:node',
      'telemetry.sdk.language': 'nodejs',
      'telemetry.sdk.name': 'opentelemetry',
      'telemetry.sdk.version': '2.10.0'
    }
  },
  instrumentationScope: {
    name: '@opentelemetry/instrumentation-net',
    version: '0.64.0',
    schemaUrl: undefined
  },
  traceId: '39cc3d69564d06b3d703a77148546792',
  parentSpanContext: undefined,
  traceState: undefined,
  name: 'tcp.connect',
  id: 'bb7e0f9d366fb14d',
  kind: 0,
  timestamp: 1784989386284000,
  duration: 52443.9,
  attributes: {
    'net.transport': 'ip_tcp',
    'net.peer.name': 'localhost',
    'net.peer.port': 6380,
    'net.peer.ip': '::1',
    'net.host.ip': '::1',
    'net.host.port': 60133
  },
  status: { code: 0 },
  events: [],
  links: []
}
{
  resource: {
    attributes: {
      'host.name': 'Arunesh',
      'host.arch': 'amd64',
      'host.id': '961ee426-227a-4c11-9579-fdfc83a68919',
      'process.pid': 29064,
      'process.executable.name': 'Administrator:  C:\\WINDOWS\\system32\\cmd.exe ',
      'process.executable.path': 'C:\\Program Files\\nodejs\\node.exe',
      'process.command_args': [
        'C:\\Program Files\\nodejs\\node.exe',
        'C:\\Users\\Administrator\\.gemini\\antigravity_old\\scratch_old\\tallyme\\apps\\backend\\dist\\src\\main.js'
      ],
      'process.runtime.version': '24.12.0',
      'process.runtime.name': 'nodejs',
      'process.runtime.description': 'Node.js',
      'process.command': 'C:\\Users\\Administrator\\.gemini\\antigravity_old\\scratch_old\\tallyme\\apps\\backend\\dist\\src\\main.js',
      'process.owner': 'Administrator',
      'service.name': 'unknown_service:node',
      'telemetry.sdk.language': 'nodejs',
      'telemetry.sdk.name': 'opentelemetry',
      'telemetry.sdk.version': '2.10.0'
    }
  },
  instrumentationScope: {
    name: '@opentelemetry/instrumentation-ioredis',
    version: '0.68.0',
    schemaUrl: undefined
  },
  traceId: '094ea94955f8057a27ef9ef69552edce',
  parentSpanContext: {
    traceId: '094ea94955f8057a27ef9ef69552edce',
    spanId: '4c79e4b0e1921bfe',
    traceFlags: 1,
    traceState: undefined
  },
  traceState: undefined,
  name: 'client',
  id: '01b0117ff09d2507',
  kind: 2,
  timestamp: 1784989386326000,
  duration: 12817.9,
  attributes: {
    'db.system': 'redis',
    'db.statement': 'client SETINFO LIB-NAME ioredis',
    'db.connection_string': 'redis://localhost:6380',
    'net.peer.name': 'localhost',
    'net.peer.port': 6380
  },
  status: { code: 0 },
  events: [],
  links: []
}
{
  resource: {
    attributes: {
      'host.name': 'Arunesh',
      'host.arch': 'amd64',
      'host.id': '961ee426-227a-4c11-9579-fdfc83a68919',
      'process.pid': 29064,
      'process.executable.name': 'Administrator:  C:\\WINDOWS\\system32\\cmd.exe ',
      'process.executable.path': 'C:\\Program Files\\nodejs\\node.exe',
      'process.command_args': [
        'C:\\Program Files\\nodejs\\node.exe',
        'C:\\Users\\Administrator\\.gemini\\antigravity_old\\scratch_old\\tallyme\\apps\\backend\\dist\\src\\main.js'
      ],
      'process.runtime.version': '24.12.0',
      'process.runtime.name': 'nodejs',
      'process.runtime.description': 'Node.js',
      'process.command': 'C:\\Users\\Administrator\\.gemini\\antigravity_old\\scratch_old\\tallyme\\apps\\backend\\dist\\src\\main.js',
      'process.owner': 'Administrator',
      'service.name': 'unknown_service:node',
      'telemetry.sdk.language': 'nodejs',
      'telemetry.sdk.name': 'opentelemetry',
      'telemetry.sdk.version': '2.10.0'
    }
  },
  instrumentationScope: {
    name: '@opentelemetry/instrumentation-ioredis',
    version: '0.68.0',
    schemaUrl: undefined
  },
  traceId: '094ea94955f8057a27ef9ef69552edce',
  parentSpanContext: {
    traceId: '094ea94955f8057a27ef9ef69552edce',
    spanId: '4c79e4b0e1921bfe',
    traceFlags: 1,
    traceState: undefined
  },
  traceState: undefined,
  name: 'client',
  id: '7ca5c71bfedcbee5',
  kind: 2,
  timestamp: 1784989386329000,
  duration: 10389.5,
  attributes: {
    'db.system': 'redis',
    'db.statement': 'client SETINFO LIB-NAME ioredis',
    'db.connection_string': 'redis://localhost:6380',
    'net.peer.name': 'localhost',
    'net.peer.port': 6380
  },
  status: { code: 0 },
  events: [],
  links: []
}
{
  resource: {
    attributes: {
      'host.name': 'Arunesh',
      'host.arch': 'amd64',
      'host.id': '961ee426-227a-4c11-9579-fdfc83a68919',
      'process.pid': 29064,
      'process.executable.name': 'Administrator:  C:\\WINDOWS\\system32\\cmd.exe ',
      'process.executable.path': 'C:\\Program Files\\nodejs\\node.exe',
      'process.command_args': [
        'C:\\Program Files\\nodejs\\node.exe',
        'C:\\Users\\Administrator\\.gemini\\antigravity_old\\scratch_old\\tallyme\\apps\\backend\\dist\\src\\main.js'
      ],
      'process.runtime.version': '24.12.0',
      'process.runtime.name': 'nodejs',
      'process.runtime.description': 'Node.js',
      'process.command': 'C:\\Users\\Administrator\\.gemini\\antigravity_old\\scratch_old\\tallyme\\apps\\backend\\dist\\src\\main.js',
      'process.owner': 'Administrator',
      'service.name': 'unknown_service:node',
      'telemetry.sdk.language': 'nodejs',
      'telemetry.sdk.name': 'opentelemetry',
      'telemetry.sdk.version': '2.10.0'
    }
  },
  instrumentationScope: {
    name: '@opentelemetry/instrumentation-ioredis',
    version: '0.68.0',
    schemaUrl: undefined
  },
  traceId: '094ea94955f8057a27ef9ef69552edce',
  parentSpanContext: {
    traceId: '094ea94955f8057a27ef9ef69552edce',
    spanId: '4c79e4b0e1921bfe',
    traceFlags: 1,
    traceState: undefined
  },
  traceState: undefined,
  name: 'client',
  id: '352b016eee15864b',
  kind: 2,
  timestamp: 1784989386330000,
  duration: 9411,
  attributes: {
    'db.system': 'redis',
    'db.statement': 'client SETINFO LIB-NAME ioredis',
    'db.connection_string': 'redis://localhost:6380',
    'net.peer.name': 'localhost',
    'net.peer.port': 6380
  },
  status: { code: 0 },
  events: [],
  links: []
}
{
  resource: {
    attributes: {
      'host.name': 'Arunesh',
      'host.arch': 'amd64',
      'host.id': '961ee426-227a-4c11-9579-fdfc83a68919',
      'process.pid': 29064,
      'process.executable.name': 'Administrator:  C:\\WINDOWS\\system32\\cmd.exe ',
      'process.executable.path': 'C:\\Program Files\\nodejs\\node.exe',
      'process.command_args': [
        'C:\\Program Files\\nodejs\\node.exe',
        'C:\\Users\\Administrator\\.gemini\\antigravity_old\\scratch_old\\tallyme\\apps\\backend\\dist\\src\\main.js'
      ],
      'process.runtime.version': '24.12.0',
      'process.runtime.name': 'nodejs',
      'process.runtime.description': 'Node.js',
      'process.command': 'C:\\Users\\Administrator\\.gemini\\antigravity_old\\scratch_old\\tallyme\\apps\\backend\\dist\\src\\main.js',
      'process.owner': 'Administrator',
      'service.name': 'unknown_service:node',
      'telemetry.sdk.language': 'nodejs',
      'telemetry.sdk.name': 'opentelemetry',
      'telemetry.sdk.version': '2.10.0'
    }
  },
  instrumentationScope: {
    name: '@opentelemetry/instrumentation-ioredis',
    version: '0.68.0',
    schemaUrl: undefined
  },
  traceId: '094ea94955f8057a27ef9ef69552edce',
  parentSpanContext: {
    traceId: '094ea94955f8057a27ef9ef69552edce',
    spanId: '4c79e4b0e1921bfe',
    traceFlags: 1,
    traceState: undefined
  },
  traceState: undefined,
  name: 'client',
  id: '1ffb1f89573d674d',
  kind: 2,
  timestamp: 1784989386330000,
  duration: 8839.3,
  attributes: {
    'db.system': 'redis',
    'db.statement': 'client SETINFO LIB-NAME ioredis',
    'db.connection_string': 'redis://localhost:6380',
    'net.peer.name': 'localhost',
    'net.peer.port': 6380
  },
  status: { code: 0 },
  events: [],
  links: []
}
{
  resource: {
    attributes: {
      'host.name': 'Arunesh',
      'host.arch': 'amd64',
      'host.id': '961ee426-227a-4c11-9579-fdfc83a68919',
      'process.pid': 29064,
      'process.executable.name': 'Administrator:  C:\\WINDOWS\\system32\\cmd.exe ',
      'process.executable.path': 'C:\\Program Files\\nodejs\\node.exe',
      'process.command_args': [
        'C:\\Program Files\\nodejs\\node.exe',
        'C:\\Users\\Administrator\\.gemini\\antigravity_old\\scratch_old\\tallyme\\apps\\backend\\dist\\src\\main.js'
      ],
      'process.runtime.version': '24.12.0',
      'process.runtime.name': 'nodejs',
      'process.runtime.description': 'Node.js',
      'process.command': 'C:\\Users\\Administrator\\.gemini\\antigravity_old\\scratch_old\\tallyme\\apps\\backend\\dist\\src\\main.js',
      'process.owner': 'Administrator',
      'service.name': 'unknown_service:node',
      'telemetry.sdk.language': 'nodejs',
      'telemetry.sdk.name': 'opentelemetry',
      'telemetry.sdk.version': '2.10.0'
    }
  },
  instrumentationScope: {
    name: '@opentelemetry/instrumentation-ioredis',
    version: '0.68.0',
    schemaUrl: undefined
  },
  traceId: '094ea94955f8057a27ef9ef69552edce',
  parentSpanContext: {
    traceId: '094ea94955f8057a27ef9ef69552edce',
    spanId: '4c79e4b0e1921bfe',
    traceFlags: 1,
    traceState: undefined
  },
  traceState: undefined,
  name: 'client',
  id: '8778af9fd2a63405',
  kind: 2,
  timestamp: 1784989386331000,
  duration: 11531.2,
  attributes: {
    'db.system': 'redis',
    'db.statement': 'client SETINFO LIB-NAME ioredis',
    'db.connection_string': 'redis://localhost:6380',
    'net.peer.name': 'localhost',
    'net.peer.port': 6380
  },
  status: { code: 0 },
  events: [],
  links: []
}
{
  resource: {
    attributes: {
      'host.name': 'Arunesh',
      'host.arch': 'amd64',
      'host.id': '961ee426-227a-4c11-9579-fdfc83a68919',
      'process.pid': 29064,
      'process.executable.name': 'Administrator:  C:\\WINDOWS\\system32\\cmd.exe ',
      'process.executable.path': 'C:\\Program Files\\nodejs\\node.exe',
      'process.command_args': [
        'C:\\Program Files\\nodejs\\node.exe',
        'C:\\Users\\Administrator\\.gemini\\antigravity_old\\scratch_old\\tallyme\\apps\\backend\\dist\\src\\main.js'
      ],
      'process.runtime.version': '24.12.0',
      'process.runtime.name': 'nodejs',
      'process.runtime.description': 'Node.js',
      'process.command': 'C:\\Users\\Administrator\\.gemini\\antigravity_old\\scratch_old\\tallyme\\apps\\backend\\dist\\src\\main.js',
      'process.owner': 'Administrator',
      'service.name': 'unknown_service:node',
      'telemetry.sdk.language': 'nodejs',
      'telemetry.sdk.name': 'opentelemetry',
      'telemetry.sdk.version': '2.10.0'
    }
  },
  instrumentationScope: {
    name: '@opentelemetry/instrumentation-ioredis',
    version: '0.68.0',
    schemaUrl: undefined
  },
  traceId: '094ea94955f8057a27ef9ef69552edce',
  parentSpanContext: {
    traceId: '094ea94955f8057a27ef9ef69552edce',
    spanId: '4c79e4b0e1921bfe',
    traceFlags: 1,
    traceState: undefined
  },
  traceState: undefined,
  name: 'client',
  id: '608a806adc8880dd',
  kind: 2,
  timestamp: 1784989386332000,
  duration: 11053.9,
  attributes: {
    'db.system': 'redis',
    'db.statement': 'client SETINFO LIB-NAME ioredis',
    'db.connection_string': 'redis://localhost:6380',
    'net.peer.name': 'localhost',
    'net.peer.port': 6380
  },
  status: { code: 0 },
  events: [],
  links: []
}
{
  resource: {
    attributes: {
      'host.name': 'Arunesh',
      'host.arch': 'amd64',
      'host.id': '961ee426-227a-4c11-9579-fdfc83a68919',
      'process.pid': 29064,
      'process.executable.name': 'Administrator:  C:\\WINDOWS\\system32\\cmd.exe ',
      'process.executable.path': 'C:\\Program Files\\nodejs\\node.exe',
      'process.command_args': [
        'C:\\Program Files\\nodejs\\node.exe',
        'C:\\Users\\Administrator\\.gemini\\antigravity_old\\scratch_old\\tallyme\\apps\\backend\\dist\\src\\main.js'
      ],
      'process.runtime.version': '24.12.0',
      'process.runtime.name': 'nodejs',
      'process.runtime.description': 'Node.js',
      'process.command': 'C:\\Users\\Administrator\\.gemini\\antigravity_old\\scratch_old\\tallyme\\apps\\backend\\dist\\src\\main.js',
      'process.owner': 'Administrator',
      'service.name': 'unknown_service:node',
      'telemetry.sdk.language': 'nodejs',
      'telemetry.sdk.name': 'opentelemetry',
      'telemetry.sdk.version': '2.10.0'
    }
  },
  instrumentationScope: {
    name: '@opentelemetry/instrumentation-ioredis',
    version: '0.68.0',
    schemaUrl: undefined
  },
  traceId: '094ea94955f8057a27ef9ef69552edce',
  parentSpanContext: {
    traceId: '094ea94955f8057a27ef9ef69552edce',
    spanId: '4c79e4b0e1921bfe',
    traceFlags: 1,
    traceState: undefined
  },
  traceState: undefined,
  name: 'client',
  id: '8753327694f8e19e',
  kind: 2,
  timestamp: 1784989386332000,
  duration: 10706,
  attributes: {
    'db.system': 'redis',
    'db.statement': 'client SETINFO LIB-NAME ioredis',
    'db.connection_string': 'redis://localhost:6380',
    'net.peer.name': 'localhost',
    'net.peer.port': 6380
  },
  status: { code: 0 },
  events: [],
  links: []
}
{
  resource: {
    attributes: {
      'host.name': 'Arunesh',
      'host.arch': 'amd64',
      'host.id': '961ee426-227a-4c11-9579-fdfc83a68919',
      'process.pid': 29064,
      'process.executable.name': 'Administrator:  C:\\WINDOWS\\system32\\cmd.exe ',
      'process.executable.path': 'C:\\Program Files\\nodejs\\node.exe',
      'process.command_args': [
        'C:\\Program Files\\nodejs\\node.exe',
        'C:\\Users\\Administrator\\.gemini\\antigravity_old\\scratch_old\\tallyme\\apps\\backend\\dist\\src\\main.js'
      ],
      'process.runtime.version': '24.12.0',
      'process.runtime.name': 'nodejs',
      'process.runtime.description': 'Node.js',
      'process.command': 'C:\\Users\\Administrator\\.gemini\\antigravity_old\\scratch_old\\tallyme\\apps\\backend\\dist\\src\\main.js',
      'process.owner': 'Administrator',
      'service.name': 'unknown_service:node',
      'telemetry.sdk.language': 'nodejs',
      'telemetry.sdk.name': 'opentelemetry',
      'telemetry.sdk.version': '2.10.0'
    }
  },
  instrumentationScope: {
    name: '@opentelemetry/instrumentation-ioredis',
    version: '0.68.0',
    schemaUrl: undefined
  },
  traceId: '094ea94955f8057a27ef9ef69552edce',
  parentSpanContext: {
    traceId: '094ea94955f8057a27ef9ef69552edce',
    spanId: '4c79e4b0e1921bfe',
    traceFlags: 1,
    traceState: undefined
  },
  traceState: undefined,
  name: 'client',
  id: '07ca52280357cd20',
  kind: 2,
  timestamp: 1784989386333000,
  duration: 10506.3,
  attributes: {
    'db.system': 'redis',
    'db.statement': 'client SETINFO LIB-NAME ioredis',
    'db.connection_string': 'redis://localhost:6380',
    'net.peer.name': 'localhost',
    'net.peer.port': 6380
  },
  status: { code: 0 },
  events: [],
  links: []
}
{
  resource: {
    attributes: {
      'host.name': 'Arunesh',
      'host.arch': 'amd64',
      'host.id': '961ee426-227a-4c11-9579-fdfc83a68919',
      'process.pid': 29064,
      'process.executable.name': 'Administrator:  C:\\WINDOWS\\system32\\cmd.exe ',
      'process.executable.path': 'C:\\Program Files\\nodejs\\node.exe',
      'process.command_args': [
        'C:\\Program Files\\nodejs\\node.exe',
        'C:\\Users\\Administrator\\.gemini\\antigravity_old\\scratch_old\\tallyme\\apps\\backend\\dist\\src\\main.js'
      ],
      'process.runtime.version': '24.12.0',
      'process.runtime.name': 'nodejs',
      'process.runtime.description': 'Node.js',
      'process.command': 'C:\\Users\\Administrator\\.gemini\\antigravity_old\\scratch_old\\tallyme\\apps\\backend\\dist\\src\\main.js',
      'process.owner': 'Administrator',
      'service.name': 'unknown_service:node',
      'telemetry.sdk.language': 'nodejs',
      'telemetry.sdk.name': 'opentelemetry',
      'telemetry.sdk.version': '2.10.0'
    }
  },
  instrumentationScope: {
    name: '@opentelemetry/instrumentation-ioredis',
    version: '0.68.0',
    schemaUrl: undefined
  },
  traceId: '094ea94955f8057a27ef9ef69552edce',
  parentSpanContext: {
    traceId: '094ea94955f8057a27ef9ef69552edce',
    spanId: '4c79e4b0e1921bfe',
    traceFlags: 1,
    traceState: undefined
  },
  traceState: undefined,
  name: 'client',
  id: '28c7ca5893c6e570',
  kind: 2,
  timestamp: 1784989386333000,
  duration: 10051.1,
  attributes: {
    'db.system': 'redis',
    'db.statement': 'client SETINFO LIB-NAME ioredis',
    'db.connection_string': 'redis://localhost:6380',
    'net.peer.name': 'localhost',
    'net.peer.port': 6380
  },
  status: { code: 0 },
  events: [],
  links: []
}
{
  resource: {
    attributes: {
      'host.name': 'Arunesh',
      'host.arch': 'amd64',
      'host.id': '961ee426-227a-4c11-9579-fdfc83a68919',
      'process.pid': 29064,
      'process.executable.name': 'Administrator:  C:\\WINDOWS\\system32\\cmd.exe ',
      'process.executable.path': 'C:\\Program Files\\nodejs\\node.exe',
      'process.command_args': [
        'C:\\Program Files\\nodejs\\node.exe',
        'C:\\Users\\Administrator\\.gemini\\antigravity_old\\scratch_old\\tallyme\\apps\\backend\\dist\\src\\main.js'
      ],
      'process.runtime.version': '24.12.0',
      'process.runtime.name': 'nodejs',
      'process.runtime.description': 'Node.js',
      'process.command': 'C:\\Users\\Administrator\\.gemini\\antigravity_old\\scratch_old\\tallyme\\apps\\backend\\dist\\src\\main.js',
      'process.owner': 'Administrator',
      'service.name': 'unknown_service:node',
      'telemetry.sdk.language': 'nodejs',
      'telemetry.sdk.name': 'opentelemetry',
      'telemetry.sdk.version': '2.10.0'
    }
  },
  instrumentationScope: {
    name: '@opentelemetry/instrumentation-ioredis',
    version: '0.68.0',
    schemaUrl: undefined
  },
  traceId: '094ea94955f8057a27ef9ef69552edce',
  parentSpanContext: {
    traceId: '094ea94955f8057a27ef9ef69552edce',
    spanId: '4c79e4b0e1921bfe',
    traceFlags: 1,
    traceState: undefined
  },
  traceState: undefined,
  name: 'client',
  id: '4a322de22a0a97e7',
  kind: 2,
  timestamp: 1784989386335000,
  duration: 9243.2,
  attributes: {
    'db.system': 'redis',
    'db.statement': 'client SETINFO LIB-NAME ioredis',
    'db.connection_string': 'redis://localhost:6380',
    'net.peer.name': 'localhost',
    'net.peer.port': 6380
  },
  status: { code: 0 },
  events: [],
  links: []
}
{
  resource: {
    attributes: {
      'host.name': 'Arunesh',
      'host.arch': 'amd64',
      'host.id': '961ee426-227a-4c11-9579-fdfc83a68919',
      'process.pid': 29064,
      'process.executable.name': 'Administrator:  C:\\WINDOWS\\system32\\cmd.exe ',
      'process.executable.path': 'C:\\Program Files\\nodejs\\node.exe',
      'process.command_args': [
        'C:\\Program Files\\nodejs\\node.exe',
        'C:\\Users\\Administrator\\.gemini\\antigravity_old\\scratch_old\\tallyme\\apps\\backend\\dist\\src\\main.js'
      ],
      'process.runtime.version': '24.12.0',
      'process.runtime.name': 'nodejs',
      'process.runtime.description': 'Node.js',
      'process.command': 'C:\\Users\\Administrator\\.gemini\\antigravity_old\\scratch_old\\tallyme\\apps\\backend\\dist\\src\\main.js',
      'process.owner': 'Administrator',
      'service.name': 'unknown_service:node',
      'telemetry.sdk.language': 'nodejs',
      'telemetry.sdk.name': 'opentelemetry',
      'telemetry.sdk.version': '2.10.0'
    }
  },
  instrumentationScope: {
    name: '@opentelemetry/instrumentation-ioredis',
    version: '0.68.0',
    schemaUrl: undefined
  },
  traceId: '094ea94955f8057a27ef9ef69552edce',
  parentSpanContext: {
    traceId: '094ea94955f8057a27ef9ef69552edce',
    spanId: '4c79e4b0e1921bfe',
    traceFlags: 1,
    traceState: undefined
  },
  traceState: undefined,
  name: 'client',
  id: '05a830cb6241c09b',
  kind: 2,
  timestamp: 1784989386335000,
  duration: 8816.7,
  attributes: {
    'db.system': 'redis',
    'db.statement': 'client SETINFO LIB-NAME ioredis',
    'db.connection_string': 'redis://localhost:6380',
    'net.peer.name': 'localhost',
    'net.peer.port': 6380
  },
  status: { code: 0 },
  events: [],
  links: []
}
{
  resource: {
    attributes: {
      'host.name': 'Arunesh',
      'host.arch': 'amd64',
      'host.id': '961ee426-227a-4c11-9579-fdfc83a68919',
      'process.pid': 29064,
      'process.executable.name': 'Administrator:  C:\\WINDOWS\\system32\\cmd.exe ',
      'process.executable.path': 'C:\\Program Files\\nodejs\\node.exe',
      'process.command_args': [
        'C:\\Program Files\\nodejs\\node.exe',
        'C:\\Users\\Administrator\\.gemini\\antigravity_old\\scratch_old\\tallyme\\apps\\backend\\dist\\src\\main.js'
      ],
      'process.runtime.version': '24.12.0',
      'process.runtime.name': 'nodejs',
      'process.runtime.description': 'Node.js',
      'process.command': 'C:\\Users\\Administrator\\.gemini\\antigravity_old\\scratch_old\\tallyme\\apps\\backend\\dist\\src\\main.js',
      'process.owner': 'Administrator',
      'service.name': 'unknown_service:node',
      'telemetry.sdk.language': 'nodejs',
      'telemetry.sdk.name': 'opentelemetry',
      'telemetry.sdk.version': '2.10.0'
    }
  },
  instrumentationScope: {
    name: '@opentelemetry/instrumentation-ioredis',
    version: '0.68.0',
    schemaUrl: undefined
  },
  traceId: '094ea94955f8057a27ef9ef69552edce',
  parentSpanContext: {
    traceId: '094ea94955f8057a27ef9ef69552edce',
    spanId: '4c79e4b0e1921bfe',
    traceFlags: 1,
    traceState: undefined
  },
  traceState: undefined,
  name: 'client',
  id: '7d731e3587a61531',
  kind: 2,
  timestamp: 1784989386336000,
  duration: 8547.2,
  attributes: {
    'db.system': 'redis',
    'db.statement': 'client SETINFO LIB-NAME ioredis',
    'db.connection_string': 'redis://localhost:6380',
    'net.peer.name': 'localhost',
    'net.peer.port': 6380
  },
  status: { code: 0 },
  events: [],
  links: []
}
{
  resource: {
    attributes: {
      'host.name': 'Arunesh',
      'host.arch': 'amd64',
      'host.id': '961ee426-227a-4c11-9579-fdfc83a68919',
      'process.pid': 29064,
      'process.executable.name': 'Administrator:  C:\\WINDOWS\\system32\\cmd.exe ',
      'process.executable.path': 'C:\\Program Files\\nodejs\\node.exe',
      'process.command_args': [
        'C:\\Program Files\\nodejs\\node.exe',
        'C:\\Users\\Administrator\\.gemini\\antigravity_old\\scratch_old\\tallyme\\apps\\backend\\dist\\src\\main.js'
      ],
      'process.runtime.version': '24.12.0',
      'process.runtime.name': 'nodejs',
      'process.runtime.description': 'Node.js',
      'process.command': 'C:\\Users\\Administrator\\.gemini\\antigravity_old\\scratch_old\\tallyme\\apps\\backend\\dist\\src\\main.js',
      'process.owner': 'Administrator',
      'service.name': 'unknown_service:node',
      'telemetry.sdk.language': 'nodejs',
      'telemetry.sdk.name': 'opentelemetry',
      'telemetry.sdk.version': '2.10.0'
    }
  },
  instrumentationScope: {
    name: '@opentelemetry/instrumentation-dns',
    version: '0.63.0',
    schemaUrl: undefined
  },
  traceId: '58956d89252d3d220537fef1db25c3f6',
  parentSpanContext: undefined,
  traceState: undefined,
  name: 'dns.lookup',
  id: '70e941a7ecc2821d',
  kind: 2,
  timestamp: 1784989386342000,
  duration: 2395.3,
  attributes: { 'peer.ipv6': '::1', 'peer[1].ipv4': '127.0.0.1' },
  status: { code: 0 },
  events: [],
  links: []
}
{
  resource: {
    attributes: {
      'host.name': 'Arunesh',
      'host.arch': 'amd64',
      'host.id': '961ee426-227a-4c11-9579-fdfc83a68919',
      'process.pid': 29064,
      'process.executable.name': 'Administrator:  C:\\WINDOWS\\system32\\cmd.exe ',
      'process.executable.path': 'C:\\Program Files\\nodejs\\node.exe',
      'process.command_args': [
        'C:\\Program Files\\nodejs\\node.exe',
        'C:\\Users\\Administrator\\.gemini\\antigravity_old\\scratch_old\\tallyme\\apps\\backend\\dist\\src\\main.js'
      ],
      'process.runtime.version': '24.12.0',
      'process.runtime.name': 'nodejs',
      'process.runtime.description': 'Node.js',
      'process.command': 'C:\\Users\\Administrator\\.gemini\\antigravity_old\\scratch_old\\tallyme\\apps\\backend\\dist\\src\\main.js',
      'process.owner': 'Administrator',
      'service.name': 'unknown_service:node',
      'telemetry.sdk.language': 'nodejs',
      'telemetry.sdk.name': 'opentelemetry',
      'telemetry.sdk.version': '2.10.0'
    }
  },
  instrumentationScope: {
    name: '@opentelemetry/instrumentation-net',
    version: '0.64.0',
    schemaUrl: undefined
  },
  traceId: '9b66d7ed4307b0f631b1f7d392e81dc0',
  parentSpanContext: undefined,
  traceState: undefined,
  name: 'tcp.connect',
  id: 'af943eaaa37d4622',
  kind: 0,
  timestamp: 1784989386342000,
  duration: 4176.6,
  attributes: {
    'net.transport': 'ip_tcp',
    'net.peer.name': 'localhost',
    'net.peer.port': 6380,
    'net.peer.ip': '::1',
    'net.host.ip': '::1',
    'net.host.port': 60134
  },
  status: { code: 0 },
  events: [],
  links: []
}
{
  resource: {
    attributes: {
      'host.name': 'Arunesh',
      'host.arch': 'amd64',
      'host.id': '961ee426-227a-4c11-9579-fdfc83a68919',
      'process.pid': 29064,
      'process.executable.name': 'Administrator:  C:\\WINDOWS\\system32\\cmd.exe ',
      'process.executable.path': 'C:\\Program Files\\nodejs\\node.exe',
      'process.command_args': [
        'C:\\Program Files\\nodejs\\node.exe',
        'C:\\Users\\Administrator\\.gemini\\antigravity_old\\scratch_old\\tallyme\\apps\\backend\\dist\\src\\main.js'
      ],
      'process.runtime.version': '24.12.0',
      'process.runtime.name': 'nodejs',
      'process.runtime.description': 'Node.js',
      'process.command': 'C:\\Users\\Administrator\\.gemini\\antigravity_old\\scratch_old\\tallyme\\apps\\backend\\dist\\src\\main.js',
      'process.owner': 'Administrator',
      'service.name': 'unknown_service:node',
      'telemetry.sdk.language': 'nodejs',
      'telemetry.sdk.name': 'opentelemetry',
      'telemetry.sdk.version': '2.10.0'
    }
  },
  instrumentationScope: {
    name: '@opentelemetry/instrumentation-ioredis',
    version: '0.68.0',
    schemaUrl: undefined
  },
  traceId: '094ea94955f8057a27ef9ef69552edce',
  parentSpanContext: {
    traceId: '094ea94955f8057a27ef9ef69552edce',
    spanId: '4c79e4b0e1921bfe',
    traceFlags: 1,
    traceState: undefined
  },
  traceState: undefined,
  name: 'client',
  id: 'e1d2d5d0a53623e6',
  kind: 2,
  timestamp: 1784989386347000,
  duration: 3831.5,
  attributes: {
    'db.system': 'redis',
    'db.statement': 'client SETINFO LIB-VER 5.11.1',
    'db.connection_string': 'redis://localhost:6380',
    'net.peer.name': 'localhost',
    'net.peer.port': 6380
  },
  status: { code: 0 },
  events: [],
  links: []
}
{
  resource: {
    attributes: {
      'host.name': 'Arunesh',
      'host.arch': 'amd64',
      'host.id': '961ee426-227a-4c11-9579-fdfc83a68919',
      'process.pid': 29064,
      'process.executable.name': 'Administrator:  C:\\WINDOWS\\system32\\cmd.exe ',
      'process.executable.path': 'C:\\Program Files\\nodejs\\node.exe',
      'process.command_args': [
        'C:\\Program Files\\nodejs\\node.exe',
        'C:\\Users\\Administrator\\.gemini\\antigravity_old\\scratch_old\\tallyme\\apps\\backend\\dist\\src\\main.js'
      ],
      'process.runtime.version': '24.12.0',
      'process.runtime.name': 'nodejs',
      'process.runtime.description': 'Node.js',
      'process.command': 'C:\\Users\\Administrator\\.gemini\\antigravity_old\\scratch_old\\tallyme\\apps\\backend\\dist\\src\\main.js',
      'process.owner': 'Administrator',
      'service.name': 'unknown_service:node',
      'telemetry.sdk.language': 'nodejs',
      'telemetry.sdk.name': 'opentelemetry',
      'telemetry.sdk.version': '2.10.0'
    }
  },
  instrumentationScope: {
    name: '@opentelemetry/instrumentation-ioredis',
    version: '0.68.0',
    schemaUrl: undefined
  },
  traceId: '094ea94955f8057a27ef9ef69552edce',
  parentSpanContext: {
    traceId: '094ea94955f8057a27ef9ef69552edce',
    spanId: '4c79e4b0e1921bfe',
    traceFlags: 1,
    traceState: undefined
  },
  traceState: undefined,
  name: 'client',
  id: 'be3564c0b7abbba5',
  kind: 2,
  timestamp: 1784989386347000,
  duration: 4632.3,
  attributes: {
    'db.system': 'redis',
    'db.statement': 'client SETINFO LIB-VER 5.11.1',
    'db.connection_string': 'redis://localhost:6380',
    'net.peer.name': 'localhost',
    'net.peer.port': 6380
  },
  status: { code: 0 },
  events: [],
  links: []
}
{
  resource: {
    attributes: {
      'host.name': 'Arunesh',
      'host.arch': 'amd64',
      'host.id': '961ee426-227a-4c11-9579-fdfc83a68919',
      'process.pid': 29064,
      'process.executable.name': 'Administrator:  C:\\WINDOWS\\system32\\cmd.exe ',
      'process.executable.path': 'C:\\Program Files\\nodejs\\node.exe',
      'process.command_args': [
        'C:\\Program Files\\nodejs\\node.exe',
        'C:\\Users\\Administrator\\.gemini\\antigravity_old\\scratch_old\\tallyme\\apps\\backend\\dist\\src\\main.js'
      ],
      'process.runtime.version': '24.12.0',
      'process.runtime.name': 'nodejs',
      'process.runtime.description': 'Node.js',
      'process.command': 'C:\\Users\\Administrator\\.gemini\\antigravity_old\\scratch_old\\tallyme\\apps\\backend\\dist\\src\\main.js',
      'process.owner': 'Administrator',
      'service.name': 'unknown_service:node',
      'telemetry.sdk.language': 'nodejs',
      'telemetry.sdk.name': 'opentelemetry',
      'telemetry.sdk.version': '2.10.0'
    }
  },
  instrumentationScope: {
    name: '@opentelemetry/instrumentation-ioredis',
    version: '0.68.0',
    schemaUrl: undefined
  },
  traceId: '094ea94955f8057a27ef9ef69552edce',
  parentSpanContext: {
    traceId: '094ea94955f8057a27ef9ef69552edce',
    spanId: '4c79e4b0e1921bfe',
    traceFlags: 1,
    traceState: undefined
  },
  traceState: undefined,
  name: 'client',
  id: '8870a399065dac56',
  kind: 2,
  timestamp: 1784989386347000,
  duration: 4395.3,
  attributes: {
    'db.system': 'redis',
    'db.statement': 'client SETINFO LIB-VER 5.11.1',
    'db.connection_string': 'redis://localhost:6380',
    'net.peer.name': 'localhost',
    'net.peer.port': 6380
  },
  status: { code: 0 },
  events: [],
  links: []
}
{
  resource: {
    attributes: {
      'host.name': 'Arunesh',
      'host.arch': 'amd64',
      'host.id': '961ee426-227a-4c11-9579-fdfc83a68919',
      'process.pid': 29064,
      'process.executable.name': 'Administrator:  C:\\WINDOWS\\system32\\cmd.exe ',
      'process.executable.path': 'C:\\Program Files\\nodejs\\node.exe',
      'process.command_args': [
        'C:\\Program Files\\nodejs\\node.exe',
        'C:\\Users\\Administrator\\.gemini\\antigravity_old\\scratch_old\\tallyme\\apps\\backend\\dist\\src\\main.js'
      ],
      'process.runtime.version': '24.12.0',
      'process.runtime.name': 'nodejs',
      'process.runtime.description': 'Node.js',
      'process.command': 'C:\\Users\\Administrator\\.gemini\\antigravity_old\\scratch_old\\tallyme\\apps\\backend\\dist\\src\\main.js',
      'process.owner': 'Administrator',
      'service.name': 'unknown_service:node',
      'telemetry.sdk.language': 'nodejs',
      'telemetry.sdk.name': 'opentelemetry',
      'telemetry.sdk.version': '2.10.0'
    }
  },
  instrumentationScope: {
    name: '@opentelemetry/instrumentation-ioredis',
    version: '0.68.0',
    schemaUrl: undefined
  },
  traceId: '094ea94955f8057a27ef9ef69552edce',
  parentSpanContext: {
    traceId: '094ea94955f8057a27ef9ef69552edce',
    spanId: '4c79e4b0e1921bfe',
    traceFlags: 1,
    traceState: undefined
  },
  traceState: undefined,
  name: 'client',
  id: '8c840605c84d1c85',
  kind: 2,
  timestamp: 1784989386348000,
  duration: 4103.9,
  attributes: {
    'db.system': 'redis',
    'db.statement': 'client SETINFO LIB-VER 5.11.1',
    'db.connection_string': 'redis://localhost:6380',
    'net.peer.name': 'localhost',
    'net.peer.port': 6380
  },
  status: { code: 0 },
  events: [],
  links: []
}
{
  resource: {
    attributes: {
      'host.name': 'Arunesh',
      'host.arch': 'amd64',
      'host.id': '961ee426-227a-4c11-9579-fdfc83a68919',
      'process.pid': 29064,
      'process.executable.name': 'Administrator:  C:\\WINDOWS\\system32\\cmd.exe ',
      'process.executable.path': 'C:\\Program Files\\nodejs\\node.exe',
      'process.command_args': [
        'C:\\Program Files\\nodejs\\node.exe',
        'C:\\Users\\Administrator\\.gemini\\antigravity_old\\scratch_old\\tallyme\\apps\\backend\\dist\\src\\main.js'
      ],
      'process.runtime.version': '24.12.0',
      'process.runtime.name': 'nodejs',
      'process.runtime.description': 'Node.js',
      'process.command': 'C:\\Users\\Administrator\\.gemini\\antigravity_old\\scratch_old\\tallyme\\apps\\backend\\dist\\src\\main.js',
      'process.owner': 'Administrator',
      'service.name': 'unknown_service:node',
      'telemetry.sdk.language': 'nodejs',
      'telemetry.sdk.name': 'opentelemetry',
      'telemetry.sdk.version': '2.10.0'
    }
  },
  instrumentationScope: {
    name: '@opentelemetry/instrumentation-ioredis',
    version: '0.68.0',
    schemaUrl: undefined
  },
  traceId: '094ea94955f8057a27ef9ef69552edce',
  parentSpanContext: {
    traceId: '094ea94955f8057a27ef9ef69552edce',
    spanId: '4c79e4b0e1921bfe',
    traceFlags: 1,
    traceState: undefined
  },
  traceState: undefined,
  name: 'client',
  id: '9b1913bf807271a6',
  kind: 2,
  timestamp: 1784989386348000,
  duration: 3541.7,
  attributes: {
    'db.system': 'redis',
    'db.statement': 'client SETINFO LIB-VER 5.11.1',
    'db.connection_string': 'redis://localhost:6380',
    'net.peer.name': 'localhost',
    'net.peer.port': 6380
  },
  status: { code: 0 },
  events: [],
  links: []
}
{
  resource: {
    attributes: {
      'host.name': 'Arunesh',
      'host.arch': 'amd64',
      'host.id': '961ee426-227a-4c11-9579-fdfc83a68919',
      'process.pid': 29064,
      'process.executable.name': 'Administrator:  C:\\WINDOWS\\system32\\cmd.exe ',
      'process.executable.path': 'C:\\Program Files\\nodejs\\node.exe',
      'process.command_args': [
        'C:\\Program Files\\nodejs\\node.exe',
        'C:\\Users\\Administrator\\.gemini\\antigravity_old\\scratch_old\\tallyme\\apps\\backend\\dist\\src\\main.js'
      ],
      'process.runtime.version': '24.12.0',
      'process.runtime.name': 'nodejs',
      'process.runtime.description': 'Node.js',
      'process.command': 'C:\\Users\\Administrator\\.gemini\\antigravity_old\\scratch_old\\tallyme\\apps\\backend\\dist\\src\\main.js',
      'process.owner': 'Administrator',
      'service.name': 'unknown_service:node',
      'telemetry.sdk.language': 'nodejs',
      'telemetry.sdk.name': 'opentelemetry',
      'telemetry.sdk.version': '2.10.0'
    }
  },
  instrumentationScope: {
    name: '@opentelemetry/instrumentation-ioredis',
    version: '0.68.0',
    schemaUrl: undefined
  },
  traceId: '094ea94955f8057a27ef9ef69552edce',
  parentSpanContext: {
    traceId: '094ea94955f8057a27ef9ef69552edce',
    spanId: '4c79e4b0e1921bfe',
    traceFlags: 1,
    traceState: undefined
  },
  traceState: undefined,
  name: 'client',
  id: '737a3ed09a1bccd2',
  kind: 2,
  timestamp: 1784989386349000,
  duration: 3309.6,
  attributes: {
    'db.system': 'redis',
    'db.statement': 'client SETINFO LIB-VER 5.11.1',
    'db.connection_string': 'redis://localhost:6380',
    'net.peer.name': 'localhost',
    'net.peer.port': 6380
  },
  status: { code: 0 },
  events: [],
  links: []
}
{
  resource: {
    attributes: {
      'host.name': 'Arunesh',
      'host.arch': 'amd64',
      'host.id': '961ee426-227a-4c11-9579-fdfc83a68919',
      'process.pid': 29064,
      'process.executable.name': 'Administrator:  C:\\WINDOWS\\system32\\cmd.exe ',
      'process.executable.path': 'C:\\Program Files\\nodejs\\node.exe',
      'process.command_args': [
        'C:\\Program Files\\nodejs\\node.exe',
        'C:\\Users\\Administrator\\.gemini\\antigravity_old\\scratch_old\\tallyme\\apps\\backend\\dist\\src\\main.js'
      ],
      'process.runtime.version': '24.12.0',
      'process.runtime.name': 'nodejs',
      'process.runtime.description': 'Node.js',
      'process.command': 'C:\\Users\\Administrator\\.gemini\\antigravity_old\\scratch_old\\tallyme\\apps\\backend\\dist\\src\\main.js',
      'process.owner': 'Administrator',
      'service.name': 'unknown_service:node',
      'telemetry.sdk.language': 'nodejs',
      'telemetry.sdk.name': 'opentelemetry',
      'telemetry.sdk.version': '2.10.0'
    }
  },
  instrumentationScope: {
    name: '@opentelemetry/instrumentation-ioredis',
    version: '0.68.0',
    schemaUrl: undefined
  },
  traceId: '094ea94955f8057a27ef9ef69552edce',
  parentSpanContext: {
    traceId: '094ea94955f8057a27ef9ef69552edce',
    spanId: '4c79e4b0e1921bfe',
    traceFlags: 1,
    traceState: undefined
  },
  traceState: undefined,
  name: 'client',
  id: '560af17ed3d1e43f',
  kind: 2,
  timestamp: 1784989386349000,
  duration: 3043.4,
  attributes: {
    'db.system': 'redis',
    'db.statement': 'client SETINFO LIB-VER 5.11.1',
    'db.connection_string': 'redis://localhost:6380',
    'net.peer.name': 'localhost',
    'net.peer.port': 6380
  },
  status: { code: 0 },
  events: [],
  links: []
}
{
  resource: {
    attributes: {
      'host.name': 'Arunesh',
      'host.arch': 'amd64',
      'host.id': '961ee426-227a-4c11-9579-fdfc83a68919',
      'process.pid': 29064,
      'process.executable.name': 'Administrator:  C:\\WINDOWS\\system32\\cmd.exe ',
      'process.executable.path': 'C:\\Program Files\\nodejs\\node.exe',
      'process.command_args': [
        'C:\\Program Files\\nodejs\\node.exe',
        'C:\\Users\\Administrator\\.gemini\\antigravity_old\\scratch_old\\tallyme\\apps\\backend\\dist\\src\\main.js'
      ],
      'process.runtime.version': '24.12.0',
      'process.runtime.name': 'nodejs',
      'process.runtime.description': 'Node.js',
      'process.command': 'C:\\Users\\Administrator\\.gemini\\antigravity_old\\scratch_old\\tallyme\\apps\\backend\\dist\\src\\main.js',
      'process.owner': 'Administrator',
      'service.name': 'unknown_service:node',
      'telemetry.sdk.language': 'nodejs',
      'telemetry.sdk.name': 'opentelemetry',
      'telemetry.sdk.version': '2.10.0'
    }
  },
  instrumentationScope: {
    name: '@opentelemetry/instrumentation-ioredis',
    version: '0.68.0',
    schemaUrl: undefined
  },
  traceId: '094ea94955f8057a27ef9ef69552edce',
  parentSpanContext: {
    traceId: '094ea94955f8057a27ef9ef69552edce',
    spanId: '4c79e4b0e1921bfe',
    traceFlags: 1,
    traceState: undefined
  },
  traceState: undefined,
  name: 'client',
  id: '394745797b22d123',
  kind: 2,
  timestamp: 1784989386350000,
  duration: 2743,
  attributes: {
    'db.system': 'redis',
    'db.statement': 'client SETINFO LIB-VER 5.11.1',
    'db.connection_string': 'redis://localhost:6380',
    'net.peer.name': 'localhost',
    'net.peer.port': 6380
  },
  status: { code: 0 },
  events: [],
  links: []
}
{
  resource: {
    attributes: {
      'host.name': 'Arunesh',
      'host.arch': 'amd64',
      'host.id': '961ee426-227a-4c11-9579-fdfc83a68919',
      'process.pid': 29064,
      'process.executable.name': 'Administrator:  C:\\WINDOWS\\system32\\cmd.exe ',
      'process.executable.path': 'C:\\Program Files\\nodejs\\node.exe',
      'process.command_args': [
        'C:\\Program Files\\nodejs\\node.exe',
        'C:\\Users\\Administrator\\.gemini\\antigravity_old\\scratch_old\\tallyme\\apps\\backend\\dist\\src\\main.js'
      ],
      'process.runtime.version': '24.12.0',
      'process.runtime.name': 'nodejs',
      'process.runtime.description': 'Node.js',
      'process.command': 'C:\\Users\\Administrator\\.gemini\\antigravity_old\\scratch_old\\tallyme\\apps\\backend\\dist\\src\\main.js',
      'process.owner': 'Administrator',
      'service.name': 'unknown_service:node',
      'telemetry.sdk.language': 'nodejs',
      'telemetry.sdk.name': 'opentelemetry',
      'telemetry.sdk.version': '2.10.0'
    }
  },
  instrumentationScope: {
    name: '@opentelemetry/instrumentation-ioredis',
    version: '0.68.0',
    schemaUrl: undefined
  },
  traceId: '094ea94955f8057a27ef9ef69552edce',
  parentSpanContext: {
    traceId: '094ea94955f8057a27ef9ef69552edce',
    spanId: '4c79e4b0e1921bfe',
    traceFlags: 1,
    traceState: undefined
  },
  traceState: undefined,
  name: 'client',
  id: 'c3db6503f6c78a9c',
  kind: 2,
  timestamp: 1784989386350000,
  duration: 2567.4,
  attributes: {
    'db.system': 'redis',
    'db.statement': 'client SETINFO LIB-VER 5.11.1',
    'db.connection_string': 'redis://localhost:6380',
    'net.peer.name': 'localhost',
    'net.peer.port': 6380
  },
  status: { code: 0 },
  events: [],
  links: []
}
{
  resource: {
    attributes: {
      'host.name': 'Arunesh',
      'host.arch': 'amd64',
      'host.id': '961ee426-227a-4c11-9579-fdfc83a68919',
      'process.pid': 29064,
      'process.executable.name': 'Administrator:  C:\\WINDOWS\\system32\\cmd.exe ',
      'process.executable.path': 'C:\\Program Files\\nodejs\\node.exe',
      'process.command_args': [
        'C:\\Program Files\\nodejs\\node.exe',
        'C:\\Users\\Administrator\\.gemini\\antigravity_old\\scratch_old\\tallyme\\apps\\backend\\dist\\src\\main.js'
      ],
      'process.runtime.version': '24.12.0',
      'process.runtime.name': 'nodejs',
      'process.runtime.description': 'Node.js',
      'process.command': 'C:\\Users\\Administrator\\.gemini\\antigravity_old\\scratch_old\\tallyme\\apps\\backend\\dist\\src\\main.js',
      'process.owner': 'Administrator',
      'service.name': 'unknown_service:node',
      'telemetry.sdk.language': 'nodejs',
      'telemetry.sdk.name': 'opentelemetry',
      'telemetry.sdk.version': '2.10.0'
    }
  },
  instrumentationScope: {
    name: '@opentelemetry/instrumentation-ioredis',
    version: '0.68.0',
    schemaUrl: undefined
  },
  traceId: '094ea94955f8057a27ef9ef69552edce',
  parentSpanContext: {
    traceId: '094ea94955f8057a27ef9ef69552edce',
    spanId: '4c79e4b0e1921bfe',
    traceFlags: 1,
    traceState: undefined
  },
  traceState: undefined,
  name: 'client',
  id: 'd1563dc8a8e4631e',
  kind: 2,
  timestamp: 1784989386350000,
  duration: 2538.6,
  attributes: {
    'db.system': 'redis',
    'db.statement': 'client SETINFO LIB-VER 5.11.1',
    'db.connection_string': 'redis://localhost:6380',
    'net.peer.name': 'localhost',
    'net.peer.port': 6380
  },
  status: { code: 0 },
  events: [],
  links: []
}
{
  resource: {
    attributes: {
      'host.name': 'Arunesh',
      'host.arch': 'amd64',
      'host.id': '961ee426-227a-4c11-9579-fdfc83a68919',
      'process.pid': 29064,
      'process.executable.name': 'Administrator:  C:\\WINDOWS\\system32\\cmd.exe ',
      'process.executable.path': 'C:\\Program Files\\nodejs\\node.exe',
      'process.command_args': [
        'C:\\Program Files\\nodejs\\node.exe',
        'C:\\Users\\Administrator\\.gemini\\antigravity_old\\scratch_old\\tallyme\\apps\\backend\\dist\\src\\main.js'
      ],
      'process.runtime.version': '24.12.0',
      'process.runtime.name': 'nodejs',
      'process.runtime.description': 'Node.js',
      'process.command': 'C:\\Users\\Administrator\\.gemini\\antigravity_old\\scratch_old\\tallyme\\apps\\backend\\dist\\src\\main.js',
      'process.owner': 'Administrator',
      'service.name': 'unknown_service:node',
      'telemetry.sdk.language': 'nodejs',
      'telemetry.sdk.name': 'opentelemetry',
      'telemetry.sdk.version': '2.10.0'
    }
  },
  instrumentationScope: {
    name: '@opentelemetry/instrumentation-ioredis',
    version: '0.68.0',
    schemaUrl: undefined
  },
  traceId: '094ea94955f8057a27ef9ef69552edce',
  parentSpanContext: {
    traceId: '094ea94955f8057a27ef9ef69552edce',
    spanId: '4c79e4b0e1921bfe',
    traceFlags: 1,
    traceState: undefined
  },
  traceState: undefined,
  name: 'client',
  id: '5d4828499da11cd0',
  kind: 2,
  timestamp: 1784989386350000,
  duration: 2617.3,
  attributes: {
    'db.system': 'redis',
    'db.statement': 'client SETINFO LIB-VER 5.11.1',
    'db.connection_string': 'redis://localhost:6380',
    'net.peer.name': 'localhost',
    'net.peer.port': 6380
  },
  status: { code: 0 },
  events: [],
  links: []
}
{
  resource: {
    attributes: {
      'host.name': 'Arunesh',
      'host.arch': 'amd64',
      'host.id': '961ee426-227a-4c11-9579-fdfc83a68919',
      'process.pid': 29064,
      'process.executable.name': 'Administrator:  C:\\WINDOWS\\system32\\cmd.exe ',
      'process.executable.path': 'C:\\Program Files\\nodejs\\node.exe',
      'process.command_args': [
        'C:\\Program Files\\nodejs\\node.exe',
        'C:\\Users\\Administrator\\.gemini\\antigravity_old\\scratch_old\\tallyme\\apps\\backend\\dist\\src\\main.js'
      ],
      'process.runtime.version': '24.12.0',
      'process.runtime.name': 'nodejs',
      'process.runtime.description': 'Node.js',
      'process.command': 'C:\\Users\\Administrator\\.gemini\\antigravity_old\\scratch_old\\tallyme\\apps\\backend\\dist\\src\\main.js',
      'process.owner': 'Administrator',
      'service.name': 'unknown_service:node',
      'telemetry.sdk.language': 'nodejs',
      'telemetry.sdk.name': 'opentelemetry',
      'telemetry.sdk.version': '2.10.0'
    }
  },
  instrumentationScope: {
    name: '@opentelemetry/instrumentation-ioredis',
    version: '0.68.0',
    schemaUrl: undefined
  },
  traceId: '094ea94955f8057a27ef9ef69552edce',
  parentSpanContext: {
    traceId: '094ea94955f8057a27ef9ef69552edce',
    spanId: '4c79e4b0e1921bfe',
    traceFlags: 1,
    traceState: undefined
  },
  traceState: undefined,
  name: 'client',
  id: 'b805a2f16838349b',
  kind: 2,
  timestamp: 1784989386351000,
  duration: 2756.9,
  attributes: {
    'db.system': 'redis',
    'db.statement': 'client SETINFO LIB-VER 5.11.1',
    'db.connection_string': 'redis://localhost:6380',
    'net.peer.name': 'localhost',
    'net.peer.port': 6380
  },
  status: { code: 0 },
  events: [],
  links: []
}
{
  resource: {
    attributes: {
      'host.name': 'Arunesh',
      'host.arch': 'amd64',
      'host.id': '961ee426-227a-4c11-9579-fdfc83a68919',
      'process.pid': 29064,
      'process.executable.name': 'Administrator:  C:\\WINDOWS\\system32\\cmd.exe ',
      'process.executable.path': 'C:\\Program Files\\nodejs\\node.exe',
      'process.command_args': [
        'C:\\Program Files\\nodejs\\node.exe',
        'C:\\Users\\Administrator\\.gemini\\antigravity_old\\scratch_old\\tallyme\\apps\\backend\\dist\\src\\main.js'
      ],
      'process.runtime.version': '24.12.0',
      'process.runtime.name': 'nodejs',
      'process.runtime.description': 'Node.js',
      'process.command': 'C:\\Users\\Administrator\\.gemini\\antigravity_old\\scratch_old\\tallyme\\apps\\backend\\dist\\src\\main.js',
      'process.owner': 'Administrator',
      'service.name': 'unknown_service:node',
      'telemetry.sdk.language': 'nodejs',
      'telemetry.sdk.name': 'opentelemetry',
      'telemetry.sdk.version': '2.10.0'
    }
  },
  instrumentationScope: {
    name: '@opentelemetry/instrumentation-ioredis',
    version: '0.68.0',
    schemaUrl: undefined
  },
  traceId: '094ea94955f8057a27ef9ef69552edce',
  parentSpanContext: {
    traceId: '094ea94955f8057a27ef9ef69552edce',
    spanId: '4c79e4b0e1921bfe',
    traceFlags: 1,
    traceState: undefined
  },
  traceState: undefined,
  name: 'info',
  id: '52160d04ad41692e',
  kind: 2,
  timestamp: 1784989386351000,
  duration: 3074.5,
  attributes: {
    'db.system': 'redis',
    'db.statement': 'info',
    'db.connection_string': 'redis://localhost:6380',
    'net.peer.name': 'localhost',
    'net.peer.port': 6380
  },
  status: { code: 0 },
  events: [],
  links: []
}
{
  resource: {
    attributes: {
      'host.name': 'Arunesh',
      'host.arch': 'amd64',
      'host.id': '961ee426-227a-4c11-9579-fdfc83a68919',
      'process.pid': 29064,
      'process.executable.name': 'Administrator:  C:\\WINDOWS\\system32\\cmd.exe ',
      'process.executable.path': 'C:\\Program Files\\nodejs\\node.exe',
      'process.command_args': [
        'C:\\Program Files\\nodejs\\node.exe',
        'C:\\Users\\Administrator\\.gemini\\antigravity_old\\scratch_old\\tallyme\\apps\\backend\\dist\\src\\main.js'
      ],
      'process.runtime.version': '24.12.0',
      'process.runtime.name': 'nodejs',
      'process.runtime.description': 'Node.js',
      'process.command': 'C:\\Users\\Administrator\\.gemini\\antigravity_old\\scratch_old\\tallyme\\apps\\backend\\dist\\src\\main.js',
      'process.owner': 'Administrator',
      'service.name': 'unknown_service:node',
      'telemetry.sdk.language': 'nodejs',
      'telemetry.sdk.name': 'opentelemetry',
      'telemetry.sdk.version': '2.10.0'
    }
  },
  instrumentationScope: {
    name: '@opentelemetry/instrumentation-ioredis',
    version: '0.68.0',
    schemaUrl: undefined
  },
  traceId: '094ea94955f8057a27ef9ef69552edce',
  parentSpanContext: {
    traceId: '094ea94955f8057a27ef9ef69552edce',
    spanId: '4c79e4b0e1921bfe',
    traceFlags: 1,
    traceState: undefined
  },
  traceState: undefined,
  name: 'info',
  id: '7561f66fbb7f70c4',
  kind: 2,
  timestamp: 1784989386352000,
  duration: 6753.9,
  attributes: {
    'db.system': 'redis',
    'db.statement': 'info',
    'db.connection_string': 'redis://localhost:6380',
    'net.peer.name': 'localhost',
    'net.peer.port': 6380
  },
  status: { code: 0 },
  events: [],
  links: []
}
{
  resource: {
    attributes: {
      'host.name': 'Arunesh',
      'host.arch': 'amd64',
      'host.id': '961ee426-227a-4c11-9579-fdfc83a68919',
      'process.pid': 29064,
      'process.executable.name': 'Administrator:  C:\\WINDOWS\\system32\\cmd.exe ',
      'process.executable.path': 'C:\\Program Files\\nodejs\\node.exe',
      'process.command_args': [
        'C:\\Program Files\\nodejs\\node.exe',
        'C:\\Users\\Administrator\\.gemini\\antigravity_old\\scratch_old\\tallyme\\apps\\backend\\dist\\src\\main.js'
      ],
      'process.runtime.version': '24.12.0',
      'process.runtime.name': 'nodejs',
      'process.runtime.description': 'Node.js',
      'process.command': 'C:\\Users\\Administrator\\.gemini\\antigravity_old\\scratch_old\\tallyme\\apps\\backend\\dist\\src\\main.js',
      'process.owner': 'Administrator',
      'service.name': 'unknown_service:node',
      'telemetry.sdk.language': 'nodejs',
      'telemetry.sdk.name': 'opentelemetry',
      'telemetry.sdk.version': '2.10.0'
    }
  },
  instrumentationScope: {
    name: '@opentelemetry/instrumentation-ioredis',
    version: '0.68.0',
    schemaUrl: undefined
  },
  traceId: '094ea94955f8057a27ef9ef69552edce',
  parentSpanContext: {
    traceId: '094ea94955f8057a27ef9ef69552edce',
    spanId: '4c79e4b0e1921bfe',
    traceFlags: 1,
    traceState: undefined
  },
  traceState: undefined,
  name: 'info',
  id: '9e3e22c2cd5cbffc',
  kind: 2,
  timestamp: 1784989386352000,
  duration: 9065,
  attributes: {
    'db.system': 'redis',
    'db.statement': 'info',
    'db.connection_string': 'redis://localhost:6380',
    'net.peer.name': 'localhost',
    'net.peer.port': 6380
  },
  status: { code: 0 },
  events: [],
  links: []
}
{
  resource: {
    attributes: {
      'host.name': 'Arunesh',
      'host.arch': 'amd64',
      'host.id': '961ee426-227a-4c11-9579-fdfc83a68919',
      'process.pid': 29064,
      'process.executable.name': 'Administrator:  C:\\WINDOWS\\system32\\cmd.exe ',
      'process.executable.path': 'C:\\Program Files\\nodejs\\node.exe',
      'process.command_args': [
        'C:\\Program Files\\nodejs\\node.exe',
        'C:\\Users\\Administrator\\.gemini\\antigravity_old\\scratch_old\\tallyme\\apps\\backend\\dist\\src\\main.js'
      ],
      'process.runtime.version': '24.12.0',
      'process.runtime.name': 'nodejs',
      'process.runtime.description': 'Node.js',
      'process.command': 'C:\\Users\\Administrator\\.gemini\\antigravity_old\\scratch_old\\tallyme\\apps\\backend\\dist\\src\\main.js',
      'process.owner': 'Administrator',
      'service.name': 'unknown_service:node',
      'telemetry.sdk.language': 'nodejs',
      'telemetry.sdk.name': 'opentelemetry',
      'telemetry.sdk.version': '2.10.0'
    }
  },
  instrumentationScope: {
    name: '@opentelemetry/instrumentation-ioredis',
    version: '0.68.0',
    schemaUrl: undefined
  },
  traceId: '094ea94955f8057a27ef9ef69552edce',
  parentSpanContext: {
    traceId: '094ea94955f8057a27ef9ef69552edce',
    spanId: '4c79e4b0e1921bfe',
    traceFlags: 1,
    traceState: undefined
  },
  traceState: undefined,
  name: 'info',
  id: '11841885353e0fd3',
  kind: 2,
  timestamp: 1784989386352000,
  duration: 11390.5,
  attributes: {
    'db.system': 'redis',
    'db.statement': 'info',
    'db.connection_string': 'redis://localhost:6380',
    'net.peer.name': 'localhost',
    'net.peer.port': 6380
  },
  status: { code: 0 },
  events: [],
  links: []
}
{
  resource: {
    attributes: {
      'host.name': 'Arunesh',
      'host.arch': 'amd64',
      'host.id': '961ee426-227a-4c11-9579-fdfc83a68919',
      'process.pid': 29064,
      'process.executable.name': 'Administrator:  C:\\WINDOWS\\system32\\cmd.exe ',
      'process.executable.path': 'C:\\Program Files\\nodejs\\node.exe',
      'process.command_args': [
        'C:\\Program Files\\nodejs\\node.exe',
        'C:\\Users\\Administrator\\.gemini\\antigravity_old\\scratch_old\\tallyme\\apps\\backend\\dist\\src\\main.js'
      ],
      'process.runtime.version': '24.12.0',
      'process.runtime.name': 'nodejs',
      'process.runtime.description': 'Node.js',
      'process.command': 'C:\\Users\\Administrator\\.gemini\\antigravity_old\\scratch_old\\tallyme\\apps\\backend\\dist\\src\\main.js',
      'process.owner': 'Administrator',
      'service.name': 'unknown_service:node',
      'telemetry.sdk.language': 'nodejs',
      'telemetry.sdk.name': 'opentelemetry',
      'telemetry.sdk.version': '2.10.0'
    }
  },
  instrumentationScope: {
    name: '@opentelemetry/instrumentation-ioredis',
    version: '0.68.0',
    schemaUrl: undefined
  },
  traceId: '094ea94955f8057a27ef9ef69552edce',
  parentSpanContext: {
    traceId: '094ea94955f8057a27ef9ef69552edce',
    spanId: '4c79e4b0e1921bfe',
    traceFlags: 1,
    traceState: undefined
  },
  traceState: undefined,
  name: 'info',
  id: 'ee912f94ac22eeef',
  kind: 2,
  timestamp: 1784989386352000,
  duration: 13417.4,
  attributes: {
    'db.system': 'redis',
    'db.statement': 'info',
    'db.connection_string': 'redis://localhost:6380',
    'net.peer.name': 'localhost',
    'net.peer.port': 6380
  },
  status: { code: 0 },
  events: [],
  links: []
}
{
  resource: {
    attributes: {
      'host.name': 'Arunesh',
      'host.arch': 'amd64',
      'host.id': '961ee426-227a-4c11-9579-fdfc83a68919',
      'process.pid': 29064,
      'process.executable.name': 'Administrator:  C:\\WINDOWS\\system32\\cmd.exe ',
      'process.executable.path': 'C:\\Program Files\\nodejs\\node.exe',
      'process.command_args': [
        'C:\\Program Files\\nodejs\\node.exe',
        'C:\\Users\\Administrator\\.gemini\\antigravity_old\\scratch_old\\tallyme\\apps\\backend\\dist\\src\\main.js'
      ],
      'process.runtime.version': '24.12.0',
      'process.runtime.name': 'nodejs',
      'process.runtime.description': 'Node.js',
      'process.command': 'C:\\Users\\Administrator\\.gemini\\antigravity_old\\scratch_old\\tallyme\\apps\\backend\\dist\\src\\main.js',
      'process.owner': 'Administrator',
      'service.name': 'unknown_service:node',
      'telemetry.sdk.language': 'nodejs',
      'telemetry.sdk.name': 'opentelemetry',
      'telemetry.sdk.version': '2.10.0'
    }
  },
  instrumentationScope: {
    name: '@opentelemetry/instrumentation-ioredis',
    version: '0.68.0',
    schemaUrl: undefined
  },
  traceId: '094ea94955f8057a27ef9ef69552edce',
  parentSpanContext: {
    traceId: '094ea94955f8057a27ef9ef69552edce',
    spanId: '4c79e4b0e1921bfe',
    traceFlags: 1,
    traceState: undefined
  },
  traceState: undefined,
  name: 'info',
  id: 'a79a3b6a62acce2d',
  kind: 2,
  timestamp: 1784989386352000,
  duration: 14658.3,
  attributes: {
    'db.system': 'redis',
    'db.statement': 'info',
    'db.connection_string': 'redis://localhost:6380',
    'net.peer.name': 'localhost',
    'net.peer.port': 6380
  },
  status: { code: 0 },
  events: [],
  links: []
}
{
  resource: {
    attributes: {
      'host.name': 'Arunesh',
      'host.arch': 'amd64',
      'host.id': '961ee426-227a-4c11-9579-fdfc83a68919',
      'process.pid': 29064,
      'process.executable.name': 'Administrator:  C:\\WINDOWS\\system32\\cmd.exe ',
      'process.executable.path': 'C:\\Program Files\\nodejs\\node.exe',
      'process.command_args': [
        'C:\\Program Files\\nodejs\\node.exe',
        'C:\\Users\\Administrator\\.gemini\\antigravity_old\\scratch_old\\tallyme\\apps\\backend\\dist\\src\\main.js'
      ],
      'process.runtime.version': '24.12.0',
      'process.runtime.name': 'nodejs',
      'process.runtime.description': 'Node.js',
      'process.command': 'C:\\Users\\Administrator\\.gemini\\antigravity_old\\scratch_old\\tallyme\\apps\\backend\\dist\\src\\main.js',
      'process.owner': 'Administrator',
      'service.name': 'unknown_service:node',
      'telemetry.sdk.language': 'nodejs',
      'telemetry.sdk.name': 'opentelemetry',
      'telemetry.sdk.version': '2.10.0'
    }
  },
  instrumentationScope: {
    name: '@opentelemetry/instrumentation-ioredis',
    version: '0.68.0',
    schemaUrl: undefined
  },
  traceId: '094ea94955f8057a27ef9ef69552edce',
  parentSpanContext: {
    traceId: '094ea94955f8057a27ef9ef69552edce',
    spanId: '4c79e4b0e1921bfe',
    traceFlags: 1,
    traceState: undefined
  },
  traceState: undefined,
  name: 'info',
  id: '061d3f90593395c8',
  kind: 2,
  timestamp: 1784989386352000,
  duration: 17240.5,
  attributes: {
    'db.system': 'redis',
    'db.statement': 'info',
    'db.connection_string': 'redis://localhost:6380',
    'net.peer.name': 'localhost',
    'net.peer.port': 6380
  },
  status: { code: 0 },
  events: [],
  links: []
}
{
  resource: {
    attributes: {
      'host.name': 'Arunesh',
      'host.arch': 'amd64',
      'host.id': '961ee426-227a-4c11-9579-fdfc83a68919',
      'process.pid': 29064,
      'process.executable.name': 'Administrator:  C:\\WINDOWS\\system32\\cmd.exe ',
      'process.executable.path': 'C:\\Program Files\\nodejs\\node.exe',
      'process.command_args': [
        'C:\\Program Files\\nodejs\\node.exe',
        'C:\\Users\\Administrator\\.gemini\\antigravity_old\\scratch_old\\tallyme\\apps\\backend\\dist\\src\\main.js'
      ],
      'process.runtime.version': '24.12.0',
      'process.runtime.name': 'nodejs',
      'process.runtime.description': 'Node.js',
      'process.command': 'C:\\Users\\Administrator\\.gemini\\antigravity_old\\scratch_old\\tallyme\\apps\\backend\\dist\\src\\main.js',
      'process.owner': 'Administrator',
      'service.name': 'unknown_service:node',
      'telemetry.sdk.language': 'nodejs',
      'telemetry.sdk.name': 'opentelemetry',
      'telemetry.sdk.version': '2.10.0'
    }
  },
  instrumentationScope: {
    name: '@opentelemetry/instrumentation-ioredis',
    version: '0.68.0',
    schemaUrl: undefined
  },
  traceId: '094ea94955f8057a27ef9ef69552edce',
  parentSpanContext: {
    traceId: '094ea94955f8057a27ef9ef69552edce',
    spanId: '4c79e4b0e1921bfe',
    traceFlags: 1,
    traceState: undefined
  },
  traceState: undefined,
  name: 'info',
  id: '7278d96e1fd3121e',
  kind: 2,
  timestamp: 1784989386352000,
  duration: 19375.2,
  attributes: {
    'db.system': 'redis',
    'db.statement': 'info',
    'db.connection_string': 'redis://localhost:6380',
    'net.peer.name': 'localhost',
    'net.peer.port': 6380
  },
  status: { code: 0 },
  events: [],
  links: []
}
{
  resource: {
    attributes: {
      'host.name': 'Arunesh',
      'host.arch': 'amd64',
      'host.id': '961ee426-227a-4c11-9579-fdfc83a68919',
      'process.pid': 29064,
      'process.executable.name': 'Administrator:  C:\\WINDOWS\\system32\\cmd.exe ',
      'process.executable.path': 'C:\\Program Files\\nodejs\\node.exe',
      'process.command_args': [
        'C:\\Program Files\\nodejs\\node.exe',
        'C:\\Users\\Administrator\\.gemini\\antigravity_old\\scratch_old\\tallyme\\apps\\backend\\dist\\src\\main.js'
      ],
      'process.runtime.version': '24.12.0',
      'process.runtime.name': 'nodejs',
      'process.runtime.description': 'Node.js',
      'process.command': 'C:\\Users\\Administrator\\.gemini\\antigravity_old\\scratch_old\\tallyme\\apps\\backend\\dist\\src\\main.js',
      'process.owner': 'Administrator',
      'service.name': 'unknown_service:node',
      'telemetry.sdk.language': 'nodejs',
      'telemetry.sdk.name': 'opentelemetry',
      'telemetry.sdk.version': '2.10.0'
    }
  },
  instrumentationScope: {
    name: '@opentelemetry/instrumentation-ioredis',
    version: '0.68.0',
    schemaUrl: undefined
  },
  traceId: '094ea94955f8057a27ef9ef69552edce',
  parentSpanContext: {
    traceId: '094ea94955f8057a27ef9ef69552edce',
    spanId: '4c79e4b0e1921bfe',
    traceFlags: 1,
    traceState: undefined
  },
  traceState: undefined,
  name: 'info',
  id: 'c1359b3cd3f85a97',
  kind: 2,
  timestamp: 1784989386352000,
  duration: 21479.1,
  attributes: {
    'db.system': 'redis',
    'db.statement': 'info',
    'db.connection_string': 'redis://localhost:6380',
    'net.peer.name': 'localhost',
    'net.peer.port': 6380
  },
  status: { code: 0 },
  events: [],
  links: []
}
{
  resource: {
    attributes: {
      'host.name': 'Arunesh',
      'host.arch': 'amd64',
      'host.id': '961ee426-227a-4c11-9579-fdfc83a68919',
      'process.pid': 29064,
      'process.executable.name': 'Administrator:  C:\\WINDOWS\\system32\\cmd.exe ',
      'process.executable.path': 'C:\\Program Files\\nodejs\\node.exe',
      'process.command_args': [
        'C:\\Program Files\\nodejs\\node.exe',
        'C:\\Users\\Administrator\\.gemini\\antigravity_old\\scratch_old\\tallyme\\apps\\backend\\dist\\src\\main.js'
      ],
      'process.runtime.version': '24.12.0',
      'process.runtime.name': 'nodejs',
      'process.runtime.description': 'Node.js',
      'process.command': 'C:\\Users\\Administrator\\.gemini\\antigravity_old\\scratch_old\\tallyme\\apps\\backend\\dist\\src\\main.js',
      'process.owner': 'Administrator',
      'service.name': 'unknown_service:node',
      'telemetry.sdk.language': 'nodejs',
      'telemetry.sdk.name': 'opentelemetry',
      'telemetry.sdk.version': '2.10.0'
    }
  },
  instrumentationScope: {
    name: '@opentelemetry/instrumentation-ioredis',
    version: '0.68.0',
    schemaUrl: undefined
  },
  traceId: '094ea94955f8057a27ef9ef69552edce',
  parentSpanContext: {
    traceId: '094ea94955f8057a27ef9ef69552edce',
    spanId: '4c79e4b0e1921bfe',
    traceFlags: 1,
    traceState: undefined
  },
  traceState: undefined,
  name: 'info',
  id: 'd4cf90073c88de63',
  kind: 2,
  timestamp: 1784989386353000,
  duration: 25416.3,
  attributes: {
    'db.system': 'redis',
    'db.statement': 'info',
    'db.connection_string': 'redis://localhost:6380',
    'net.peer.name': 'localhost',
    'net.peer.port': 6380
  },
  status: { code: 0 },
  events: [],
  links: []
}
{
  resource: {
    attributes: {
      'host.name': 'Arunesh',
      'host.arch': 'amd64',
      'host.id': '961ee426-227a-4c11-9579-fdfc83a68919',
      'process.pid': 29064,
      'process.executable.name': 'Administrator:  C:\\WINDOWS\\system32\\cmd.exe ',
      'process.executable.path': 'C:\\Program Files\\nodejs\\node.exe',
      'process.command_args': [
        'C:\\Program Files\\nodejs\\node.exe',
        'C:\\Users\\Administrator\\.gemini\\antigravity_old\\scratch_old\\tallyme\\apps\\backend\\dist\\src\\main.js'
      ],
      'process.runtime.version': '24.12.0',
      'process.runtime.name': 'nodejs',
      'process.runtime.description': 'Node.js',
      'process.command': 'C:\\Users\\Administrator\\.gemini\\antigravity_old\\scratch_old\\tallyme\\apps\\backend\\dist\\src\\main.js',
      'process.owner': 'Administrator',
      'service.name': 'unknown_service:node',
      'telemetry.sdk.language': 'nodejs',
      'telemetry.sdk.name': 'opentelemetry',
      'telemetry.sdk.version': '2.10.0'
    }
  },
  instrumentationScope: {
    name: '@opentelemetry/instrumentation-ioredis',
    version: '0.68.0',
    schemaUrl: undefined
  },
  traceId: '094ea94955f8057a27ef9ef69552edce',
  parentSpanContext: {
    traceId: '094ea94955f8057a27ef9ef69552edce',
    spanId: '4c79e4b0e1921bfe',
    traceFlags: 1,
    traceState: undefined
  },
  traceState: undefined,
  name: 'info',
  id: '0efd74c6d9ea9791',
  kind: 2,
  timestamp: 1784989386353000,
  duration: 27460.7,
  attributes: {
    'db.system': 'redis',
    'db.statement': 'info',
    'db.connection_string': 'redis://localhost:6380',
    'net.peer.name': 'localhost',
    'net.peer.port': 6380
  },
  status: { code: 0 },
  events: [],
  links: []
}
{
  resource: {
    attributes: {
      'host.name': 'Arunesh',
      'host.arch': 'amd64',
      'host.id': '961ee426-227a-4c11-9579-fdfc83a68919',
      'process.pid': 29064,
      'process.executable.name': 'Administrator:  C:\\WINDOWS\\system32\\cmd.exe ',
      'process.executable.path': 'C:\\Program Files\\nodejs\\node.exe',
      'process.command_args': [
        'C:\\Program Files\\nodejs\\node.exe',
        'C:\\Users\\Administrator\\.gemini\\antigravity_old\\scratch_old\\tallyme\\apps\\backend\\dist\\src\\main.js'
      ],
      'process.runtime.version': '24.12.0',
      'process.runtime.name': 'nodejs',
      'process.runtime.description': 'Node.js',
      'process.command': 'C:\\Users\\Administrator\\.gemini\\antigravity_old\\scratch_old\\tallyme\\apps\\backend\\dist\\src\\main.js',
      'process.owner': 'Administrator',
      'service.name': 'unknown_service:node',
      'telemetry.sdk.language': 'nodejs',
      'telemetry.sdk.name': 'opentelemetry',
      'telemetry.sdk.version': '2.10.0'
    }
  },
  instrumentationScope: {
    name: '@opentelemetry/instrumentation-ioredis',
    version: '0.68.0',
    schemaUrl: undefined
  },
  traceId: '094ea94955f8057a27ef9ef69552edce',
  parentSpanContext: {
    traceId: '094ea94955f8057a27ef9ef69552edce',
    spanId: '4c79e4b0e1921bfe',
    traceFlags: 1,
    traceState: undefined
  },
  traceState: undefined,
  name: 'info',
  id: 'ff36f42e67c26f48',
  kind: 2,
  timestamp: 1784989386354000,
  duration: 28234.2,
  attributes: {
    'db.system': 'redis',
    'db.statement': 'info',
    'db.connection_string': 'redis://localhost:6380',
    'net.peer.name': 'localhost',
    'net.peer.port': 6380
  },
  status: { code: 0 },
  events: [],
  links: []
}
{
  resource: {
    attributes: {
      'host.name': 'Arunesh',
      'host.arch': 'amd64',
      'host.id': '961ee426-227a-4c11-9579-fdfc83a68919',
      'process.pid': 29064,
      'process.executable.name': 'Administrator:  C:\\WINDOWS\\system32\\cmd.exe ',
      'process.executable.path': 'C:\\Program Files\\nodejs\\node.exe',
      'process.command_args': [
        'C:\\Program Files\\nodejs\\node.exe',
        'C:\\Users\\Administrator\\.gemini\\antigravity_old\\scratch_old\\tallyme\\apps\\backend\\dist\\src\\main.js'
      ],
      'process.runtime.version': '24.12.0',
      'process.runtime.name': 'nodejs',
      'process.runtime.description': 'Node.js',
      'process.command': 'C:\\Users\\Administrator\\.gemini\\antigravity_old\\scratch_old\\tallyme\\apps\\backend\\dist\\src\\main.js',
      'process.owner': 'Administrator',
      'service.name': 'unknown_service:node',
      'telemetry.sdk.language': 'nodejs',
      'telemetry.sdk.name': 'opentelemetry',
      'telemetry.sdk.version': '2.10.0'
    }
  },
  instrumentationScope: {
    name: '@opentelemetry/instrumentation-ioredis',
    version: '0.68.0',
    schemaUrl: undefined
  },
  traceId: '094ea94955f8057a27ef9ef69552edce',
  parentSpanContext: {
    traceId: '094ea94955f8057a27ef9ef69552edce',
    spanId: '4c79e4b0e1921bfe',
    traceFlags: 1,
    traceState: undefined
  },
  traceState: undefined,
  name: 'info',
  id: '1f2d310fe27b4b35',
  kind: 2,
  timestamp: 1784989386358000,
  duration: 26760.8,
  attributes: {
    'db.system': 'redis',
    'db.statement': 'info',
    'db.connection_string': 'redis://localhost:6380',
    'net.peer.name': 'localhost',
    'net.peer.port': 6380
  },
  status: { code: 0 },
  events: [],
  links: []
}
{
  resource: {
    attributes: {
      'host.name': 'Arunesh',
      'host.arch': 'amd64',
      'host.id': '961ee426-227a-4c11-9579-fdfc83a68919',
      'process.pid': 29064,
      'process.executable.name': 'Administrator:  C:\\WINDOWS\\system32\\cmd.exe ',
      'process.executable.path': 'C:\\Program Files\\nodejs\\node.exe',
      'process.command_args': [
        'C:\\Program Files\\nodejs\\node.exe',
        'C:\\Users\\Administrator\\.gemini\\antigravity_old\\scratch_old\\tallyme\\apps\\backend\\dist\\src\\main.js'
      ],
      'process.runtime.version': '24.12.0',
      'process.runtime.name': 'nodejs',
      'process.runtime.description': 'Node.js',
      'process.command': 'C:\\Users\\Administrator\\.gemini\\antigravity_old\\scratch_old\\tallyme\\apps\\backend\\dist\\src\\main.js',
      'process.owner': 'Administrator',
      'service.name': 'unknown_service:node',
      'telemetry.sdk.language': 'nodejs',
      'telemetry.sdk.name': 'opentelemetry',
      'telemetry.sdk.version': '2.10.0'
    }
  },
  instrumentationScope: {
    name: '@opentelemetry/instrumentation-ioredis',
    version: '0.68.0',
    schemaUrl: undefined
  },
  traceId: '094ea94955f8057a27ef9ef69552edce',
  parentSpanContext: {
    traceId: '094ea94955f8057a27ef9ef69552edce',
    spanId: '4c79e4b0e1921bfe',
    traceFlags: 1,
    traceState: undefined
  },
  traceState: undefined,
  name: 'info',
  id: 'be714886b3ba47df',
  kind: 2,
  timestamp: 1784989386360000,
  duration: 26249.8,
  attributes: {
    'db.system': 'redis',
    'db.statement': 'info',
    'db.connection_string': 'redis://localhost:6380',
    'net.peer.name': 'localhost',
    'net.peer.port': 6380
  },
  status: { code: 0 },
  events: [],
  links: []
}
{
  resource: {
    attributes: {
      'host.name': 'Arunesh',
      'host.arch': 'amd64',
      'host.id': '961ee426-227a-4c11-9579-fdfc83a68919',
      'process.pid': 29064,
      'process.executable.name': 'Administrator:  C:\\WINDOWS\\system32\\cmd.exe ',
      'process.executable.path': 'C:\\Program Files\\nodejs\\node.exe',
      'process.command_args': [
        'C:\\Program Files\\nodejs\\node.exe',
        'C:\\Users\\Administrator\\.gemini\\antigravity_old\\scratch_old\\tallyme\\apps\\backend\\dist\\src\\main.js'
      ],
      'process.runtime.version': '24.12.0',
      'process.runtime.name': 'nodejs',
      'process.runtime.description': 'Node.js',
      'process.command': 'C:\\Users\\Administrator\\.gemini\\antigravity_old\\scratch_old\\tallyme\\apps\\backend\\dist\\src\\main.js',
      'process.owner': 'Administrator',
      'service.name': 'unknown_service:node',
      'telemetry.sdk.language': 'nodejs',
      'telemetry.sdk.name': 'opentelemetry',
      'telemetry.sdk.version': '2.10.0'
    }
  },
  instrumentationScope: {
    name: '@opentelemetry/instrumentation-ioredis',
    version: '0.68.0',
    schemaUrl: undefined
  },
  traceId: '094ea94955f8057a27ef9ef69552edce',
  parentSpanContext: {
    traceId: '094ea94955f8057a27ef9ef69552edce',
    spanId: '4c79e4b0e1921bfe',
    traceFlags: 1,
    traceState: undefined
  },
  traceState: undefined,
  name: 'info',
  id: '847f0313fe8475c9',
  kind: 2,
  timestamp: 1784989386363000,
  duration: 24364.7,
  attributes: {
    'db.system': 'redis',
    'db.statement': 'info',
    'db.connection_string': 'redis://localhost:6380',
    'net.peer.name': 'localhost',
    'net.peer.port': 6380
  },
  status: { code: 0 },
  events: [],
  links: []
}
{
  resource: {
    attributes: {
      'host.name': 'Arunesh',
      'host.arch': 'amd64',
      'host.id': '961ee426-227a-4c11-9579-fdfc83a68919',
      'process.pid': 29064,
      'process.executable.name': 'Administrator:  C:\\WINDOWS\\system32\\cmd.exe ',
      'process.executable.path': 'C:\\Program Files\\nodejs\\node.exe',
      'process.command_args': [
        'C:\\Program Files\\nodejs\\node.exe',
        'C:\\Users\\Administrator\\.gemini\\antigravity_old\\scratch_old\\tallyme\\apps\\backend\\dist\\src\\main.js'
      ],
      'process.runtime.version': '24.12.0',
      'process.runtime.name': 'nodejs',
      'process.runtime.description': 'Node.js',
      'process.command': 'C:\\Users\\Administrator\\.gemini\\antigravity_old\\scratch_old\\tallyme\\apps\\backend\\dist\\src\\main.js',
      'process.owner': 'Administrator',
      'service.name': 'unknown_service:node',
      'telemetry.sdk.language': 'nodejs',
      'telemetry.sdk.name': 'opentelemetry',
      'telemetry.sdk.version': '2.10.0'
    }
  },
  instrumentationScope: {
    name: '@opentelemetry/instrumentation-ioredis',
    version: '0.68.0',
    schemaUrl: undefined
  },
  traceId: '094ea94955f8057a27ef9ef69552edce',
  parentSpanContext: {
    traceId: '094ea94955f8057a27ef9ef69552edce',
    spanId: '4c79e4b0e1921bfe',
    traceFlags: 1,
    traceState: undefined
  },
  traceState: undefined,
  name: 'info',
  id: 'f1dc21800ea75003',
  kind: 2,
  timestamp: 1784989386365000,
  duration: 23090.5,
  attributes: {
    'db.system': 'redis',
    'db.statement': 'info',
    'db.connection_string': 'redis://localhost:6380',
    'net.peer.name': 'localhost',
    'net.peer.port': 6380
  },
  status: { code: 0 },
  events: [],
  links: []
}
{
  resource: {
    attributes: {
      'host.name': 'Arunesh',
      'host.arch': 'amd64',
      'host.id': '961ee426-227a-4c11-9579-fdfc83a68919',
      'process.pid': 29064,
      'process.executable.name': 'Administrator:  C:\\WINDOWS\\system32\\cmd.exe ',
      'process.executable.path': 'C:\\Program Files\\nodejs\\node.exe',
      'process.command_args': [
        'C:\\Program Files\\nodejs\\node.exe',
        'C:\\Users\\Administrator\\.gemini\\antigravity_old\\scratch_old\\tallyme\\apps\\backend\\dist\\src\\main.js'
      ],
      'process.runtime.version': '24.12.0',
      'process.runtime.name': 'nodejs',
      'process.runtime.description': 'Node.js',
      'process.command': 'C:\\Users\\Administrator\\.gemini\\antigravity_old\\scratch_old\\tallyme\\apps\\backend\\dist\\src\\main.js',
      'process.owner': 'Administrator',
      'service.name': 'unknown_service:node',
      'telemetry.sdk.language': 'nodejs',
      'telemetry.sdk.name': 'opentelemetry',
      'telemetry.sdk.version': '2.10.0'
    }
  },
  instrumentationScope: {
    name: '@opentelemetry/instrumentation-ioredis',
    version: '0.68.0',
    schemaUrl: undefined
  },
  traceId: '094ea94955f8057a27ef9ef69552edce',
  parentSpanContext: {
    traceId: '094ea94955f8057a27ef9ef69552edce',
    spanId: '4c79e4b0e1921bfe',
    traceFlags: 1,
    traceState: undefined
  },
  traceState: undefined,
  name: 'info',
  id: 'f7617010c2553c77',
  kind: 2,
  timestamp: 1784989386367000,
  duration: 59344.9,
  attributes: {
    'db.system': 'redis',
    'db.statement': 'info',
    'db.connection_string': 'redis://localhost:6380',
    'net.peer.name': 'localhost',
    'net.peer.port': 6380
  },
  status: { code: 0 },
  events: [],
  links: []
}
{
  resource: {
    attributes: {
      'host.name': 'Arunesh',
      'host.arch': 'amd64',
      'host.id': '961ee426-227a-4c11-9579-fdfc83a68919',
      'process.pid': 29064,
      'process.executable.name': 'Administrator:  C:\\WINDOWS\\system32\\cmd.exe ',
      'process.executable.path': 'C:\\Program Files\\nodejs\\node.exe',
      'process.command_args': [
        'C:\\Program Files\\nodejs\\node.exe',
        'C:\\Users\\Administrator\\.gemini\\antigravity_old\\scratch_old\\tallyme\\apps\\backend\\dist\\src\\main.js'
      ],
      'process.runtime.version': '24.12.0',
      'process.runtime.name': 'nodejs',
      'process.runtime.description': 'Node.js',
      'process.command': 'C:\\Users\\Administrator\\.gemini\\antigravity_old\\scratch_old\\tallyme\\apps\\backend\\dist\\src\\main.js',
      'process.owner': 'Administrator',
      'service.name': 'unknown_service:node',
      'telemetry.sdk.language': 'nodejs',
      'telemetry.sdk.name': 'opentelemetry',
      'telemetry.sdk.version': '2.10.0'
    }
  },
  instrumentationScope: {
    name: '@opentelemetry/instrumentation-ioredis',
    version: '0.68.0',
    schemaUrl: undefined
  },
  traceId: '094ea94955f8057a27ef9ef69552edce',
  parentSpanContext: {
    traceId: '094ea94955f8057a27ef9ef69552edce',
    spanId: '4c79e4b0e1921bfe',
    traceFlags: 1,
    traceState: undefined
  },
  traceState: undefined,
  name: 'info',
  id: '6ae19cbf4a89cfc4',
  kind: 2,
  timestamp: 1784989386369000,
  duration: 57857.4,
  attributes: {
    'db.system': 'redis',
    'db.statement': 'info',
    'db.connection_string': 'redis://localhost:6380',
    'net.peer.name': 'localhost',
    'net.peer.port': 6380
  },
  status: { code: 0 },
  events: [],
  links: []
}
{
  resource: {
    attributes: {
      'host.name': 'Arunesh',
      'host.arch': 'amd64',
      'host.id': '961ee426-227a-4c11-9579-fdfc83a68919',
      'process.pid': 29064,
      'process.executable.name': 'Administrator:  C:\\WINDOWS\\system32\\cmd.exe ',
      'process.executable.path': 'C:\\Program Files\\nodejs\\node.exe',
      'process.command_args': [
        'C:\\Program Files\\nodejs\\node.exe',
        'C:\\Users\\Administrator\\.gemini\\antigravity_old\\scratch_old\\tallyme\\apps\\backend\\dist\\src\\main.js'
      ],
      'process.runtime.version': '24.12.0',
      'process.runtime.name': 'nodejs',
      'process.runtime.description': 'Node.js',
      'process.command': 'C:\\Users\\Administrator\\.gemini\\antigravity_old\\scratch_old\\tallyme\\apps\\backend\\dist\\src\\main.js',
      'process.owner': 'Administrator',
      'service.name': 'unknown_service:node',
      'telemetry.sdk.language': 'nodejs',
      'telemetry.sdk.name': 'opentelemetry',
      'telemetry.sdk.version': '2.10.0'
    }
  },
  instrumentationScope: {
    name: '@opentelemetry/instrumentation-ioredis',
    version: '0.68.0',
    schemaUrl: undefined
  },
  traceId: '094ea94955f8057a27ef9ef69552edce',
  parentSpanContext: {
    traceId: '094ea94955f8057a27ef9ef69552edce',
    spanId: '4c79e4b0e1921bfe',
    traceFlags: 1,
    traceState: undefined
  },
  traceState: undefined,
  name: 'info',
  id: '47d85ccf3367967c',
  kind: 2,
  timestamp: 1784989386372000,
  duration: 55664.9,
  attributes: {
    'db.system': 'redis',
    'db.statement': 'info',
    'db.connection_string': 'redis://localhost:6380',
    'net.peer.name': 'localhost',
    'net.peer.port': 6380
  },
  status: { code: 0 },
  events: [],
  links: []
}
{
  resource: {
    attributes: {
      'host.name': 'Arunesh',
      'host.arch': 'amd64',
      'host.id': '961ee426-227a-4c11-9579-fdfc83a68919',
      'process.pid': 29064,
      'process.executable.name': 'Administrator:  C:\\WINDOWS\\system32\\cmd.exe ',
      'process.executable.path': 'C:\\Program Files\\nodejs\\node.exe',
      'process.command_args': [
        'C:\\Program Files\\nodejs\\node.exe',
        'C:\\Users\\Administrator\\.gemini\\antigravity_old\\scratch_old\\tallyme\\apps\\backend\\dist\\src\\main.js'
      ],
      'process.runtime.version': '24.12.0',
      'process.runtime.name': 'nodejs',
      'process.runtime.description': 'Node.js',
      'process.command': 'C:\\Users\\Administrator\\.gemini\\antigravity_old\\scratch_old\\tallyme\\apps\\backend\\dist\\src\\main.js',
      'process.owner': 'Administrator',
      'service.name': 'unknown_service:node',
      'telemetry.sdk.language': 'nodejs',
      'telemetry.sdk.name': 'opentelemetry',
      'telemetry.sdk.version': '2.10.0'
    }
  },
  instrumentationScope: {
    name: '@opentelemetry/instrumentation-ioredis',
    version: '0.68.0',
    schemaUrl: undefined
  },
  traceId: '094ea94955f8057a27ef9ef69552edce',
  parentSpanContext: {
    traceId: '094ea94955f8057a27ef9ef69552edce',
    spanId: '4c79e4b0e1921bfe',
    traceFlags: 1,
    traceState: undefined
  },
  traceState: undefined,
  name: 'info',
  id: '48e626789869a9c7',
  kind: 2,
  timestamp: 1784989386374000,
  duration: 54225,
  attributes: {
    'db.system': 'redis',
    'db.statement': 'info',
    'db.connection_string': 'redis://localhost:6380',
    'net.peer.name': 'localhost',
    'net.peer.port': 6380
  },
  status: { code: 0 },
  events: [],
  links: []
}
{
  resource: {
    attributes: {
      'host.name': 'Arunesh',
      'host.arch': 'amd64',
      'host.id': '961ee426-227a-4c11-9579-fdfc83a68919',
      'process.pid': 29064,
      'process.executable.name': 'Administrator:  C:\\WINDOWS\\system32\\cmd.exe ',
      'process.executable.path': 'C:\\Program Files\\nodejs\\node.exe',
      'process.command_args': [
        'C:\\Program Files\\nodejs\\node.exe',
        'C:\\Users\\Administrator\\.gemini\\antigravity_old\\scratch_old\\tallyme\\apps\\backend\\dist\\src\\main.js'
      ],
      'process.runtime.version': '24.12.0',
      'process.runtime.name': 'nodejs',
      'process.runtime.description': 'Node.js',
      'process.command': 'C:\\Users\\Administrator\\.gemini\\antigravity_old\\scratch_old\\tallyme\\apps\\backend\\dist\\src\\main.js',
      'process.owner': 'Administrator',
      'service.name': 'unknown_service:node',
      'telemetry.sdk.language': 'nodejs',
      'telemetry.sdk.name': 'opentelemetry',
      'telemetry.sdk.version': '2.10.0'
    }
  },
  instrumentationScope: {
    name: '@opentelemetry/instrumentation-ioredis',
    version: '0.68.0',
    schemaUrl: undefined
  },
  traceId: '094ea94955f8057a27ef9ef69552edce',
  parentSpanContext: {
    traceId: '094ea94955f8057a27ef9ef69552edce',
    spanId: '4c79e4b0e1921bfe',
    traceFlags: 1,
    traceState: undefined
  },
  traceState: undefined,
  name: 'info',
  id: '364c97cdf71b6ab2',
  kind: 2,
  timestamp: 1784989386376000,
  duration: 52731.4,
  attributes: {
    'db.system': 'redis',
    'db.statement': 'info',
    'db.connection_string': 'redis://localhost:6380',
    'net.peer.name': 'localhost',
    'net.peer.port': 6380
  },
  status: { code: 0 },
  events: [],
  links: []
}
{
  resource: {
    attributes: {
      'host.name': 'Arunesh',
      'host.arch': 'amd64',
      'host.id': '961ee426-227a-4c11-9579-fdfc83a68919',
      'process.pid': 29064,
      'process.executable.name': 'Administrator:  C:\\WINDOWS\\system32\\cmd.exe ',
      'process.executable.path': 'C:\\Program Files\\nodejs\\node.exe',
      'process.command_args': [
        'C:\\Program Files\\nodejs\\node.exe',
        'C:\\Users\\Administrator\\.gemini\\antigravity_old\\scratch_old\\tallyme\\apps\\backend\\dist\\src\\main.js'
      ],
      'process.runtime.version': '24.12.0',
      'process.runtime.name': 'nodejs',
      'process.runtime.description': 'Node.js',
      'process.command': 'C:\\Users\\Administrator\\.gemini\\antigravity_old\\scratch_old\\tallyme\\apps\\backend\\dist\\src\\main.js',
      'process.owner': 'Administrator',
      'service.name': 'unknown_service:node',
      'telemetry.sdk.language': 'nodejs',
      'telemetry.sdk.name': 'opentelemetry',
      'telemetry.sdk.version': '2.10.0'
    }
  },
  instrumentationScope: {
    name: '@opentelemetry/instrumentation-ioredis',
    version: '0.68.0',
    schemaUrl: undefined
  },
  traceId: '094ea94955f8057a27ef9ef69552edce',
  parentSpanContext: {
    traceId: '094ea94955f8057a27ef9ef69552edce',
    spanId: '4c79e4b0e1921bfe',
    traceFlags: 1,
    traceState: undefined
  },
  traceState: undefined,
  name: 'info',
  id: '7ad0f977dcd862a2',
  kind: 2,
  timestamp: 1784989386380000,
  duration: 48809.7,
  attributes: {
    'db.system': 'redis',
    'db.statement': 'info',
    'db.connection_string': 'redis://localhost:6380',
    'net.peer.name': 'localhost',
    'net.peer.port': 6380
  },
  status: { code: 0 },
  events: [],
  links: []
}
{
  resource: {
    attributes: {
      'host.name': 'Arunesh',
      'host.arch': 'amd64',
      'host.id': '961ee426-227a-4c11-9579-fdfc83a68919',
      'process.pid': 29064,
      'process.executable.name': 'Administrator:  C:\\WINDOWS\\system32\\cmd.exe ',
      'process.executable.path': 'C:\\Program Files\\nodejs\\node.exe',
      'process.command_args': [
        'C:\\Program Files\\nodejs\\node.exe',
        'C:\\Users\\Administrator\\.gemini\\antigravity_old\\scratch_old\\tallyme\\apps\\backend\\dist\\src\\main.js'
      ],
      'process.runtime.version': '24.12.0',
      'process.runtime.name': 'nodejs',
      'process.runtime.description': 'Node.js',
      'process.command': 'C:\\Users\\Administrator\\.gemini\\antigravity_old\\scratch_old\\tallyme\\apps\\backend\\dist\\src\\main.js',
      'process.owner': 'Administrator',
      'service.name': 'unknown_service:node',
      'telemetry.sdk.language': 'nodejs',
      'telemetry.sdk.name': 'opentelemetry',
      'telemetry.sdk.version': '2.10.0'
    }
  },
  instrumentationScope: {
    name: '@opentelemetry/instrumentation-ioredis',
    version: '0.68.0',
    schemaUrl: undefined
  },
  traceId: '094ea94955f8057a27ef9ef69552edce',
  parentSpanContext: {
    traceId: '094ea94955f8057a27ef9ef69552edce',
    spanId: '4c79e4b0e1921bfe',
    traceFlags: 1,
    traceState: undefined
  },
  traceState: undefined,
  name: 'info',
  id: 'b1156e2edee21766',
  kind: 2,
  timestamp: 1784989386382000,
  duration: 47857.8,
  attributes: {
    'db.system': 'redis',
    'db.statement': 'info',
    'db.connection_string': 'redis://localhost:6380',
    'net.peer.name': 'localhost',
    'net.peer.port': 6380
  },
  status: { code: 0 },
  events: [],
  links: []
}
{
  resource: {
    attributes: {
      'host.name': 'Arunesh',
      'host.arch': 'amd64',
      'host.id': '961ee426-227a-4c11-9579-fdfc83a68919',
      'process.pid': 29064,
      'process.executable.name': 'Administrator:  C:\\WINDOWS\\system32\\cmd.exe ',
      'process.executable.path': 'C:\\Program Files\\nodejs\\node.exe',
      'process.command_args': [
        'C:\\Program Files\\nodejs\\node.exe',
        'C:\\Users\\Administrator\\.gemini\\antigravity_old\\scratch_old\\tallyme\\apps\\backend\\dist\\src\\main.js'
      ],
      'process.runtime.version': '24.12.0',
      'process.runtime.name': 'nodejs',
      'process.runtime.description': 'Node.js',
      'process.command': 'C:\\Users\\Administrator\\.gemini\\antigravity_old\\scratch_old\\tallyme\\apps\\backend\\dist\\src\\main.js',
      'process.owner': 'Administrator',
      'service.name': 'unknown_service:node',
      'telemetry.sdk.language': 'nodejs',
      'telemetry.sdk.name': 'opentelemetry',
      'telemetry.sdk.version': '2.10.0'
    }
  },
  instrumentationScope: {
    name: '@opentelemetry/instrumentation-ioredis',
    version: '0.68.0',
    schemaUrl: undefined
  },
  traceId: '094ea94955f8057a27ef9ef69552edce',
  parentSpanContext: {
    traceId: '094ea94955f8057a27ef9ef69552edce',
    spanId: '4c79e4b0e1921bfe',
    traceFlags: 1,
    traceState: undefined
  },
  traceState: undefined,
  name: 'info',
  id: '2098a69ed4706c54',
  kind: 2,
  timestamp: 1784989386383000,
  duration: 46411.8,
  attributes: {
    'db.system': 'redis',
    'db.statement': 'info',
    'db.connection_string': 'redis://localhost:6380',
    'net.peer.name': 'localhost',
    'net.peer.port': 6380
  },
  status: { code: 0 },
  events: [],
  links: []
}
{
  resource: {
    attributes: {
      'host.name': 'Arunesh',
      'host.arch': 'amd64',
      'host.id': '961ee426-227a-4c11-9579-fdfc83a68919',
      'process.pid': 29064,
      'process.executable.name': 'Administrator:  C:\\WINDOWS\\system32\\cmd.exe ',
      'process.executable.path': 'C:\\Program Files\\nodejs\\node.exe',
      'process.command_args': [
        'C:\\Program Files\\nodejs\\node.exe',
        'C:\\Users\\Administrator\\.gemini\\antigravity_old\\scratch_old\\tallyme\\apps\\backend\\dist\\src\\main.js'
      ],
      'process.runtime.version': '24.12.0',
      'process.runtime.name': 'nodejs',
      'process.runtime.description': 'Node.js',
      'process.command': 'C:\\Users\\Administrator\\.gemini\\antigravity_old\\scratch_old\\tallyme\\apps\\backend\\dist\\src\\main.js',
      'process.owner': 'Administrator',
      'service.name': 'unknown_service:node',
      'telemetry.sdk.language': 'nodejs',
      'telemetry.sdk.name': 'opentelemetry',
      'telemetry.sdk.version': '2.10.0'
    }
  },
  instrumentationScope: {
    name: '@opentelemetry/instrumentation-ioredis',
    version: '0.68.0',
    schemaUrl: undefined
  },
  traceId: '094ea94955f8057a27ef9ef69552edce',
  parentSpanContext: {
    traceId: '094ea94955f8057a27ef9ef69552edce',
    spanId: '4c79e4b0e1921bfe',
    traceFlags: 1,
    traceState: undefined
  },
  traceState: undefined,
  name: 'hset',
  id: '440f956192250204',
  kind: 2,
  timestamp: 1784989386386000,
  duration: 48424.4,
  attributes: {
    'db.system': 'redis',
    'db.statement': 'hset tallyme:bull:erp-verify-queue:meta opts.maxLenEvents [3 other arguments]',
    'db.connection_string': 'redis://localhost:6380',
    'net.peer.name': 'localhost',
    'net.peer.port': 6380
  },
  status: { code: 0 },
  events: [],
  links: []
}
{
  resource: {
    attributes: {
      'host.name': 'Arunesh',
      'host.arch': 'amd64',
      'host.id': '961ee426-227a-4c11-9579-fdfc83a68919',
      'process.pid': 29064,
      'process.executable.name': 'Administrator:  C:\\WINDOWS\\system32\\cmd.exe ',
      'process.executable.path': 'C:\\Program Files\\nodejs\\node.exe',
      'process.command_args': [
        'C:\\Program Files\\nodejs\\node.exe',
        'C:\\Users\\Administrator\\.gemini\\antigravity_old\\scratch_old\\tallyme\\apps\\backend\\dist\\src\\main.js'
      ],
      'process.runtime.version': '24.12.0',
      'process.runtime.name': 'nodejs',
      'process.runtime.description': 'Node.js',
      'process.command': 'C:\\Users\\Administrator\\.gemini\\antigravity_old\\scratch_old\\tallyme\\apps\\backend\\dist\\src\\main.js',
      'process.owner': 'Administrator',
      'service.name': 'unknown_service:node',
      'telemetry.sdk.language': 'nodejs',
      'telemetry.sdk.name': 'opentelemetry',
      'telemetry.sdk.version': '2.10.0'
    }
  },
  instrumentationScope: {
    name: '@opentelemetry/instrumentation-ioredis',
    version: '0.68.0',
    schemaUrl: undefined
  },
  traceId: '094ea94955f8057a27ef9ef69552edce',
  parentSpanContext: {
    traceId: '094ea94955f8057a27ef9ef69552edce',
    spanId: '4c79e4b0e1921bfe',
    traceFlags: 1,
    traceState: undefined
  },
  traceState: undefined,
  name: 'hset',
  id: '37559fc2db6fb0fc',
  kind: 2,
  timestamp: 1784989386387000,
  duration: 48021,
  attributes: {
    'db.system': 'redis',
    'db.statement': 'hset tallyme:bull:tally-migration-execution:meta opts.maxLenEvents [3 other arguments]',
    'db.connection_string': 'redis://localhost:6380',
    'net.peer.name': 'localhost',
    'net.peer.port': 6380
  },
  status: { code: 0 },
  events: [],
  links: []
}
{
  resource: {
    attributes: {
      'host.name': 'Arunesh',
      'host.arch': 'amd64',
      'host.id': '961ee426-227a-4c11-9579-fdfc83a68919',
      'process.pid': 29064,
      'process.executable.name': 'Administrator:  C:\\WINDOWS\\system32\\cmd.exe ',
      'process.executable.path': 'C:\\Program Files\\nodejs\\node.exe',
      'process.command_args': [
        'C:\\Program Files\\nodejs\\node.exe',
        'C:\\Users\\Administrator\\.gemini\\antigravity_old\\scratch_old\\tallyme\\apps\\backend\\dist\\src\\main.js'
      ],
      'process.runtime.version': '24.12.0',
      'process.runtime.name': 'nodejs',
      'process.runtime.description': 'Node.js',
      'process.command': 'C:\\Users\\Administrator\\.gemini\\antigravity_old\\scratch_old\\tallyme\\apps\\backend\\dist\\src\\main.js',
      'process.owner': 'Administrator',
      'service.name': 'unknown_service:node',
      'telemetry.sdk.language': 'nodejs',
      'telemetry.sdk.name': 'opentelemetry',
      'telemetry.sdk.version': '2.10.0'
    }
  },
  instrumentationScope: {
    name: '@opentelemetry/instrumentation-ioredis',
    version: '0.68.0',
    schemaUrl: undefined
  },
  traceId: '094ea94955f8057a27ef9ef69552edce',
  parentSpanContext: {
    traceId: '094ea94955f8057a27ef9ef69552edce',
    spanId: '4c79e4b0e1921bfe',
    traceFlags: 1,
    traceState: undefined
  },
  traceState: undefined,
  name: 'hset',
  id: 'c353765ed2495794',
  kind: 2,
  timestamp: 1784989386387000,
  duration: 48181.7,
  attributes: {
    'db.system': 'redis',
    'db.statement': 'hset tallyme:bull:tally-sync:meta opts.maxLenEvents [3 other arguments]',
    'db.connection_string': 'redis://localhost:6380',
    'net.peer.name': 'localhost',
    'net.peer.port': 6380
  },
  status: { code: 0 },
  events: [],
  links: []
}
{
  resource: {
    attributes: {
      'host.name': 'Arunesh',
      'host.arch': 'amd64',
      'host.id': '961ee426-227a-4c11-9579-fdfc83a68919',
      'process.pid': 29064,
      'process.executable.name': 'Administrator:  C:\\WINDOWS\\system32\\cmd.exe ',
      'process.executable.path': 'C:\\Program Files\\nodejs\\node.exe',
      'process.command_args': [
        'C:\\Program Files\\nodejs\\node.exe',
        'C:\\Users\\Administrator\\.gemini\\antigravity_old\\scratch_old\\tallyme\\apps\\backend\\dist\\src\\main.js'
      ],
      'process.runtime.version': '24.12.0',
      'process.runtime.name': 'nodejs',
      'process.runtime.description': 'Node.js',
      'process.command': 'C:\\Users\\Administrator\\.gemini\\antigravity_old\\scratch_old\\tallyme\\apps\\backend\\dist\\src\\main.js',
      'process.owner': 'Administrator',
      'service.name': 'unknown_service:node',
      'telemetry.sdk.language': 'nodejs',
      'telemetry.sdk.name': 'opentelemetry',
      'telemetry.sdk.version': '2.10.0'
    }
  },
  instrumentationScope: {
    name: '@opentelemetry/instrumentation-ioredis',
    version: '0.68.0',
    schemaUrl: undefined
  },
  traceId: '094ea94955f8057a27ef9ef69552edce',
  parentSpanContext: {
    traceId: '094ea94955f8057a27ef9ef69552edce',
    spanId: '4c79e4b0e1921bfe',
    traceFlags: 1,
    traceState: undefined
  },
  traceState: undefined,
  name: 'hset',
  id: '8fd3ed3dfe20e147',
  kind: 2,
  timestamp: 1784989386388000,
  duration: 47591.5,
  attributes: {
    'db.system': 'redis',
    'db.statement': 'hset tallyme:bull:payment-candidate-processing:meta opts.maxLenEvents [3 other arguments]',
    'db.connection_string': 'redis://localhost:6380',
    'net.peer.name': 'localhost',
    'net.peer.port': 6380
  },
  status: { code: 0 },
  events: [],
  links: []
}
{
  resource: {
    attributes: {
      'host.name': 'Arunesh',
      'host.arch': 'amd64',
      'host.id': '961ee426-227a-4c11-9579-fdfc83a68919',
      'process.pid': 29064,
      'process.executable.name': 'Administrator:  C:\\WINDOWS\\system32\\cmd.exe ',
      'process.executable.path': 'C:\\Program Files\\nodejs\\node.exe',
      'process.command_args': [
        'C:\\Program Files\\nodejs\\node.exe',
        'C:\\Users\\Administrator\\.gemini\\antigravity_old\\scratch_old\\tallyme\\apps\\backend\\dist\\src\\main.js'
      ],
      'process.runtime.version': '24.12.0',
      'process.runtime.name': 'nodejs',
      'process.runtime.description': 'Node.js',
      'process.command': 'C:\\Users\\Administrator\\.gemini\\antigravity_old\\scratch_old\\tallyme\\apps\\backend\\dist\\src\\main.js',
      'process.owner': 'Administrator',
      'service.name': 'unknown_service:node',
      'telemetry.sdk.language': 'nodejs',
      'telemetry.sdk.name': 'opentelemetry',
      'telemetry.sdk.version': '2.10.0'
    }
  },
  instrumentationScope: {
    name: '@opentelemetry/instrumentation-ioredis',
    version: '0.68.0',
    schemaUrl: undefined
  },
  traceId: '094ea94955f8057a27ef9ef69552edce',
  parentSpanContext: {
    traceId: '094ea94955f8057a27ef9ef69552edce',
    spanId: '4c79e4b0e1921bfe',
    traceFlags: 1,
    traceState: undefined
  },
  traceState: undefined,
  name: 'hset',
  id: '021136e7fff3d607',
  kind: 2,
  timestamp: 1784989386427000,
  duration: 9116.2,
  attributes: {
    'db.system': 'redis',
    'db.statement': 'hset tallyme:bull:tally-rollback-execution:meta opts.maxLenEvents [3 other arguments]',
    'db.connection_string': 'redis://localhost:6380',
    'net.peer.name': 'localhost',
    'net.peer.port': 6380
  },
  status: { code: 0 },
  events: [],
  links: []
}
{
  resource: {
    attributes: {
      'host.name': 'Arunesh',
      'host.arch': 'amd64',
      'host.id': '961ee426-227a-4c11-9579-fdfc83a68919',
      'process.pid': 29064,
      'process.executable.name': 'Administrator:  C:\\WINDOWS\\system32\\cmd.exe ',
      'process.executable.path': 'C:\\Program Files\\nodejs\\node.exe',
      'process.command_args': [
        'C:\\Program Files\\nodejs\\node.exe',
        'C:\\Users\\Administrator\\.gemini\\antigravity_old\\scratch_old\\tallyme\\apps\\backend\\dist\\src\\main.js'
      ],
      'process.runtime.version': '24.12.0',
      'process.runtime.name': 'nodejs',
      'process.runtime.description': 'Node.js',
      'process.command': 'C:\\Users\\Administrator\\.gemini\\antigravity_old\\scratch_old\\tallyme\\apps\\backend\\dist\\src\\main.js',
      'process.owner': 'Administrator',
      'service.name': 'unknown_service:node',
      'telemetry.sdk.language': 'nodejs',
      'telemetry.sdk.name': 'opentelemetry',
      'telemetry.sdk.version': '2.10.0'
    }
  },
  instrumentationScope: {
    name: '@opentelemetry/instrumentation-ioredis',
    version: '0.68.0',
    schemaUrl: undefined
  },
  traceId: '094ea94955f8057a27ef9ef69552edce',
  parentSpanContext: {
    traceId: '094ea94955f8057a27ef9ef69552edce',
    spanId: '4c79e4b0e1921bfe',
    traceFlags: 1,
    traceState: undefined
  },
  traceState: undefined,
  name: 'hset',
  id: 'a6aa92b67afd8447',
  kind: 2,
  timestamp: 1784989386427000,
  duration: 8629.6,
  attributes: {
    'db.system': 'redis',
    'db.statement': 'hset tallyme:bull:fee-validation:meta opts.maxLenEvents [3 other arguments]',
    'db.connection_string': 'redis://localhost:6380',
    'net.peer.name': 'localhost',
    'net.peer.port': 6380
  },
  status: { code: 0 },
  events: [],
  links: []
}
{
  resource: {
    attributes: {
      'host.name': 'Arunesh',
      'host.arch': 'amd64',
      'host.id': '961ee426-227a-4c11-9579-fdfc83a68919',
      'process.pid': 29064,
      'process.executable.name': 'Administrator:  C:\\WINDOWS\\system32\\cmd.exe ',
      'process.executable.path': 'C:\\Program Files\\nodejs\\node.exe',
      'process.command_args': [
        'C:\\Program Files\\nodejs\\node.exe',
        'C:\\Users\\Administrator\\.gemini\\antigravity_old\\scratch_old\\tallyme\\apps\\backend\\dist\\src\\main.js'
      ],
      'process.runtime.version': '24.12.0',
      'process.runtime.name': 'nodejs',
      'process.runtime.description': 'Node.js',
      'process.command': 'C:\\Users\\Administrator\\.gemini\\antigravity_old\\scratch_old\\tallyme\\apps\\backend\\dist\\src\\main.js',
      'process.owner': 'Administrator',
      'service.name': 'unknown_service:node',
      'telemetry.sdk.language': 'nodejs',
      'telemetry.sdk.name': 'opentelemetry',
      'telemetry.sdk.version': '2.10.0'
    }
  },
  instrumentationScope: {
    name: '@opentelemetry/instrumentation-ioredis',
    version: '0.68.0',
    schemaUrl: undefined
  },
  traceId: '094ea94955f8057a27ef9ef69552edce',
  parentSpanContext: {
    traceId: '094ea94955f8057a27ef9ef69552edce',
    spanId: '4c79e4b0e1921bfe',
    traceFlags: 1,
    traceState: undefined
  },
  traceState: undefined,
  name: 'hset',
  id: '14869991d88a4f6d',
  kind: 2,
  timestamp: 1784989386427000,
  duration: 8233.9,
  attributes: {
    'db.system': 'redis',
    'db.statement': 'hset tallyme:bull:mail-processing:meta opts.maxLenEvents [3 other arguments]',
    'db.connection_string': 'redis://localhost:6380',
    'net.peer.name': 'localhost',
    'net.peer.port': 6380
  },
  status: { code: 0 },
  events: [],
  links: []
}
{
  resource: {
    attributes: {
      'host.name': 'Arunesh',
      'host.arch': 'amd64',
      'host.id': '961ee426-227a-4c11-9579-fdfc83a68919',
      'process.pid': 29064,
      'process.executable.name': 'Administrator:  C:\\WINDOWS\\system32\\cmd.exe ',
      'process.executable.path': 'C:\\Program Files\\nodejs\\node.exe',
      'process.command_args': [
        'C:\\Program Files\\nodejs\\node.exe',
        'C:\\Users\\Administrator\\.gemini\\antigravity_old\\scratch_old\\tallyme\\apps\\backend\\dist\\src\\main.js'
      ],
      'process.runtime.version': '24.12.0',
      'process.runtime.name': 'nodejs',
      'process.runtime.description': 'Node.js',
      'process.command': 'C:\\Users\\Administrator\\.gemini\\antigravity_old\\scratch_old\\tallyme\\apps\\backend\\dist\\src\\main.js',
      'process.owner': 'Administrator',
      'service.name': 'unknown_service:node',
      'telemetry.sdk.language': 'nodejs',
      'telemetry.sdk.name': 'opentelemetry',
      'telemetry.sdk.version': '2.10.0'
    }
  },
  instrumentationScope: {
    name: '@opentelemetry/instrumentation-ioredis',
    version: '0.68.0',
    schemaUrl: undefined
  },
  traceId: '094ea94955f8057a27ef9ef69552edce',
  parentSpanContext: {
    traceId: '094ea94955f8057a27ef9ef69552edce',
    spanId: '4c79e4b0e1921bfe',
    traceFlags: 1,
    traceState: undefined
  },
  traceState: undefined,
  name: 'hset',
  id: 'b0d24ef918cb82e1',
  kind: 2,
  timestamp: 1784989386428000,
  duration: 7630.8,
  attributes: {
    'db.system': 'redis',
    'db.statement': 'hset tallyme:bull:voucher-generation:meta opts.maxLenEvents [3 other arguments]',
    'db.connection_string': 'redis://localhost:6380',
    'net.peer.name': 'localhost',
    'net.peer.port': 6380
  },
  status: { code: 0 },
  events: [],
  links: []
}
{
  resource: {
    attributes: {
      'host.name': 'Arunesh',
      'host.arch': 'amd64',
      'host.id': '961ee426-227a-4c11-9579-fdfc83a68919',
      'process.pid': 29064,
      'process.executable.name': 'Administrator:  C:\\WINDOWS\\system32\\cmd.exe ',
      'process.executable.path': 'C:\\Program Files\\nodejs\\node.exe',
      'process.command_args': [
        'C:\\Program Files\\nodejs\\node.exe',
        'C:\\Users\\Administrator\\.gemini\\antigravity_old\\scratch_old\\tallyme\\apps\\backend\\dist\\src\\main.js'
      ],
      'process.runtime.version': '24.12.0',
      'process.runtime.name': 'nodejs',
      'process.runtime.description': 'Node.js',
      'process.command': 'C:\\Users\\Administrator\\.gemini\\antigravity_old\\scratch_old\\tallyme\\apps\\backend\\dist\\src\\main.js',
      'process.owner': 'Administrator',
      'service.name': 'unknown_service:node',
      'telemetry.sdk.language': 'nodejs',
      'telemetry.sdk.name': 'opentelemetry',
      'telemetry.sdk.version': '2.10.0'
    }
  },
  instrumentationScope: {
    name: '@opentelemetry/instrumentation-ioredis',
    version: '0.68.0',
    schemaUrl: undefined
  },
  traceId: '094ea94955f8057a27ef9ef69552edce',
  parentSpanContext: {
    traceId: '094ea94955f8057a27ef9ef69552edce',
    spanId: '4c79e4b0e1921bfe',
    traceFlags: 1,
    traceState: undefined
  },
  traceState: undefined,
  name: 'hset',
  id: '63dea597b223fd92',
  kind: 2,
  timestamp: 1784989386428000,
  duration: 7248.3,
  attributes: {
    'db.system': 'redis',
    'db.statement': 'hset tallyme:bull:student-matching:meta opts.maxLenEvents [3 other arguments]',
    'db.connection_string': 'redis://localhost:6380',
    'net.peer.name': 'localhost',
    'net.peer.port': 6380
  },
  status: { code: 0 },
  events: [],
  links: []
}
{
  resource: {
    attributes: {
      'host.name': 'Arunesh',
      'host.arch': 'amd64',
      'host.id': '961ee426-227a-4c11-9579-fdfc83a68919',
      'process.pid': 29064,
      'process.executable.name': 'Administrator:  C:\\WINDOWS\\system32\\cmd.exe ',
      'process.executable.path': 'C:\\Program Files\\nodejs\\node.exe',
      'process.command_args': [
        'C:\\Program Files\\nodejs\\node.exe',
        'C:\\Users\\Administrator\\.gemini\\antigravity_old\\scratch_old\\tallyme\\apps\\backend\\dist\\src\\main.js'
      ],
      'process.runtime.version': '24.12.0',
      'process.runtime.name': 'nodejs',
      'process.runtime.description': 'Node.js',
      'process.command': 'C:\\Users\\Administrator\\.gemini\\antigravity_old\\scratch_old\\tallyme\\apps\\backend\\dist\\src\\main.js',
      'process.owner': 'Administrator',
      'service.name': 'unknown_service:node',
      'telemetry.sdk.language': 'nodejs',
      'telemetry.sdk.name': 'opentelemetry',
      'telemetry.sdk.version': '2.10.0'
    }
  },
  instrumentationScope: {
    name: '@opentelemetry/instrumentation-ioredis',
    version: '0.68.0',
    schemaUrl: undefined
  },
  traceId: '094ea94955f8057a27ef9ef69552edce',
  parentSpanContext: {
    traceId: '094ea94955f8057a27ef9ef69552edce',
    spanId: '4c79e4b0e1921bfe',
    traceFlags: 1,
    traceState: undefined
  },
  traceState: undefined,
  name: 'hset',
  id: 'e4ec606a336964cb',
  kind: 2,
  timestamp: 1784989386429000,
  duration: 6553.3,
  attributes: {
    'db.system': 'redis',
    'db.statement': 'hset tallyme:bull:batch-sync-queue:meta opts.maxLenEvents [3 other arguments]',
    'db.connection_string': 'redis://localhost:6380',
    'net.peer.name': 'localhost',
    'net.peer.port': 6380
  },
  status: { code: 0 },
  events: [],
  links: []
}
{
  resource: {
    attributes: {
      'host.name': 'Arunesh',
      'host.arch': 'amd64',
      'host.id': '961ee426-227a-4c11-9579-fdfc83a68919',
      'process.pid': 29064,
      'process.executable.name': 'Administrator:  C:\\WINDOWS\\system32\\cmd.exe ',
      'process.executable.path': 'C:\\Program Files\\nodejs\\node.exe',
      'process.command_args': [
        'C:\\Program Files\\nodejs\\node.exe',
        'C:\\Users\\Administrator\\.gemini\\antigravity_old\\scratch_old\\tallyme\\apps\\backend\\dist\\src\\main.js'
      ],
      'process.runtime.version': '24.12.0',
      'process.runtime.name': 'nodejs',
      'process.runtime.description': 'Node.js',
      'process.command': 'C:\\Users\\Administrator\\.gemini\\antigravity_old\\scratch_old\\tallyme\\apps\\backend\\dist\\src\\main.js',
      'process.owner': 'Administrator',
      'service.name': 'unknown_service:node',
      'telemetry.sdk.language': 'nodejs',
      'telemetry.sdk.name': 'opentelemetry',
      'telemetry.sdk.version': '2.10.0'
    }
  },
  instrumentationScope: {
    name: '@opentelemetry/instrumentation-ioredis',
    version: '0.68.0',
    schemaUrl: undefined
  },
  traceId: '094ea94955f8057a27ef9ef69552edce',
  parentSpanContext: {
    traceId: '094ea94955f8057a27ef9ef69552edce',
    spanId: '4c79e4b0e1921bfe',
    traceFlags: 1,
    traceState: undefined
  },
  traceState: undefined,
  name: 'hset',
  id: 'a4f41ae66fe3a3f0',
  kind: 2,
  timestamp: 1784989386430000,
  duration: 6163.9,
  attributes: {
    'db.system': 'redis',
    'db.statement': 'hset tallyme:bull:vendor-slip-queue:meta opts.maxLenEvents [3 other arguments]',
    'db.connection_string': 'redis://localhost:6380',
    'net.peer.name': 'localhost',
    'net.peer.port': 6380
  },
  status: { code: 0 },
  events: [],
  links: []
}
{
  resource: {
    attributes: {
      'host.name': 'Arunesh',
      'host.arch': 'amd64',
      'host.id': '961ee426-227a-4c11-9579-fdfc83a68919',
      'process.pid': 29064,
      'process.executable.name': 'Administrator:  C:\\WINDOWS\\system32\\cmd.exe ',
      'process.executable.path': 'C:\\Program Files\\nodejs\\node.exe',
      'process.command_args': [
        'C:\\Program Files\\nodejs\\node.exe',
        'C:\\Users\\Administrator\\.gemini\\antigravity_old\\scratch_old\\tallyme\\apps\\backend\\dist\\src\\main.js'
      ],
      'process.runtime.version': '24.12.0',
      'process.runtime.name': 'nodejs',
      'process.runtime.description': 'Node.js',
      'process.command': 'C:\\Users\\Administrator\\.gemini\\antigravity_old\\scratch_old\\tallyme\\apps\\backend\\dist\\src\\main.js',
      'process.owner': 'Administrator',
      'service.name': 'unknown_service:node',
      'telemetry.sdk.language': 'nodejs',
      'telemetry.sdk.name': 'opentelemetry',
      'telemetry.sdk.version': '2.10.0'
    }
  },
  instrumentationScope: {
    name: '@opentelemetry/instrumentation-ioredis',
    version: '0.68.0',
    schemaUrl: undefined
  },
  traceId: '094ea94955f8057a27ef9ef69552edce',
  parentSpanContext: {
    traceId: '094ea94955f8057a27ef9ef69552edce',
    spanId: '4c79e4b0e1921bfe',
    traceFlags: 1,
    traceState: undefined
  },
  traceState: undefined,
  name: 'hset',
  id: 'afbbeac902d4fb85',
  kind: 2,
  timestamp: 1784989386430000,
  duration: 5928.1,
  attributes: {
    'db.system': 'redis',
    'db.statement': 'hset tallyme:bull:payment-candidate-processing:meta opts.maxLenEvents [3 other arguments]',
    'db.connection_string': 'redis://localhost:6380',
    'net.peer.name': 'localhost',
    'net.peer.port': 6380
  },
  status: { code: 0 },
  events: [],
  links: []
}
{
  resource: {
    attributes: {
      'host.name': 'Arunesh',
      'host.arch': 'amd64',
      'host.id': '961ee426-227a-4c11-9579-fdfc83a68919',
      'process.pid': 29064,
      'process.executable.name': 'Administrator:  C:\\WINDOWS\\system32\\cmd.exe ',
      'process.executable.path': 'C:\\Program Files\\nodejs\\node.exe',
      'process.command_args': [
        'C:\\Program Files\\nodejs\\node.exe',
        'C:\\Users\\Administrator\\.gemini\\antigravity_old\\scratch_old\\tallyme\\apps\\backend\\dist\\src\\main.js'
      ],
      'process.runtime.version': '24.12.0',
      'process.runtime.name': 'nodejs',
      'process.runtime.description': 'Node.js',
      'process.command': 'C:\\Users\\Administrator\\.gemini\\antigravity_old\\scratch_old\\tallyme\\apps\\backend\\dist\\src\\main.js',
      'process.owner': 'Administrator',
      'service.name': 'unknown_service:node',
      'telemetry.sdk.language': 'nodejs',
      'telemetry.sdk.name': 'opentelemetry',
      'telemetry.sdk.version': '2.10.0'
    }
  },
  instrumentationScope: {
    name: '@opentelemetry/instrumentation-dns',
    version: '0.63.0',
    schemaUrl: undefined
  },
  traceId: 'c379118948e676682c2ec14f790a1c3b',
  parentSpanContext: undefined,
  traceState: undefined,
  name: 'dns.lookup',
  id: 'b875296cbf982981',
  kind: 2,
  timestamp: 1784992541818000,
  duration: 17677.2,
  attributes: { 'peer.ipv6': '::1', 'peer[1].ipv4': '127.0.0.1' },
  status: { code: 0 },
  events: [],
  links: []
}
{
  resource: {
    attributes: {
      'host.name': 'Arunesh',
      'host.arch': 'amd64',
      'host.id': '961ee426-227a-4c11-9579-fdfc83a68919',
      'process.pid': 29064,
      'process.executable.name': 'Administrator:  C:\\WINDOWS\\system32\\cmd.exe ',
      'process.executable.path': 'C:\\Program Files\\nodejs\\node.exe',
      'process.command_args': [
        'C:\\Program Files\\nodejs\\node.exe',
        'C:\\Users\\Administrator\\.gemini\\antigravity_old\\scratch_old\\tallyme\\apps\\backend\\dist\\src\\main.js'
      ],
      'process.runtime.version': '24.12.0',
      'process.runtime.name': 'nodejs',
      'process.runtime.description': 'Node.js',
      'process.command': 'C:\\Users\\Administrator\\.gemini\\antigravity_old\\scratch_old\\tallyme\\apps\\backend\\dist\\src\\main.js',
      'process.owner': 'Administrator',
      'service.name': 'unknown_service:node',
      'telemetry.sdk.language': 'nodejs',
      'telemetry.sdk.name': 'opentelemetry',
      'telemetry.sdk.version': '2.10.0'
    }
  },
  instrumentationScope: {
    name: '@opentelemetry/instrumentation-net',
    version: '0.64.0',
    schemaUrl: undefined
  },
  traceId: 'e60bf91cf11ec487c9570bbcc706edfe',
  parentSpanContext: undefined,
  traceState: undefined,
  name: 'tcp.connect',
  id: '3ce9479754a74d96',
  kind: 0,
  timestamp: 1784992541817000,
  duration: 51974.8,
  attributes: {
    'net.transport': 'ip_tcp',
    'net.peer.name': 'localhost',
    'net.peer.port': 6380,
    'net.peer.ip': '::1',
    'net.host.ip': '::1',
    'net.host.port': 52763
  },
  status: { code: 0 },
  events: [],
  links: []
}
{
  resource: {
    attributes: {
      'host.name': 'Arunesh',
      'host.arch': 'amd64',
      'host.id': '961ee426-227a-4c11-9579-fdfc83a68919',
      'process.pid': 29064,
      'process.executable.name': 'Administrator:  C:\\WINDOWS\\system32\\cmd.exe ',
      'process.executable.path': 'C:\\Program Files\\nodejs\\node.exe',
      'process.command_args': [
        'C:\\Program Files\\nodejs\\node.exe',
        'C:\\Users\\Administrator\\.gemini\\antigravity_old\\scratch_old\\tallyme\\apps\\backend\\dist\\src\\main.js'
      ],
      'process.runtime.version': '24.12.0',
      'process.runtime.name': 'nodejs',
      'process.runtime.description': 'Node.js',
      'process.command': 'C:\\Users\\Administrator\\.gemini\\antigravity_old\\scratch_old\\tallyme\\apps\\backend\\dist\\src\\main.js',
      'process.owner': 'Administrator',
      'service.name': 'unknown_service:node',
      'telemetry.sdk.language': 'nodejs',
      'telemetry.sdk.name': 'opentelemetry',
      'telemetry.sdk.version': '2.10.0'
    }
  },
  instrumentationScope: {
    name: '@opentelemetry/instrumentation-dns',
    version: '0.63.0',
    schemaUrl: undefined
  },
  traceId: '9b354855e2dcf1216d891828497ceb8c',
  parentSpanContext: undefined,
  traceState: undefined,
  name: 'dns.lookup',
  id: '58f97d60e94915c0',
  kind: 2,
  timestamp: 1784995707488000,
  duration: 25334,
  attributes: { 'peer.ipv6': '::1', 'peer[1].ipv4': '127.0.0.1' },
  status: { code: 0 },
  events: [],
  links: []
}
{
  resource: {
    attributes: {
      'host.name': 'Arunesh',
      'host.arch': 'amd64',
      'host.id': '961ee426-227a-4c11-9579-fdfc83a68919',
      'process.pid': 29064,
      'process.executable.name': 'Administrator:  C:\\WINDOWS\\system32\\cmd.exe ',
      'process.executable.path': 'C:\\Program Files\\nodejs\\node.exe',
      'process.command_args': [
        'C:\\Program Files\\nodejs\\node.exe',
        'C:\\Users\\Administrator\\.gemini\\antigravity_old\\scratch_old\\tallyme\\apps\\backend\\dist\\src\\main.js'
      ],
      'process.runtime.version': '24.12.0',
      'process.runtime.name': 'nodejs',
      'process.runtime.description': 'Node.js',
      'process.command': 'C:\\Users\\Administrator\\.gemini\\antigravity_old\\scratch_old\\tallyme\\apps\\backend\\dist\\src\\main.js',
      'process.owner': 'Administrator',
      'service.name': 'unknown_service:node',
      'telemetry.sdk.language': 'nodejs',
      'telemetry.sdk.name': 'opentelemetry',
      'telemetry.sdk.version': '2.10.0'
    }
  },
  instrumentationScope: {
    name: '@opentelemetry/instrumentation-net',
    version: '0.64.0',
    schemaUrl: undefined
  },
  traceId: '2d7563ed07d89a5fb924ef27518b0bde',
  parentSpanContext: undefined,
  traceState: undefined,
  name: 'tcp.connect',
  id: 'deee4a4a050a5856',
  kind: 0,
  timestamp: 1784995707488000,
  duration: 49983.6,
  attributes: {
    'net.transport': 'ip_tcp',
    'net.peer.name': 'localhost',
    'net.peer.port': 6380,
    'net.peer.ip': '::1',
    'net.host.ip': '::1',
    'net.host.port': 56712
  },
  status: { code: 0 },
  events: [],
  links: []
}
[22:45:01.218] [33mWARN[39m (29064): [36mRedis connection closed[39m [90m{"context":"RedisProvider"}[39m
[22:45:01.286] [33mWARN[39m (29064): [36mRedis connection closed[39m [90m{"context":"RedisProvider"}[39m
[22:45:01.400] [33mWARN[39m (29064): [36mRedis connection closed[39m [90m{"context":"RedisProvider"}[39m
Error: read ECONNRESET
    at TCP.onStreamRead (node:internal/stream_base_commons:216:20) {
  errno: -4077,
  code: 'ECONNRESET',
  syscall: 'read'
}
Error: read ECONNRESET
    at TCP.onStreamRead (node:internal/stream_base_commons:216:20) {
  errno: -4077,
  code: 'ECONNRESET',
  syscall: 'read'
}
Error: read ECONNRESET
    at TCP.onStreamRead (node:internal/stream_base_commons:216:20) {
  errno: -4077,
  code: 'ECONNRESET',
  syscall: 'read'
}
Error: read ECONNRESET
    at TCP.onStreamRead (node:internal/stream_base_commons:216:20) {
  errno: -4077,
  code: 'ECONNRESET',
  syscall: 'read'
}
Error: read ECONNRESET
    at TCP.onStreamRead (node:internal/stream_base_commons:216:20) {
  errno: -4077,
  code: 'ECONNRESET',
  syscall: 'read'
}
Error: read ECONNRESET
    at TCP.onStreamRead (node:internal/stream_base_commons:216:20) {
  errno: -4077,
  code: 'ECONNRESET',
  syscall: 'read'
}
Error: read ECONNRESET
    at TCP.onStreamRead (node:internal/stream_base_commons:216:20) {
  errno: -4077,
  code: 'ECONNRESET',
  syscall: 'read'
}
Error: read ECONNRESET
    at TCP.onStreamRead (node:internal/stream_base_commons:216:20) {
  errno: -4077,
  code: 'ECONNRESET',
  syscall: 'read'
}
Error: read ECONNRESET
    at TCP.onStreamRead (node:internal/stream_base_commons:216:20) {
  errno: -4077,
  code: 'ECONNRESET',
  syscall: 'read'
}
Error: read ECONNRESET
    at TCP.onStreamRead (node:internal/stream_base_commons:216:20) {
  errno: -4077,
  code: 'ECONNRESET',
  syscall: 'read'
}
Error: read ECONNRESET
    at TCP.onStreamRead (node:internal/stream_base_commons:216:20) {
  errno: -4077,
  code: 'ECONNRESET',
  syscall: 'read'
}
Error: read ECONNRESET
    at TCP.onStreamRead (node:internal/stream_base_commons:216:20) {
  errno: -4077,
  code: 'ECONNRESET',
  syscall: 'read'
}
Error: read ECONNRESET
    at TCP.onStreamRead (node:internal/stream_base_commons:216:20) {
  errno: -4077,
  code: 'ECONNRESET',
  syscall: 'read'
}
Error: read ECONNRESET
    at TCP.onStreamRead (node:internal/stream_base_commons:216:20) {
  errno: -4077,
  code: 'ECONNRESET',
  syscall: 'read'
}
[22:45:05.648] [33mWARN[39m (29064): [36mRedis connection closed[39m [90m{"context":"RedisProvider"}[39m
{
  resource: {
    attributes: {
      'host.name': 'Arunesh',
      'host.arch': 'amd64',
      'host.id': '961ee426-227a-4c11-9579-fdfc83a68919',
      'process.pid': 29064,
      'process.executable.name': 'Administrator:  C:\\WINDOWS\\system32\\cmd.exe ',
      'process.executable.path': 'C:\\Program Files\\nodejs\\node.exe',
      'process.command_args': [
        'C:\\Program Files\\nodejs\\node.exe',
        'C:\\Users\\Administrator\\.gemini\\antigravity_old\\scratch_old\\tallyme\\apps\\backend\\dist\\src\\main.js'
      ],
      'process.runtime.version': '24.12.0',
      'process.runtime.name': 'nodejs',
      'process.runtime.description': 'Node.js',
      'process.command': 'C:\\Users\\Administrator\\.gemini\\antigravity_old\\scratch_old\\tallyme\\apps\\backend\\dist\\src\\main.js',
      'process.owner': 'Administrator',
      'service.name': 'unknown_service:node',
      'telemetry.sdk.language': 'nodejs',
      'telemetry.sdk.name': 'opentelemetry',
      'telemetry.sdk.version': '2.10.0'
    }
  },
  instrumentationScope: {
    name: '@opentelemetry/instrumentation-dns',
    version: '0.63.0',
    schemaUrl: undefined
  },
  traceId: '45f1b292ef07989537818d4bc3ccf709',
  parentSpanContext: undefined,
  traceState: undefined,
  name: 'dns.lookup',
  id: 'ec86e7c1e054e480',
  kind: 2,
  timestamp: 1784999701275000,
  duration: 1638.9,
  attributes: { 'peer.ipv6': '::1', 'peer[1].ipv4': '127.0.0.1' },
  status: { code: 0 },
  events: [],
  links: []
}
{
  resource: {
    attributes: {
      'host.name': 'Arunesh',
      'host.arch': 'amd64',
      'host.id': '961ee426-227a-4c11-9579-fdfc83a68919',
      'process.pid': 29064,
      'process.executable.name': 'Administrator:  C:\\WINDOWS\\system32\\cmd.exe ',
      'process.executable.path': 'C:\\Program Files\\nodejs\\node.exe',
      'process.command_args': [
        'C:\\Program Files\\nodejs\\node.exe',
        'C:\\Users\\Administrator\\.gemini\\antigravity_old\\scratch_old\\tallyme\\apps\\backend\\dist\\src\\main.js'
      ],
      'process.runtime.version': '24.12.0',
      'process.runtime.name': 'nodejs',
      'process.runtime.description': 'Node.js',
      'process.command': 'C:\\Users\\Administrator\\.gemini\\antigravity_old\\scratch_old\\tallyme\\apps\\backend\\dist\\src\\main.js',
      'process.owner': 'Administrator',
      'service.name': 'unknown_service:node',
      'telemetry.sdk.language': 'nodejs',
      'telemetry.sdk.name': 'opentelemetry',
      'telemetry.sdk.version': '2.10.0'
    }
  },
  instrumentationScope: {
    name: '@opentelemetry/instrumentation-net',
    version: '0.64.0',
    schemaUrl: undefined
  },
  traceId: 'd2cf7eff5959c47340fd1d964cc43aaa',
  parentSpanContext: undefined,
  traceState: undefined,
  name: 'tcp.connect',
  id: '1f3c6ca3b2142dcc',
  kind: 0,
  timestamp: 1784999701275000,
  duration: 3132.8,
  attributes: {
    'net.transport': 'ip_tcp',
    'net.peer.name': 'localhost',
    'net.peer.port': 6380,
    'net.peer.ip': '::1',
    'net.host.ip': '::1',
    'net.host.port': 52101
  },
  status: { code: 0 },
  events: [],
  links: []
}
{
  resource: {
    attributes: {
      'host.name': 'Arunesh',
      'host.arch': 'amd64',
      'host.id': '961ee426-227a-4c11-9579-fdfc83a68919',
      'process.pid': 29064,
      'process.executable.name': 'Administrator:  C:\\WINDOWS\\system32\\cmd.exe ',
      'process.executable.path': 'C:\\Program Files\\nodejs\\node.exe',
      'process.command_args': [
        'C:\\Program Files\\nodejs\\node.exe',
        'C:\\Users\\Administrator\\.gemini\\antigravity_old\\scratch_old\\tallyme\\apps\\backend\\dist\\src\\main.js'
      ],
      'process.runtime.version': '24.12.0',
      'process.runtime.name': 'nodejs',
      'process.runtime.description': 'Node.js',
      'process.command': 'C:\\Users\\Administrator\\.gemini\\antigravity_old\\scratch_old\\tallyme\\apps\\backend\\dist\\src\\main.js',
      'process.owner': 'Administrator',
      'service.name': 'unknown_service:node',
      'telemetry.sdk.language': 'nodejs',
      'telemetry.sdk.name': 'opentelemetry',
      'telemetry.sdk.version': '2.10.0'
    }
  },
  instrumentationScope: {
    name: '@opentelemetry/instrumentation-dns',
    version: '0.63.0',
    schemaUrl: undefined
  },
  traceId: 'a2b2fedbefb0c42787f851959feda3ef',
  parentSpanContext: undefined,
  traceState: undefined,
  name: 'dns.lookup',
  id: '91b319765e85aca3',
  kind: 2,
  timestamp: 1784999701393000,
  duration: 1363.5,
  attributes: { 'peer.ipv6': '::1', 'peer[1].ipv4': '127.0.0.1' },
  status: { code: 0 },
  events: [],
  links: []
}
{
  resource: {
    attributes: {
      'host.name': 'Arunesh',
      'host.arch': 'amd64',
      'host.id': '961ee426-227a-4c11-9579-fdfc83a68919',
      'process.pid': 29064,
      'process.executable.name': 'Administrator:  C:\\WINDOWS\\system32\\cmd.exe ',
      'process.executable.path': 'C:\\Program Files\\nodejs\\node.exe',
      'process.command_args': [
        'C:\\Program Files\\nodejs\\node.exe',
        'C:\\Users\\Administrator\\.gemini\\antigravity_old\\scratch_old\\tallyme\\apps\\backend\\dist\\src\\main.js'
      ],
      'process.runtime.version': '24.12.0',
      'process.runtime.name': 'nodejs',
      'process.runtime.description': 'Node.js',
      'process.command': 'C:\\Users\\Administrator\\.gemini\\antigravity_old\\scratch_old\\tallyme\\apps\\backend\\dist\\src\\main.js',
      'process.owner': 'Administrator',
      'service.name': 'unknown_service:node',
      'telemetry.sdk.language': 'nodejs',
      'telemetry.sdk.name': 'opentelemetry',
      'telemetry.sdk.version': '2.10.0'
    }
  },
  instrumentationScope: {
    name: '@opentelemetry/instrumentation-net',
    version: '0.64.0',
    schemaUrl: undefined
  },
  traceId: 'd45d2616efbb9346b446311f9ec0bb8a',
  parentSpanContext: undefined,
  traceState: undefined,
  name: 'tcp.connect',
  id: '47d5576798e29a39',
  kind: 0,
  timestamp: 1784999701393000,
  duration: 2719,
  attributes: {
    'net.transport': 'ip_tcp',
    'net.peer.name': 'localhost',
    'net.peer.port': 6380,
    'net.peer.ip': '::1',
    'net.host.ip': '::1',
    'net.host.port': 52102
  },
  status: { code: 0 },
  events: [],
  links: []
}
{
  resource: {
    attributes: {
      'host.name': 'Arunesh',
      'host.arch': 'amd64',
      'host.id': '961ee426-227a-4c11-9579-fdfc83a68919',
      'process.pid': 29064,
      'process.executable.name': 'Administrator:  C:\\WINDOWS\\system32\\cmd.exe ',
      'process.executable.path': 'C:\\Program Files\\nodejs\\node.exe',
      'process.command_args': [
        'C:\\Program Files\\nodejs\\node.exe',
        'C:\\Users\\Administrator\\.gemini\\antigravity_old\\scratch_old\\tallyme\\apps\\backend\\dist\\src\\main.js'
      ],
      'process.runtime.version': '24.12.0',
      'process.runtime.name': 'nodejs',
      'process.runtime.description': 'Node.js',
      'process.command': 'C:\\Users\\Administrator\\.gemini\\antigravity_old\\scratch_old\\tallyme\\apps\\backend\\dist\\src\\main.js',
      'process.owner': 'Administrator',
      'service.name': 'unknown_service:node',
      'telemetry.sdk.language': 'nodejs',
      'telemetry.sdk.name': 'opentelemetry',
      'telemetry.sdk.version': '2.10.0'
    }
  },
  instrumentationScope: {
    name: '@opentelemetry/instrumentation-dns',
    version: '0.63.0',
    schemaUrl: undefined
  },
  traceId: 'beaf1dc42ecc2f0e8a90ba3514f51b61',
  parentSpanContext: undefined,
  traceState: undefined,
  name: 'dns.lookup',
  id: '4b97acb21752e01e',
  kind: 2,
  timestamp: 1784999701561000,
  duration: 1459.4,
  attributes: { 'peer.ipv6': '::1', 'peer[1].ipv4': '127.0.0.1' },
  status: { code: 0 },
  events: [],
  links: []
}
{
  resource: {
    attributes: {
      'host.name': 'Arunesh',
      'host.arch': 'amd64',
      'host.id': '961ee426-227a-4c11-9579-fdfc83a68919',
      'process.pid': 29064,
      'process.executable.name': 'Administrator:  C:\\WINDOWS\\system32\\cmd.exe ',
      'process.executable.path': 'C:\\Program Files\\nodejs\\node.exe',
      'process.command_args': [
        'C:\\Program Files\\nodejs\\node.exe',
        'C:\\Users\\Administrator\\.gemini\\antigravity_old\\scratch_old\\tallyme\\apps\\backend\\dist\\src\\main.js'
      ],
      'process.runtime.version': '24.12.0',
      'process.runtime.name': 'nodejs',
      'process.runtime.description': 'Node.js',
      'process.command': 'C:\\Users\\Administrator\\.gemini\\antigravity_old\\scratch_old\\tallyme\\apps\\backend\\dist\\src\\main.js',
      'process.owner': 'Administrator',
      'service.name': 'unknown_service:node',
      'telemetry.sdk.language': 'nodejs',
      'telemetry.sdk.name': 'opentelemetry',
      'telemetry.sdk.version': '2.10.0'
    }
  },
  instrumentationScope: {
    name: '@opentelemetry/instrumentation-net',
    version: '0.64.0',
    schemaUrl: undefined
  },
  traceId: '6396246a7564ccff416d74af53bf18cf',
  parentSpanContext: undefined,
  traceState: undefined,
  name: 'tcp.connect',
  id: '3fe0d04f6907ff92',
  kind: 0,
  timestamp: 1784999701561000,
  duration: 2816.4,
  attributes: {
    'net.transport': 'ip_tcp',
    'net.peer.name': 'localhost',
    'net.peer.port': 6380,
    'net.peer.ip': '::1',
    'net.host.ip': '::1',
    'net.host.port': 52103
  },
  status: { code: 0 },
  events: [],
  links: []
}
{
  resource: {
    attributes: {
      'host.name': 'Arunesh',
      'host.arch': 'amd64',
      'host.id': '961ee426-227a-4c11-9579-fdfc83a68919',
      'process.pid': 29064,
      'process.executable.name': 'Administrator:  C:\\WINDOWS\\system32\\cmd.exe ',
      'process.executable.path': 'C:\\Program Files\\nodejs\\node.exe',
      'process.command_args': [
        'C:\\Program Files\\nodejs\\node.exe',
        'C:\\Users\\Administrator\\.gemini\\antigravity_old\\scratch_old\\tallyme\\apps\\backend\\dist\\src\\main.js'
      ],
      'process.runtime.version': '24.12.0',
      'process.runtime.name': 'nodejs',
      'process.runtime.description': 'Node.js',
      'process.command': 'C:\\Users\\Administrator\\.gemini\\antigravity_old\\scratch_old\\tallyme\\apps\\backend\\dist\\src\\main.js',
      'process.owner': 'Administrator',
      'service.name': 'unknown_service:node',
      'telemetry.sdk.language': 'nodejs',
      'telemetry.sdk.name': 'opentelemetry',
      'telemetry.sdk.version': '2.10.0'
    }
  },
  instrumentationScope: {
    name: '@opentelemetry/instrumentation-ioredis',
    version: '0.68.0',
    schemaUrl: undefined
  },
  traceId: '094ea94955f8057a27ef9ef69552edce',
  parentSpanContext: {
    traceId: '094ea94955f8057a27ef9ef69552edce',
    spanId: '4c79e4b0e1921bfe',
    traceFlags: 1,
    traceState: undefined
  },
  traceState: undefined,
  name: 'connect',
  id: '3fa1494325bb741d',
  kind: 2,
  timestamp: 1784999702225000,
  duration: 121.9,
  attributes: {
    'db.system': 'redis',
    'db.statement': 'connect',
    'db.connection_string': 'redis://localhost:6380',
    'net.peer.name': 'localhost',
    'net.peer.port': 6380
  },
  status: { code: 0 },
  events: [],
  links: []
}
{
  resource: {
    attributes: {
      'host.name': 'Arunesh',
      'host.arch': 'amd64',
      'host.id': '961ee426-227a-4c11-9579-fdfc83a68919',
      'process.pid': 29064,
      'process.executable.name': 'Administrator:  C:\\WINDOWS\\system32\\cmd.exe ',
      'process.executable.path': 'C:\\Program Files\\nodejs\\node.exe',
      'process.command_args': [
        'C:\\Program Files\\nodejs\\node.exe',
        'C:\\Users\\Administrator\\.gemini\\antigravity_old\\scratch_old\\tallyme\\apps\\backend\\dist\\src\\main.js'
      ],
      'process.runtime.version': '24.12.0',
      'process.runtime.name': 'nodejs',
      'process.runtime.description': 'Node.js',
      'process.command': 'C:\\Users\\Administrator\\.gemini\\antigravity_old\\scratch_old\\tallyme\\apps\\backend\\dist\\src\\main.js',
      'process.owner': 'Administrator',
      'service.name': 'unknown_service:node',
      'telemetry.sdk.language': 'nodejs',
      'telemetry.sdk.name': 'opentelemetry',
      'telemetry.sdk.version': '2.10.0'
    }
  },
  instrumentationScope: {
    name: '@opentelemetry/instrumentation-ioredis',
    version: '0.68.0',
    schemaUrl: undefined
  },
  traceId: '094ea94955f8057a27ef9ef69552edce',
  parentSpanContext: {
    traceId: '094ea94955f8057a27ef9ef69552edce',
    spanId: '4c79e4b0e1921bfe',
    traceFlags: 1,
    traceState: undefined
  },
  traceState: undefined,
  name: 'connect',
  id: '8ed415277c7a13fd',
  kind: 2,
  timestamp: 1784999702226000,
  duration: 64.3,
  attributes: {
    'db.system': 'redis',
    'db.statement': 'connect',
    'db.connection_string': 'redis://localhost:6380',
    'net.peer.name': 'localhost',
    'net.peer.port': 6380
  },
  status: { code: 0 },
  events: [],
  links: []
}
{
  resource: {
    attributes: {
      'host.name': 'Arunesh',
      'host.arch': 'amd64',
      'host.id': '961ee426-227a-4c11-9579-fdfc83a68919',
      'process.pid': 29064,
      'process.executable.name': 'Administrator:  C:\\WINDOWS\\system32\\cmd.exe ',
      'process.executable.path': 'C:\\Program Files\\nodejs\\node.exe',
      'process.command_args': [
        'C:\\Program Files\\nodejs\\node.exe',
        'C:\\Users\\Administrator\\.gemini\\antigravity_old\\scratch_old\\tallyme\\apps\\backend\\dist\\src\\main.js'
      ],
      'process.runtime.version': '24.12.0',
      'process.runtime.name': 'nodejs',
      'process.runtime.description': 'Node.js',
      'process.command': 'C:\\Users\\Administrator\\.gemini\\antigravity_old\\scratch_old\\tallyme\\apps\\backend\\dist\\src\\main.js',
      'process.owner': 'Administrator',
      'service.name': 'unknown_service:node',
      'telemetry.sdk.language': 'nodejs',
      'telemetry.sdk.name': 'opentelemetry',
      'telemetry.sdk.version': '2.10.0'
    }
  },
  instrumentationScope: {
    name: '@opentelemetry/instrumentation-ioredis',
    version: '0.68.0',
    schemaUrl: undefined
  },
  traceId: '094ea94955f8057a27ef9ef69552edce',
  parentSpanContext: {
    traceId: '094ea94955f8057a27ef9ef69552edce',
    spanId: '4c79e4b0e1921bfe',
    traceFlags: 1,
    traceState: undefined
  },
  traceState: undefined,
  name: 'connect',
  id: 'cbedbe940bb96928',
  kind: 2,
  timestamp: 1784999702227000,
  duration: 37.7,
  attributes: {
    'db.system': 'redis',
    'db.statement': 'connect',
    'db.connection_string': 'redis://localhost:6380',
    'net.peer.name': 'localhost',
    'net.peer.port': 6380
  },
  status: { code: 0 },
  events: [],
  links: []
}
{
  resource: {
    attributes: {
      'host.name': 'Arunesh',
      'host.arch': 'amd64',
      'host.id': '961ee426-227a-4c11-9579-fdfc83a68919',
      'process.pid': 29064,
      'process.executable.name': 'Administrator:  C:\\WINDOWS\\system32\\cmd.exe ',
      'process.executable.path': 'C:\\Program Files\\nodejs\\node.exe',
      'process.command_args': [
        'C:\\Program Files\\nodejs\\node.exe',
        'C:\\Users\\Administrator\\.gemini\\antigravity_old\\scratch_old\\tallyme\\apps\\backend\\dist\\src\\main.js'
      ],
      'process.runtime.version': '24.12.0',
      'process.runtime.name': 'nodejs',
      'process.runtime.description': 'Node.js',
      'process.command': 'C:\\Users\\Administrator\\.gemini\\antigravity_old\\scratch_old\\tallyme\\apps\\backend\\dist\\src\\main.js',
      'process.owner': 'Administrator',
      'service.name': 'unknown_service:node',
      'telemetry.sdk.language': 'nodejs',
      'telemetry.sdk.name': 'opentelemetry',
      'telemetry.sdk.version': '2.10.0'
    }
  },
  instrumentationScope: {
    name: '@opentelemetry/instrumentation-ioredis',
    version: '0.68.0',
    schemaUrl: undefined
  },
  traceId: '094ea94955f8057a27ef9ef69552edce',
  parentSpanContext: {
    traceId: '094ea94955f8057a27ef9ef69552edce',
    spanId: '4c79e4b0e1921bfe',
    traceFlags: 1,
    traceState: undefined
  },
  traceState: undefined,
  name: 'connect',
  id: '7805f08fd0ccb8a9',
  kind: 2,
  timestamp: 1784999702227000,
  duration: 32.9,
  attributes: {
    'db.system': 'redis',
    'db.statement': 'connect',
    'db.connection_string': 'redis://localhost:6380',
    'net.peer.name': 'localhost',
    'net.peer.port': 6380
  },
  status: { code: 0 },
  events: [],
  links: []
}
{
  resource: {
    attributes: {
      'host.name': 'Arunesh',
      'host.arch': 'amd64',
      'host.id': '961ee426-227a-4c11-9579-fdfc83a68919',
      'process.pid': 29064,
      'process.executable.name': 'Administrator:  C:\\WINDOWS\\system32\\cmd.exe ',
      'process.executable.path': 'C:\\Program Files\\nodejs\\node.exe',
      'process.command_args': [
        'C:\\Program Files\\nodejs\\node.exe',
        'C:\\Users\\Administrator\\.gemini\\antigravity_old\\scratch_old\\tallyme\\apps\\backend\\dist\\src\\main.js'
      ],
      'process.runtime.version': '24.12.0',
      'process.runtime.name': 'nodejs',
      'process.runtime.description': 'Node.js',
      'process.command': 'C:\\Users\\Administrator\\.gemini\\antigravity_old\\scratch_old\\tallyme\\apps\\backend\\dist\\src\\main.js',
      'process.owner': 'Administrator',
      'service.name': 'unknown_service:node',
      'telemetry.sdk.language': 'nodejs',
      'telemetry.sdk.name': 'opentelemetry',
      'telemetry.sdk.version': '2.10.0'
    }
  },
  instrumentationScope: {
    name: '@opentelemetry/instrumentation-ioredis',
    version: '0.68.0',
    schemaUrl: undefined
  },
  traceId: '094ea94955f8057a27ef9ef69552edce',
  parentSpanContext: {
    traceId: '094ea94955f8057a27ef9ef69552edce',
    spanId: '4c79e4b0e1921bfe',
    traceFlags: 1,
    traceState: undefined
  },
  traceState: undefined,
  name: 'connect',
  id: '61ea58e0319a2b0d',
  kind: 2,
  timestamp: 1784999702230000,
  duration: 110.2,
  attributes: {
    'db.system': 'redis',
    'db.statement': 'connect',
    'db.connection_string': 'redis://localhost:6380',
    'net.peer.name': 'localhost',
    'net.peer.port': 6380
  },
  status: { code: 0 },
  events: [],
  links: []
}
{
  resource: {
    attributes: {
      'host.name': 'Arunesh',
      'host.arch': 'amd64',
      'host.id': '961ee426-227a-4c11-9579-fdfc83a68919',
      'process.pid': 29064,
      'process.executable.name': 'Administrator:  C:\\WINDOWS\\system32\\cmd.exe ',
      'process.executable.path': 'C:\\Program Files\\nodejs\\node.exe',
      'process.command_args': [
        'C:\\Program Files\\nodejs\\node.exe',
        'C:\\Users\\Administrator\\.gemini\\antigravity_old\\scratch_old\\tallyme\\apps\\backend\\dist\\src\\main.js'
      ],
      'process.runtime.version': '24.12.0',
      'process.runtime.name': 'nodejs',
      'process.runtime.description': 'Node.js',
      'process.command': 'C:\\Users\\Administrator\\.gemini\\antigravity_old\\scratch_old\\tallyme\\apps\\backend\\dist\\src\\main.js',
      'process.owner': 'Administrator',
      'service.name': 'unknown_service:node',
      'telemetry.sdk.language': 'nodejs',
      'telemetry.sdk.name': 'opentelemetry',
      'telemetry.sdk.version': '2.10.0'
    }
  },
  instrumentationScope: {
    name: '@opentelemetry/instrumentation-ioredis',
    version: '0.68.0',
    schemaUrl: undefined
  },
  traceId: '094ea94955f8057a27ef9ef69552edce',
  parentSpanContext: {
    traceId: '094ea94955f8057a27ef9ef69552edce',
    spanId: '4c79e4b0e1921bfe',
    traceFlags: 1,
    traceState: undefined
  },
  traceState: undefined,
  name: 'connect',
  id: '75392d6a39b3dd93',
  kind: 2,
  timestamp: 1784999702230000,
  duration: 160.8,
  attributes: {
    'db.system': 'redis',
    'db.statement': 'connect',
    'db.connection_string': 'redis://localhost:6380',
    'net.peer.name': 'localhost',
    'net.peer.port': 6380
  },
  status: { code: 0 },
  events: [],
  links: []
}
{
  resource: {
    attributes: {
      'host.name': 'Arunesh',
      'host.arch': 'amd64',
      'host.id': '961ee426-227a-4c11-9579-fdfc83a68919',
      'process.pid': 29064,
      'process.executable.name': 'Administrator:  C:\\WINDOWS\\system32\\cmd.exe ',
      'process.executable.path': 'C:\\Program Files\\nodejs\\node.exe',
      'process.command_args': [
        'C:\\Program Files\\nodejs\\node.exe',
        'C:\\Users\\Administrator\\.gemini\\antigravity_old\\scratch_old\\tallyme\\apps\\backend\\dist\\src\\main.js'
      ],
      'process.runtime.version': '24.12.0',
      'process.runtime.name': 'nodejs',
      'process.runtime.description': 'Node.js',
      'process.command': 'C:\\Users\\Administrator\\.gemini\\antigravity_old\\scratch_old\\tallyme\\apps\\backend\\dist\\src\\main.js',
      'process.owner': 'Administrator',
      'service.name': 'unknown_service:node',
      'telemetry.sdk.language': 'nodejs',
      'telemetry.sdk.name': 'opentelemetry',
      'telemetry.sdk.version': '2.10.0'
    }
  },
  instrumentationScope: {
    name: '@opentelemetry/instrumentation-ioredis',
    version: '0.68.0',
    schemaUrl: undefined
  },
  traceId: '094ea94955f8057a27ef9ef69552edce',
  parentSpanContext: {
    traceId: '094ea94955f8057a27ef9ef69552edce',
    spanId: '4c79e4b0e1921bfe',
    traceFlags: 1,
    traceState: undefined
  },
  traceState: undefined,
  name: 'connect',
  id: 'd3179e2c0b9a54d5',
  kind: 2,
  timestamp: 1784999702231000,
  duration: 33.5,
  attributes: {
    'db.system': 'redis',
    'db.statement': 'connect',
    'db.connection_string': 'redis://localhost:6380',
    'net.peer.name': 'localhost',
    'net.peer.port': 6380
  },
  status: { code: 0 },
  events: [],
  links: []
}
{
  resource: {
    attributes: {
      'host.name': 'Arunesh',
      'host.arch': 'amd64',
      'host.id': '961ee426-227a-4c11-9579-fdfc83a68919',
      'process.pid': 29064,
      'process.executable.name': 'Administrator:  C:\\WINDOWS\\system32\\cmd.exe ',
      'process.executable.path': 'C:\\Program Files\\nodejs\\node.exe',
      'process.command_args': [
        'C:\\Program Files\\nodejs\\node.exe',
        'C:\\Users\\Administrator\\.gemini\\antigravity_old\\scratch_old\\tallyme\\apps\\backend\\dist\\src\\main.js'
      ],
      'process.runtime.version': '24.12.0',
      'process.runtime.name': 'nodejs',
      'process.runtime.description': 'Node.js',
      'process.command': 'C:\\Users\\Administrator\\.gemini\\antigravity_old\\scratch_old\\tallyme\\apps\\backend\\dist\\src\\main.js',
      'process.owner': 'Administrator',
      'service.name': 'unknown_service:node',
      'telemetry.sdk.language': 'nodejs',
      'telemetry.sdk.name': 'opentelemetry',
      'telemetry.sdk.version': '2.10.0'
    }
  },
  instrumentationScope: {
    name: '@opentelemetry/instrumentation-ioredis',
    version: '0.68.0',
    schemaUrl: undefined
  },
  traceId: '094ea94955f8057a27ef9ef69552edce',
  parentSpanContext: {
    traceId: '094ea94955f8057a27ef9ef69552edce',
    spanId: '4c79e4b0e1921bfe',
    traceFlags: 1,
    traceState: undefined
  },
  traceState: undefined,
  name: 'connect',
  id: '4676ef88426b3ed8',
  kind: 2,
  timestamp: 1784999702231000,
  duration: 15.2,
  attributes: {
    'db.system': 'redis',
    'db.statement': 'connect',
    'db.connection_string': 'redis://localhost:6380',
    'net.peer.name': 'localhost',
    'net.peer.port': 6380
  },
  status: { code: 0 },
  events: [],
  links: []
}
{
  resource: {
    attributes: {
      'host.name': 'Arunesh',
      'host.arch': 'amd64',
      'host.id': '961ee426-227a-4c11-9579-fdfc83a68919',
      'process.pid': 29064,
      'process.executable.name': 'Administrator:  C:\\WINDOWS\\system32\\cmd.exe ',
      'process.executable.path': 'C:\\Program Files\\nodejs\\node.exe',
      'process.command_args': [
        'C:\\Program Files\\nodejs\\node.exe',
        'C:\\Users\\Administrator\\.gemini\\antigravity_old\\scratch_old\\tallyme\\apps\\backend\\dist\\src\\main.js'
      ],
      'process.runtime.version': '24.12.0',
      'process.runtime.name': 'nodejs',
      'process.runtime.description': 'Node.js',
      'process.command': 'C:\\Users\\Administrator\\.gemini\\antigravity_old\\scratch_old\\tallyme\\apps\\backend\\dist\\src\\main.js',
      'process.owner': 'Administrator',
      'service.name': 'unknown_service:node',
      'telemetry.sdk.language': 'nodejs',
      'telemetry.sdk.name': 'opentelemetry',
      'telemetry.sdk.version': '2.10.0'
    }
  },
  instrumentationScope: {
    name: '@opentelemetry/instrumentation-ioredis',
    version: '0.68.0',
    schemaUrl: undefined
  },
  traceId: '094ea94955f8057a27ef9ef69552edce',
  parentSpanContext: {
    traceId: '094ea94955f8057a27ef9ef69552edce',
    spanId: '4c79e4b0e1921bfe',
    traceFlags: 1,
    traceState: undefined
  },
  traceState: undefined,
  name: 'connect',
  id: '3e90d13fcf7202da',
  kind: 2,
  timestamp: 1784999702231000,
  duration: 90.1,
  attributes: {
    'db.system': 'redis',
    'db.statement': 'connect',
    'db.connection_string': 'redis://localhost:6380',
    'net.peer.name': 'localhost',
    'net.peer.port': 6380
  },
  status: { code: 0 },
  events: [],
  links: []
}
{
  resource: {
    attributes: {
      'host.name': 'Arunesh',
      'host.arch': 'amd64',
      'host.id': '961ee426-227a-4c11-9579-fdfc83a68919',
      'process.pid': 29064,
      'process.executable.name': 'Administrator:  C:\\WINDOWS\\system32\\cmd.exe ',
      'process.executable.path': 'C:\\Program Files\\nodejs\\node.exe',
      'process.command_args': [
        'C:\\Program Files\\nodejs\\node.exe',
        'C:\\Users\\Administrator\\.gemini\\antigravity_old\\scratch_old\\tallyme\\apps\\backend\\dist\\src\\main.js'
      ],
      'process.runtime.version': '24.12.0',
      'process.runtime.name': 'nodejs',
      'process.runtime.description': 'Node.js',
      'process.command': 'C:\\Users\\Administrator\\.gemini\\antigravity_old\\scratch_old\\tallyme\\apps\\backend\\dist\\src\\main.js',
      'process.owner': 'Administrator',
      'service.name': 'unknown_service:node',
      'telemetry.sdk.language': 'nodejs',
      'telemetry.sdk.name': 'opentelemetry',
      'telemetry.sdk.version': '2.10.0'
    }
  },
  instrumentationScope: {
    name: '@opentelemetry/instrumentation-ioredis',
    version: '0.68.0',
    schemaUrl: undefined
  },
  traceId: '094ea94955f8057a27ef9ef69552edce',
  parentSpanContext: {
    traceId: '094ea94955f8057a27ef9ef69552edce',
    spanId: '4c79e4b0e1921bfe',
    traceFlags: 1,
    traceState: undefined
  },
  traceState: undefined,
  name: 'connect',
  id: '2cdaf8012ed3e50c',
  kind: 2,
  timestamp: 1784999702232000,
  duration: 40.2,
  attributes: {
    'db.system': 'redis',
    'db.statement': 'connect',
    'db.connection_string': 'redis://localhost:6380',
    'net.peer.name': 'localhost',
    'net.peer.port': 6380
  },
  status: { code: 0 },
  events: [],
  links: []
}
{
  resource: {
    attributes: {
      'host.name': 'Arunesh',
      'host.arch': 'amd64',
      'host.id': '961ee426-227a-4c11-9579-fdfc83a68919',
      'process.pid': 29064,
      'process.executable.name': 'Administrator:  C:\\WINDOWS\\system32\\cmd.exe ',
      'process.executable.path': 'C:\\Program Files\\nodejs\\node.exe',
      'process.command_args': [
        'C:\\Program Files\\nodejs\\node.exe',
        'C:\\Users\\Administrator\\.gemini\\antigravity_old\\scratch_old\\tallyme\\apps\\backend\\dist\\src\\main.js'
      ],
      'process.runtime.version': '24.12.0',
      'process.runtime.name': 'nodejs',
      'process.runtime.description': 'Node.js',
      'process.command': 'C:\\Users\\Administrator\\.gemini\\antigravity_old\\scratch_old\\tallyme\\apps\\backend\\dist\\src\\main.js',
      'process.owner': 'Administrator',
      'service.name': 'unknown_service:node',
      'telemetry.sdk.language': 'nodejs',
      'telemetry.sdk.name': 'opentelemetry',
      'telemetry.sdk.version': '2.10.0'
    }
  },
  instrumentationScope: {
    name: '@opentelemetry/instrumentation-dns',
    version: '0.63.0',
    schemaUrl: undefined
  },
  traceId: '094ea94955f8057a27ef9ef69552edce',
  parentSpanContext: {
    traceId: '094ea94955f8057a27ef9ef69552edce',
    spanId: '4c79e4b0e1921bfe',
    traceFlags: 1,
    traceState: undefined
  },
  traceState: undefined,
  name: 'dns.lookup',
  id: '112fdb030c1da3c4',
  kind: 2,
  timestamp: 1784999702226000,
  duration: 6501.6,
  attributes: { 'peer.ipv6': '::1', 'peer[1].ipv4': '127.0.0.1' },
  status: { code: 0 },
  events: [],
  links: []
}
{
  resource: {
    attributes: {
      'host.name': 'Arunesh',
      'host.arch': 'amd64',
      'host.id': '961ee426-227a-4c11-9579-fdfc83a68919',
      'process.pid': 29064,
      'process.executable.name': 'Administrator:  C:\\WINDOWS\\system32\\cmd.exe ',
      'process.executable.path': 'C:\\Program Files\\nodejs\\node.exe',
      'process.command_args': [
        'C:\\Program Files\\nodejs\\node.exe',
        'C:\\Users\\Administrator\\.gemini\\antigravity_old\\scratch_old\\tallyme\\apps\\backend\\dist\\src\\main.js'
      ],
      'process.runtime.version': '24.12.0',
      'process.runtime.name': 'nodejs',
      'process.runtime.description': 'Node.js',
      'process.command': 'C:\\Users\\Administrator\\.gemini\\antigravity_old\\scratch_old\\tallyme\\apps\\backend\\dist\\src\\main.js',
      'process.owner': 'Administrator',
      'service.name': 'unknown_service:node',
      'telemetry.sdk.language': 'nodejs',
      'telemetry.sdk.name': 'opentelemetry',
      'telemetry.sdk.version': '2.10.0'
    }
  },
  instrumentationScope: {
    name: '@opentelemetry/instrumentation-dns',
    version: '0.63.0',
    schemaUrl: undefined
  },
  traceId: '094ea94955f8057a27ef9ef69552edce',
  parentSpanContext: {
    traceId: '094ea94955f8057a27ef9ef69552edce',
    spanId: '4c79e4b0e1921bfe',
    traceFlags: 1,
    traceState: undefined
  },
  traceState: undefined,
  name: 'dns.lookup',
  id: 'd586c4b7545cd396',
  kind: 2,
  timestamp: 1784999702227000,
  duration: 7200.2,
  attributes: { 'peer.ipv6': '::1', 'peer[1].ipv4': '127.0.0.1' },
  status: { code: 0 },
  events: [],
  links: []
}
{
  resource: {
    attributes: {
      'host.name': 'Arunesh',
      'host.arch': 'amd64',
      'host.id': '961ee426-227a-4c11-9579-fdfc83a68919',
      'process.pid': 29064,
      'process.executable.name': 'Administrator:  C:\\WINDOWS\\system32\\cmd.exe ',
      'process.executable.path': 'C:\\Program Files\\nodejs\\node.exe',
      'process.command_args': [
        'C:\\Program Files\\nodejs\\node.exe',
        'C:\\Users\\Administrator\\.gemini\\antigravity_old\\scratch_old\\tallyme\\apps\\backend\\dist\\src\\main.js'
      ],
      'process.runtime.version': '24.12.0',
      'process.runtime.name': 'nodejs',
      'process.runtime.description': 'Node.js',
      'process.command': 'C:\\Users\\Administrator\\.gemini\\antigravity_old\\scratch_old\\tallyme\\apps\\backend\\dist\\src\\main.js',
      'process.owner': 'Administrator',
      'service.name': 'unknown_service:node',
      'telemetry.sdk.language': 'nodejs',
      'telemetry.sdk.name': 'opentelemetry',
      'telemetry.sdk.version': '2.10.0'
    }
  },
  instrumentationScope: {
    name: '@opentelemetry/instrumentation-dns',
    version: '0.63.0',
    schemaUrl: undefined
  },
  traceId: '094ea94955f8057a27ef9ef69552edce',
  parentSpanContext: {
    traceId: '094ea94955f8057a27ef9ef69552edce',
    spanId: '4c79e4b0e1921bfe',
    traceFlags: 1,
    traceState: undefined
  },
  traceState: undefined,
  name: 'dns.lookup',
  id: 'c3ab6f96fc0bcee0',
  kind: 2,
  timestamp: 1784999702227000,
  duration: 7727.2,
  attributes: { 'peer.ipv6': '::1', 'peer[1].ipv4': '127.0.0.1' },
  status: { code: 0 },
  events: [],
  links: []
}
{
  resource: {
    attributes: {
      'host.name': 'Arunesh',
      'host.arch': 'amd64',
      'host.id': '961ee426-227a-4c11-9579-fdfc83a68919',
      'process.pid': 29064,
      'process.executable.name': 'Administrator:  C:\\WINDOWS\\system32\\cmd.exe ',
      'process.executable.path': 'C:\\Program Files\\nodejs\\node.exe',
      'process.command_args': [
        'C:\\Program Files\\nodejs\\node.exe',
        'C:\\Users\\Administrator\\.gemini\\antigravity_old\\scratch_old\\tallyme\\apps\\backend\\dist\\src\\main.js'
      ],
      'process.runtime.version': '24.12.0',
      'process.runtime.name': 'nodejs',
      'process.runtime.description': 'Node.js',
      'process.command': 'C:\\Users\\Administrator\\.gemini\\antigravity_old\\scratch_old\\tallyme\\apps\\backend\\dist\\src\\main.js',
      'process.owner': 'Administrator',
      'service.name': 'unknown_service:node',
      'telemetry.sdk.language': 'nodejs',
      'telemetry.sdk.name': 'opentelemetry',
      'telemetry.sdk.version': '2.10.0'
    }
  },
  instrumentationScope: {
    name: '@opentelemetry/instrumentation-dns',
    version: '0.63.0',
    schemaUrl: undefined
  },
  traceId: '094ea94955f8057a27ef9ef69552edce',
  parentSpanContext: {
    traceId: '094ea94955f8057a27ef9ef69552edce',
    spanId: '4c79e4b0e1921bfe',
    traceFlags: 1,
    traceState: undefined
  },
  traceState: undefined,
  name: 'dns.lookup',
  id: 'b2125485e4eca62b',
  kind: 2,
  timestamp: 1784999702227000,
  duration: 8081.9,
  attributes: { 'peer.ipv6': '::1', 'peer[1].ipv4': '127.0.0.1' },
  status: { code: 0 },
  events: [],
  links: []
}
{
  resource: {
    attributes: {
      'host.name': 'Arunesh',
      'host.arch': 'amd64',
      'host.id': '961ee426-227a-4c11-9579-fdfc83a68919',
      'process.pid': 29064,
      'process.executable.name': 'Administrator:  C:\\WINDOWS\\system32\\cmd.exe ',
      'process.executable.path': 'C:\\Program Files\\nodejs\\node.exe',
      'process.command_args': [
        'C:\\Program Files\\nodejs\\node.exe',
        'C:\\Users\\Administrator\\.gemini\\antigravity_old\\scratch_old\\tallyme\\apps\\backend\\dist\\src\\main.js'
      ],
      'process.runtime.version': '24.12.0',
      'process.runtime.name': 'nodejs',
      'process.runtime.description': 'Node.js',
      'process.command': 'C:\\Users\\Administrator\\.gemini\\antigravity_old\\scratch_old\\tallyme\\apps\\backend\\dist\\src\\main.js',
      'process.owner': 'Administrator',
      'service.name': 'unknown_service:node',
      'telemetry.sdk.language': 'nodejs',
      'telemetry.sdk.name': 'opentelemetry',
      'telemetry.sdk.version': '2.10.0'
    }
  },
  instrumentationScope: {
    name: '@opentelemetry/instrumentation-dns',
    version: '0.63.0',
    schemaUrl: undefined
  },
  traceId: 'b0439a312947f91dad422a68b5d1fa63',
  parentSpanContext: undefined,
  traceState: undefined,
  name: 'dns.lookup',
  id: 'bf43ed4817fc8c58',
  kind: 2,
  timestamp: 1784999702228000,
  duration: 8320.2,
  attributes: { 'peer.ipv6': '::1', 'peer[1].ipv4': '127.0.0.1' },
  status: { code: 0 },
  events: [],
  links: []
}
{
  resource: {
    attributes: {
      'host.name': 'Arunesh',
      'host.arch': 'amd64',
      'host.id': '961ee426-227a-4c11-9579-fdfc83a68919',
      'process.pid': 29064,
      'process.executable.name': 'Administrator:  C:\\WINDOWS\\system32\\cmd.exe ',
      'process.executable.path': 'C:\\Program Files\\nodejs\\node.exe',
      'process.command_args': [
        'C:\\Program Files\\nodejs\\node.exe',
        'C:\\Users\\Administrator\\.gemini\\antigravity_old\\scratch_old\\tallyme\\apps\\backend\\dist\\src\\main.js'
      ],
      'process.runtime.version': '24.12.0',
      'process.runtime.name': 'nodejs',
      'process.runtime.description': 'Node.js',
      'process.command': 'C:\\Users\\Administrator\\.gemini\\antigravity_old\\scratch_old\\tallyme\\apps\\backend\\dist\\src\\main.js',
      'process.owner': 'Administrator',
      'service.name': 'unknown_service:node',
      'telemetry.sdk.language': 'nodejs',
      'telemetry.sdk.name': 'opentelemetry',
      'telemetry.sdk.version': '2.10.0'
    }
  },
  instrumentationScope: {
    name: '@opentelemetry/instrumentation-dns',
    version: '0.63.0',
    schemaUrl: undefined
  },
  traceId: '44f15214054959d8c7419f0dd6951029',
  parentSpanContext: undefined,
  traceState: undefined,
  name: 'dns.lookup',
  id: 'e3511148adb23751',
  kind: 2,
  timestamp: 1784999702228000,
  duration: 8136.2,
  attributes: { 'peer.ipv6': '::1', 'peer[1].ipv4': '127.0.0.1' },
  status: { code: 0 },
  events: [],
  links: []
}
{
  resource: {
    attributes: {
      'host.name': 'Arunesh',
      'host.arch': 'amd64',
      'host.id': '961ee426-227a-4c11-9579-fdfc83a68919',
      'process.pid': 29064,
      'process.executable.name': 'Administrator:  C:\\WINDOWS\\system32\\cmd.exe ',
      'process.executable.path': 'C:\\Program Files\\nodejs\\node.exe',
      'process.command_args': [
        'C:\\Program Files\\nodejs\\node.exe',
        'C:\\Users\\Administrator\\.gemini\\antigravity_old\\scratch_old\\tallyme\\apps\\backend\\dist\\src\\main.js'
      ],
      'process.runtime.version': '24.12.0',
      'process.runtime.name': 'nodejs',
      'process.runtime.description': 'Node.js',
      'process.command': 'C:\\Users\\Administrator\\.gemini\\antigravity_old\\scratch_old\\tallyme\\apps\\backend\\dist\\src\\main.js',
      'process.owner': 'Administrator',
      'service.name': 'unknown_service:node',
      'telemetry.sdk.language': 'nodejs',
      'telemetry.sdk.name': 'opentelemetry',
      'telemetry.sdk.version': '2.10.0'
    }
  },
  instrumentationScope: {
    name: '@opentelemetry/instrumentation-dns',
    version: '0.63.0',
    schemaUrl: undefined
  },
  traceId: '094ea94955f8057a27ef9ef69552edce',
  parentSpanContext: {
    traceId: '094ea94955f8057a27ef9ef69552edce',
    spanId: '4c79e4b0e1921bfe',
    traceFlags: 1,
    traceState: undefined
  },
  traceState: undefined,
  name: 'dns.lookup',
  id: '453af7878564b792',
  kind: 2,
  timestamp: 1784999702230000,
  duration: 7014.5,
  attributes: { 'peer.ipv6': '::1', 'peer[1].ipv4': '127.0.0.1' },
  status: { code: 0 },
  events: [],
  links: []
}
{
  resource: {
    attributes: {
      'host.name': 'Arunesh',
      'host.arch': 'amd64',
      'host.id': '961ee426-227a-4c11-9579-fdfc83a68919',
      'process.pid': 29064,
      'process.executable.name': 'Administrator:  C:\\WINDOWS\\system32\\cmd.exe ',
      'process.executable.path': 'C:\\Program Files\\nodejs\\node.exe',
      'process.command_args': [
        'C:\\Program Files\\nodejs\\node.exe',
        'C:\\Users\\Administrator\\.gemini\\antigravity_old\\scratch_old\\tallyme\\apps\\backend\\dist\\src\\main.js'
      ],
      'process.runtime.version': '24.12.0',
      'process.runtime.name': 'nodejs',
      'process.runtime.description': 'Node.js',
      'process.command': 'C:\\Users\\Administrator\\.gemini\\antigravity_old\\scratch_old\\tallyme\\apps\\backend\\dist\\src\\main.js',
      'process.owner': 'Administrator',
      'service.name': 'unknown_service:node',
      'telemetry.sdk.language': 'nodejs',
      'telemetry.sdk.name': 'opentelemetry',
      'telemetry.sdk.version': '2.10.0'
    }
  },
  instrumentationScope: {
    name: '@opentelemetry/instrumentation-dns',
    version: '0.63.0',
    schemaUrl: undefined
  },
  traceId: '094ea94955f8057a27ef9ef69552edce',
  parentSpanContext: {
    traceId: '094ea94955f8057a27ef9ef69552edce',
    spanId: '4c79e4b0e1921bfe',
    traceFlags: 1,
    traceState: undefined
  },
  traceState: undefined,
  name: 'dns.lookup',
  id: '772c9265b260ea34',
  kind: 2,
  timestamp: 1784999702231000,
  duration: 6950,
  attributes: { 'peer.ipv6': '::1', 'peer[1].ipv4': '127.0.0.1' },
  status: { code: 0 },
  events: [],
  links: []
}
{
  resource: {
    attributes: {
      'host.name': 'Arunesh',
      'host.arch': 'amd64',
      'host.id': '961ee426-227a-4c11-9579-fdfc83a68919',
      'process.pid': 29064,
      'process.executable.name': 'Administrator:  C:\\WINDOWS\\system32\\cmd.exe ',
      'process.executable.path': 'C:\\Program Files\\nodejs\\node.exe',
      'process.command_args': [
        'C:\\Program Files\\nodejs\\node.exe',
        'C:\\Users\\Administrator\\.gemini\\antigravity_old\\scratch_old\\tallyme\\apps\\backend\\dist\\src\\main.js'
      ],
      'process.runtime.version': '24.12.0',
      'process.runtime.name': 'nodejs',
      'process.runtime.description': 'Node.js',
      'process.command': 'C:\\Users\\Administrator\\.gemini\\antigravity_old\\scratch_old\\tallyme\\apps\\backend\\dist\\src\\main.js',
      'process.owner': 'Administrator',
      'service.name': 'unknown_service:node',
      'telemetry.sdk.language': 'nodejs',
      'telemetry.sdk.name': 'opentelemetry',
      'telemetry.sdk.version': '2.10.0'
    }
  },
  instrumentationScope: {
    name: '@opentelemetry/instrumentation-dns',
    version: '0.63.0',
    schemaUrl: undefined
  },
  traceId: '094ea94955f8057a27ef9ef69552edce',
  parentSpanContext: {
    traceId: '094ea94955f8057a27ef9ef69552edce',
    spanId: '4c79e4b0e1921bfe',
    traceFlags: 1,
    traceState: undefined
  },
  traceState: undefined,
  name: 'dns.lookup',
  id: '3d8d36b29ccdb8d9',
  kind: 2,
  timestamp: 1784999702231000,
  duration: 6839.8,
  attributes: { 'peer.ipv6': '::1', 'peer[1].ipv4': '127.0.0.1' },
  status: { code: 0 },
  events: [],
  links: []
}
{
  resource: {
    attributes: {
      'host.name': 'Arunesh',
      'host.arch': 'amd64',
      'host.id': '961ee426-227a-4c11-9579-fdfc83a68919',
      'process.pid': 29064,
      'process.executable.name': 'Administrator:  C:\\WINDOWS\\system32\\cmd.exe ',
      'process.executable.path': 'C:\\Program Files\\nodejs\\node.exe',
      'process.command_args': [
        'C:\\Program Files\\nodejs\\node.exe',
        'C:\\Users\\Administrator\\.gemini\\antigravity_old\\scratch_old\\tallyme\\apps\\backend\\dist\\src\\main.js'
      ],
      'process.runtime.version': '24.12.0',
      'process.runtime.name': 'nodejs',
      'process.runtime.description': 'Node.js',
      'process.command': 'C:\\Users\\Administrator\\.gemini\\antigravity_old\\scratch_old\\tallyme\\apps\\backend\\dist\\src\\main.js',
      'process.owner': 'Administrator',
      'service.name': 'unknown_service:node',
      'telemetry.sdk.language': 'nodejs',
      'telemetry.sdk.name': 'opentelemetry',
      'telemetry.sdk.version': '2.10.0'
    }
  },
  instrumentationScope: {
    name: '@opentelemetry/instrumentation-dns',
    version: '0.63.0',
    schemaUrl: undefined
  },
  traceId: '094ea94955f8057a27ef9ef69552edce',
  parentSpanContext: {
    traceId: '094ea94955f8057a27ef9ef69552edce',
    spanId: '4c79e4b0e1921bfe',
    traceFlags: 1,
    traceState: undefined
  },
  traceState: undefined,
  name: 'dns.lookup',
  id: 'ea007e8e6836342b',
  kind: 2,
  timestamp: 1784999702231000,
  duration: 7471.7,
  attributes: { 'peer.ipv6': '::1', 'peer[1].ipv4': '127.0.0.1' },
  status: { code: 0 },
  events: [],
  links: []
}
{
  resource: {
    attributes: {
      'host.name': 'Arunesh',
      'host.arch': 'amd64',
      'host.id': '961ee426-227a-4c11-9579-fdfc83a68919',
      'process.pid': 29064,
      'process.executable.name': 'Administrator:  C:\\WINDOWS\\system32\\cmd.exe ',
      'process.executable.path': 'C:\\Program Files\\nodejs\\node.exe',
      'process.command_args': [
        'C:\\Program Files\\nodejs\\node.exe',
        'C:\\Users\\Administrator\\.gemini\\antigravity_old\\scratch_old\\tallyme\\apps\\backend\\dist\\src\\main.js'
      ],
      'process.runtime.version': '24.12.0',
      'process.runtime.name': 'nodejs',
      'process.runtime.description': 'Node.js',
      'process.command': 'C:\\Users\\Administrator\\.gemini\\antigravity_old\\scratch_old\\tallyme\\apps\\backend\\dist\\src\\main.js',
      'process.owner': 'Administrator',
      'service.name': 'unknown_service:node',
      'telemetry.sdk.language': 'nodejs',
      'telemetry.sdk.name': 'opentelemetry',
      'telemetry.sdk.version': '2.10.0'
    }
  },
  instrumentationScope: {
    name: '@opentelemetry/instrumentation-ioredis',
    version: '0.68.0',
    schemaUrl: undefined
  },
  traceId: '094ea94955f8057a27ef9ef69552edce',
  parentSpanContext: {
    traceId: '094ea94955f8057a27ef9ef69552edce',
    spanId: '4c79e4b0e1921bfe',
    traceFlags: 1,
    traceState: undefined
  },
  traceState: undefined,
  name: 'connect',
  id: '6ce0115be2dfd9b0',
  kind: 2,
  timestamp: 1784999702239000,
  duration: 127.6,
  attributes: {
    'db.system': 'redis',
    'db.statement': 'connect',
    'db.connection_string': 'redis://localhost:6380',
    'net.peer.name': 'localhost',
    'net.peer.port': 6380
  },
  status: { code: 0 },
  events: [],
  links: []
}
{
  resource: {
    attributes: {
      'host.name': 'Arunesh',
      'host.arch': 'amd64',
      'host.id': '961ee426-227a-4c11-9579-fdfc83a68919',
      'process.pid': 29064,
      'process.executable.name': 'Administrator:  C:\\WINDOWS\\system32\\cmd.exe ',
      'process.executable.path': 'C:\\Program Files\\nodejs\\node.exe',
      'process.command_args': [
        'C:\\Program Files\\nodejs\\node.exe',
        'C:\\Users\\Administrator\\.gemini\\antigravity_old\\scratch_old\\tallyme\\apps\\backend\\dist\\src\\main.js'
      ],
      'process.runtime.version': '24.12.0',
      'process.runtime.name': 'nodejs',
      'process.runtime.description': 'Node.js',
      'process.command': 'C:\\Users\\Administrator\\.gemini\\antigravity_old\\scratch_old\\tallyme\\apps\\backend\\dist\\src\\main.js',
      'process.owner': 'Administrator',
      'service.name': 'unknown_service:node',
      'telemetry.sdk.language': 'nodejs',
      'telemetry.sdk.name': 'opentelemetry',
      'telemetry.sdk.version': '2.10.0'
    }
  },
  instrumentationScope: {
    name: '@opentelemetry/instrumentation-ioredis',
    version: '0.68.0',
    schemaUrl: undefined
  },
  traceId: '094ea94955f8057a27ef9ef69552edce',
  parentSpanContext: {
    traceId: '094ea94955f8057a27ef9ef69552edce',
    spanId: '4c79e4b0e1921bfe',
    traceFlags: 1,
    traceState: undefined
  },
  traceState: undefined,
  name: 'connect',
  id: '8ae7af64178a69dc',
  kind: 2,
  timestamp: 1784999702240000,
  duration: 39.3,
  attributes: {
    'db.system': 'redis',
    'db.statement': 'connect',
    'db.connection_string': 'redis://localhost:6380',
    'net.peer.name': 'localhost',
    'net.peer.port': 6380
  },
  status: { code: 0 },
  events: [],
  links: []
}
{
  resource: {
    attributes: {
      'host.name': 'Arunesh',
      'host.arch': 'amd64',
      'host.id': '961ee426-227a-4c11-9579-fdfc83a68919',
      'process.pid': 29064,
      'process.executable.name': 'Administrator:  C:\\WINDOWS\\system32\\cmd.exe ',
      'process.executable.path': 'C:\\Program Files\\nodejs\\node.exe',
      'process.command_args': [
        'C:\\Program Files\\nodejs\\node.exe',
        'C:\\Users\\Administrator\\.gemini\\antigravity_old\\scratch_old\\tallyme\\apps\\backend\\dist\\src\\main.js'
      ],
      'process.runtime.version': '24.12.0',
      'process.runtime.name': 'nodejs',
      'process.runtime.description': 'Node.js',
      'process.command': 'C:\\Users\\Administrator\\.gemini\\antigravity_old\\scratch_old\\tallyme\\apps\\backend\\dist\\src\\main.js',
      'process.owner': 'Administrator',
      'service.name': 'unknown_service:node',
      'telemetry.sdk.language': 'nodejs',
      'telemetry.sdk.name': 'opentelemetry',
      'telemetry.sdk.version': '2.10.0'
    }
  },
  instrumentationScope: {
    name: '@opentelemetry/instrumentation-dns',
    version: '0.63.0',
    schemaUrl: undefined
  },
  traceId: '094ea94955f8057a27ef9ef69552edce',
  parentSpanContext: {
    traceId: '094ea94955f8057a27ef9ef69552edce',
    spanId: '4c79e4b0e1921bfe',
    traceFlags: 1,
    traceState: undefined
  },
  traceState: undefined,
  name: 'dns.lookup',
  id: 'a874bbe38466f467',
  kind: 2,
  timestamp: 1784999702232000,
  duration: 8466.9,
  attributes: { 'peer.ipv6': '::1', 'peer[1].ipv4': '127.0.0.1' },
  status: { code: 0 },
  events: [],
  links: []
}
{
  resource: {
    attributes: {
      'host.name': 'Arunesh',
      'host.arch': 'amd64',
      'host.id': '961ee426-227a-4c11-9579-fdfc83a68919',
      'process.pid': 29064,
      'process.executable.name': 'Administrator:  C:\\WINDOWS\\system32\\cmd.exe ',
      'process.executable.path': 'C:\\Program Files\\nodejs\\node.exe',
      'process.command_args': [
        'C:\\Program Files\\nodejs\\node.exe',
        'C:\\Users\\Administrator\\.gemini\\antigravity_old\\scratch_old\\tallyme\\apps\\backend\\dist\\src\\main.js'
      ],
      'process.runtime.version': '24.12.0',
      'process.runtime.name': 'nodejs',
      'process.runtime.description': 'Node.js',
      'process.command': 'C:\\Users\\Administrator\\.gemini\\antigravity_old\\scratch_old\\tallyme\\apps\\backend\\dist\\src\\main.js',
      'process.owner': 'Administrator',
      'service.name': 'unknown_service:node',
      'telemetry.sdk.language': 'nodejs',
      'telemetry.sdk.name': 'opentelemetry',
      'telemetry.sdk.version': '2.10.0'
    }
  },
  instrumentationScope: {
    name: '@opentelemetry/instrumentation-dns',
    version: '0.63.0',
    schemaUrl: undefined
  },
  traceId: '094ea94955f8057a27ef9ef69552edce',
  parentSpanContext: {
    traceId: '094ea94955f8057a27ef9ef69552edce',
    spanId: '4c79e4b0e1921bfe',
    traceFlags: 1,
    traceState: undefined
  },
  traceState: undefined,
  name: 'dns.lookup',
  id: '971586e1562046e5',
  kind: 2,
  timestamp: 1784999702232000,
  duration: 9163,
  attributes: { 'peer.ipv6': '::1', 'peer[1].ipv4': '127.0.0.1' },
  status: { code: 0 },
  events: [],
  links: []
}
{
  resource: {
    attributes: {
      'host.name': 'Arunesh',
      'host.arch': 'amd64',
      'host.id': '961ee426-227a-4c11-9579-fdfc83a68919',
      'process.pid': 29064,
      'process.executable.name': 'Administrator:  C:\\WINDOWS\\system32\\cmd.exe ',
      'process.executable.path': 'C:\\Program Files\\nodejs\\node.exe',
      'process.command_args': [
        'C:\\Program Files\\nodejs\\node.exe',
        'C:\\Users\\Administrator\\.gemini\\antigravity_old\\scratch_old\\tallyme\\apps\\backend\\dist\\src\\main.js'
      ],
      'process.runtime.version': '24.12.0',
      'process.runtime.name': 'nodejs',
      'process.runtime.description': 'Node.js',
      'process.command': 'C:\\Users\\Administrator\\.gemini\\antigravity_old\\scratch_old\\tallyme\\apps\\backend\\dist\\src\\main.js',
      'process.owner': 'Administrator',
      'service.name': 'unknown_service:node',
      'telemetry.sdk.language': 'nodejs',
      'telemetry.sdk.name': 'opentelemetry',
      'telemetry.sdk.version': '2.10.0'
    }
  },
  instrumentationScope: {
    name: '@opentelemetry/instrumentation-net',
    version: '0.64.0',
    schemaUrl: undefined
  },
  traceId: '094ea94955f8057a27ef9ef69552edce',
  parentSpanContext: {
    traceId: '094ea94955f8057a27ef9ef69552edce',
    spanId: '4c79e4b0e1921bfe',
    traceFlags: 1,
    traceState: undefined
  },
  traceState: undefined,
  name: 'tcp.connect',
  id: '6ff01cebff58a36a',
  kind: 0,
  timestamp: 1784999702226000,
  duration: 16458.8,
  attributes: {
    'net.transport': 'ip_tcp',
    'net.peer.name': 'localhost',
    'net.peer.port': 6380,
    'net.peer.ip': '::1',
    'net.host.ip': '::1',
    'net.host.port': 52109
  },
  status: { code: 0 },
  events: [],
  links: []
}
{
  resource: {
    attributes: {
      'host.name': 'Arunesh',
      'host.arch': 'amd64',
      'host.id': '961ee426-227a-4c11-9579-fdfc83a68919',
      'process.pid': 29064,
      'process.executable.name': 'Administrator:  C:\\WINDOWS\\system32\\cmd.exe ',
      'process.executable.path': 'C:\\Program Files\\nodejs\\node.exe',
      'process.command_args': [
        'C:\\Program Files\\nodejs\\node.exe',
        'C:\\Users\\Administrator\\.gemini\\antigravity_old\\scratch_old\\tallyme\\apps\\backend\\dist\\src\\main.js'
      ],
      'process.runtime.version': '24.12.0',
      'process.runtime.name': 'nodejs',
      'process.runtime.description': 'Node.js',
      'process.command': 'C:\\Users\\Administrator\\.gemini\\antigravity_old\\scratch_old\\tallyme\\apps\\backend\\dist\\src\\main.js',
      'process.owner': 'Administrator',
      'service.name': 'unknown_service:node',
      'telemetry.sdk.language': 'nodejs',
      'telemetry.sdk.name': 'opentelemetry',
      'telemetry.sdk.version': '2.10.0'
    }
  },
  instrumentationScope: {
    name: '@opentelemetry/instrumentation-net',
    version: '0.64.0',
    schemaUrl: undefined
  },
  traceId: '094ea94955f8057a27ef9ef69552edce',
  parentSpanContext: {
    traceId: '094ea94955f8057a27ef9ef69552edce',
    spanId: '4c79e4b0e1921bfe',
    traceFlags: 1,
    traceState: undefined
  },
  traceState: undefined,
  name: 'tcp.connect',
  id: 'c4f8de6c4a9437e4',
  kind: 0,
  timestamp: 1784999702227000,
  duration: 17402.8,
  attributes: {
    'net.transport': 'ip_tcp',
    'net.peer.name': 'localhost',
    'net.peer.port': 6380,
    'net.peer.ip': '::1',
    'net.host.ip': '::1',
    'net.host.port': 52110
  },
  status: { code: 0 },
  events: [],
  links: []
}
{
  resource: {
    attributes: {
      'host.name': 'Arunesh',
      'host.arch': 'amd64',
      'host.id': '961ee426-227a-4c11-9579-fdfc83a68919',
      'process.pid': 29064,
      'process.executable.name': 'Administrator:  C:\\WINDOWS\\system32\\cmd.exe ',
      'process.executable.path': 'C:\\Program Files\\nodejs\\node.exe',
      'process.command_args': [
        'C:\\Program Files\\nodejs\\node.exe',
        'C:\\Users\\Administrator\\.gemini\\antigravity_old\\scratch_old\\tallyme\\apps\\backend\\dist\\src\\main.js'
      ],
      'process.runtime.version': '24.12.0',
      'process.runtime.name': 'nodejs',
      'process.runtime.description': 'Node.js',
      'process.command': 'C:\\Users\\Administrator\\.gemini\\antigravity_old\\scratch_old\\tallyme\\apps\\backend\\dist\\src\\main.js',
      'process.owner': 'Administrator',
      'service.name': 'unknown_service:node',
      'telemetry.sdk.language': 'nodejs',
      'telemetry.sdk.name': 'opentelemetry',
      'telemetry.sdk.version': '2.10.0'
    }
  },
  instrumentationScope: {
    name: '@opentelemetry/instrumentation-net',
    version: '0.64.0',
    schemaUrl: undefined
  },
  traceId: '094ea94955f8057a27ef9ef69552edce',
  parentSpanContext: {
    traceId: '094ea94955f8057a27ef9ef69552edce',
    spanId: '4c79e4b0e1921bfe',
    traceFlags: 1,
    traceState: undefined
  },
  traceState: undefined,
  name: 'tcp.connect',
  id: '47231d0e4fea8e06',
  kind: 0,
  timestamp: 1784999702227000,
  duration: 17763.9,
  attributes: {
    'net.transport': 'ip_tcp',
    'net.peer.name': 'localhost',
    'net.peer.port': 6380,
    'net.peer.ip': '::1',
    'net.host.ip': '::1',
    'net.host.port': 52111
  },
  status: { code: 0 },
  events: [],
  links: []
}
{
  resource: {
    attributes: {
      'host.name': 'Arunesh',
      'host.arch': 'amd64',
      'host.id': '961ee426-227a-4c11-9579-fdfc83a68919',
      'process.pid': 29064,
      'process.executable.name': 'Administrator:  C:\\WINDOWS\\system32\\cmd.exe ',
      'process.executable.path': 'C:\\Program Files\\nodejs\\node.exe',
      'process.command_args': [
        'C:\\Program Files\\nodejs\\node.exe',
        'C:\\Users\\Administrator\\.gemini\\antigravity_old\\scratch_old\\tallyme\\apps\\backend\\dist\\src\\main.js'
      ],
      'process.runtime.version': '24.12.0',
      'process.runtime.name': 'nodejs',
      'process.runtime.description': 'Node.js',
      'process.command': 'C:\\Users\\Administrator\\.gemini\\antigravity_old\\scratch_old\\tallyme\\apps\\backend\\dist\\src\\main.js',
      'process.owner': 'Administrator',
      'service.name': 'unknown_service:node',
      'telemetry.sdk.language': 'nodejs',
      'telemetry.sdk.name': 'opentelemetry',
      'telemetry.sdk.version': '2.10.0'
    }
  },
  instrumentationScope: {
    name: '@opentelemetry/instrumentation-net',
    version: '0.64.0',
    schemaUrl: undefined
  },
  traceId: '094ea94955f8057a27ef9ef69552edce',
  parentSpanContext: {
    traceId: '094ea94955f8057a27ef9ef69552edce',
    spanId: '4c79e4b0e1921bfe',
    traceFlags: 1,
    traceState: undefined
  },
  traceState: undefined,
  name: 'tcp.connect',
  id: 'b3b91c3643693040',
  kind: 0,
  timestamp: 1784999702227000,
  duration: 17788.4,
  attributes: {
    'net.transport': 'ip_tcp',
    'net.peer.name': 'localhost',
    'net.peer.port': 6380,
    'net.peer.ip': '::1',
    'net.host.ip': '::1',
    'net.host.port': 52112
  },
  status: { code: 0 },
  events: [],
  links: []
}
{
  resource: {
    attributes: {
      'host.name': 'Arunesh',
      'host.arch': 'amd64',
      'host.id': '961ee426-227a-4c11-9579-fdfc83a68919',
      'process.pid': 29064,
      'process.executable.name': 'Administrator:  C:\\WINDOWS\\system32\\cmd.exe ',
      'process.executable.path': 'C:\\Program Files\\nodejs\\node.exe',
      'process.command_args': [
        'C:\\Program Files\\nodejs\\node.exe',
        'C:\\Users\\Administrator\\.gemini\\antigravity_old\\scratch_old\\tallyme\\apps\\backend\\dist\\src\\main.js'
      ],
      'process.runtime.version': '24.12.0',
      'process.runtime.name': 'nodejs',
      'process.runtime.description': 'Node.js',
      'process.command': 'C:\\Users\\Administrator\\.gemini\\antigravity_old\\scratch_old\\tallyme\\apps\\backend\\dist\\src\\main.js',
      'process.owner': 'Administrator',
      'service.name': 'unknown_service:node',
      'telemetry.sdk.language': 'nodejs',
      'telemetry.sdk.name': 'opentelemetry',
      'telemetry.sdk.version': '2.10.0'
    }
  },
  instrumentationScope: {
    name: '@opentelemetry/instrumentation-net',
    version: '0.64.0',
    schemaUrl: undefined
  },
  traceId: 'c02307d86fbe784c9fa870608487bae9',
  parentSpanContext: undefined,
  traceState: undefined,
  name: 'tcp.connect',
  id: 'a5bd8de6898a8791',
  kind: 0,
  timestamp: 1784999702228000,
  duration: 17800.9,
  attributes: {
    'net.transport': 'ip_tcp',
    'net.peer.name': 'localhost',
    'net.peer.port': 6380,
    'net.peer.ip': '::1',
    'net.host.ip': '::1',
    'net.host.port': 52113
  },
  status: { code: 0 },
  events: [],
  links: []
}
{
  resource: {
    attributes: {
      'host.name': 'Arunesh',
      'host.arch': 'amd64',
      'host.id': '961ee426-227a-4c11-9579-fdfc83a68919',
      'process.pid': 29064,
      'process.executable.name': 'Administrator:  C:\\WINDOWS\\system32\\cmd.exe ',
      'process.executable.path': 'C:\\Program Files\\nodejs\\node.exe',
      'process.command_args': [
        'C:\\Program Files\\nodejs\\node.exe',
        'C:\\Users\\Administrator\\.gemini\\antigravity_old\\scratch_old\\tallyme\\apps\\backend\\dist\\src\\main.js'
      ],
      'process.runtime.version': '24.12.0',
      'process.runtime.name': 'nodejs',
      'process.runtime.description': 'Node.js',
      'process.command': 'C:\\Users\\Administrator\\.gemini\\antigravity_old\\scratch_old\\tallyme\\apps\\backend\\dist\\src\\main.js',
      'process.owner': 'Administrator',
      'service.name': 'unknown_service:node',
      'telemetry.sdk.language': 'nodejs',
      'telemetry.sdk.name': 'opentelemetry',
      'telemetry.sdk.version': '2.10.0'
    }
  },
  instrumentationScope: {
    name: '@opentelemetry/instrumentation-net',
    version: '0.64.0',
    schemaUrl: undefined
  },
  traceId: '07e7e82d35369a6fa1575327e61e68e4',
  parentSpanContext: undefined,
  traceState: undefined,
  name: 'tcp.connect',
  id: '0763563f79c2bf96',
  kind: 0,
  timestamp: 1784999702228000,
  duration: 17331.4,
  attributes: {
    'net.transport': 'ip_tcp',
    'net.peer.name': 'localhost',
    'net.peer.port': 6380,
    'net.peer.ip': '::1',
    'net.host.ip': '::1',
    'net.host.port': 52114
  },
  status: { code: 0 },
  events: [],
  links: []
}
{
  resource: {
    attributes: {
      'host.name': 'Arunesh',
      'host.arch': 'amd64',
      'host.id': '961ee426-227a-4c11-9579-fdfc83a68919',
      'process.pid': 29064,
      'process.executable.name': 'Administrator:  C:\\WINDOWS\\system32\\cmd.exe ',
      'process.executable.path': 'C:\\Program Files\\nodejs\\node.exe',
      'process.command_args': [
        'C:\\Program Files\\nodejs\\node.exe',
        'C:\\Users\\Administrator\\.gemini\\antigravity_old\\scratch_old\\tallyme\\apps\\backend\\dist\\src\\main.js'
      ],
      'process.runtime.version': '24.12.0',
      'process.runtime.name': 'nodejs',
      'process.runtime.description': 'Node.js',
      'process.command': 'C:\\Users\\Administrator\\.gemini\\antigravity_old\\scratch_old\\tallyme\\apps\\backend\\dist\\src\\main.js',
      'process.owner': 'Administrator',
      'service.name': 'unknown_service:node',
      'telemetry.sdk.language': 'nodejs',
      'telemetry.sdk.name': 'opentelemetry',
      'telemetry.sdk.version': '2.10.0'
    }
  },
  instrumentationScope: {
    name: '@opentelemetry/instrumentation-net',
    version: '0.64.0',
    schemaUrl: undefined
  },
  traceId: '094ea94955f8057a27ef9ef69552edce',
  parentSpanContext: {
    traceId: '094ea94955f8057a27ef9ef69552edce',
    spanId: '4c79e4b0e1921bfe',
    traceFlags: 1,
    traceState: undefined
  },
  traceState: undefined,
  name: 'tcp.connect',
  id: '8fd1cfbf0911c36e',
  kind: 0,
  timestamp: 1784999702230000,
  duration: 16479.5,
  attributes: {
    'net.transport': 'ip_tcp',
    'net.peer.name': 'localhost',
    'net.peer.port': 6380,
    'net.peer.ip': '::1',
    'net.host.ip': '::1',
    'net.host.port': 52116
  },
  status: { code: 0 },
  events: [],
  links: []
}
{
  resource: {
    attributes: {
      'host.name': 'Arunesh',
      'host.arch': 'amd64',
      'host.id': '961ee426-227a-4c11-9579-fdfc83a68919',
      'process.pid': 29064,
      'process.executable.name': 'Administrator:  C:\\WINDOWS\\system32\\cmd.exe ',
      'process.executable.path': 'C:\\Program Files\\nodejs\\node.exe',
      'process.command_args': [
        'C:\\Program Files\\nodejs\\node.exe',
        'C:\\Users\\Administrator\\.gemini\\antigravity_old\\scratch_old\\tallyme\\apps\\backend\\dist\\src\\main.js'
      ],
      'process.runtime.version': '24.12.0',
      'process.runtime.name': 'nodejs',
      'process.runtime.description': 'Node.js',
      'process.command': 'C:\\Users\\Administrator\\.gemini\\antigravity_old\\scratch_old\\tallyme\\apps\\backend\\dist\\src\\main.js',
      'process.owner': 'Administrator',
      'service.name': 'unknown_service:node',
      'telemetry.sdk.language': 'nodejs',
      'telemetry.sdk.name': 'opentelemetry',
      'telemetry.sdk.version': '2.10.0'
    }
  },
  instrumentationScope: {
    name: '@opentelemetry/instrumentation-net',
    version: '0.64.0',
    schemaUrl: undefined
  },
  traceId: '094ea94955f8057a27ef9ef69552edce',
  parentSpanContext: {
    traceId: '094ea94955f8057a27ef9ef69552edce',
    spanId: '4c79e4b0e1921bfe',
    traceFlags: 1,
    traceState: undefined
  },
  traceState: undefined,
  name: 'tcp.connect',
  id: '9aeb33acdf4faef8',
  kind: 0,
  timestamp: 1784999702231000,
  duration: 16677.5,
  attributes: {
    'net.transport': 'ip_tcp',
    'net.peer.name': 'localhost',
    'net.peer.port': 6380,
    'net.peer.ip': '::1',
    'net.host.ip': '::1',
    'net.host.port': 52117
  },
  status: { code: 0 },
  events: [],
  links: []
}
{
  resource: {
    attributes: {
      'host.name': 'Arunesh',
      'host.arch': 'amd64',
      'host.id': '961ee426-227a-4c11-9579-fdfc83a68919',
      'process.pid': 29064,
      'process.executable.name': 'Administrator:  C:\\WINDOWS\\system32\\cmd.exe ',
      'process.executable.path': 'C:\\Program Files\\nodejs\\node.exe',
      'process.command_args': [
        'C:\\Program Files\\nodejs\\node.exe',
        'C:\\Users\\Administrator\\.gemini\\antigravity_old\\scratch_old\\tallyme\\apps\\backend\\dist\\src\\main.js'
      ],
      'process.runtime.version': '24.12.0',
      'process.runtime.name': 'nodejs',
      'process.runtime.description': 'Node.js',
      'process.command': 'C:\\Users\\Administrator\\.gemini\\antigravity_old\\scratch_old\\tallyme\\apps\\backend\\dist\\src\\main.js',
      'process.owner': 'Administrator',
      'service.name': 'unknown_service:node',
      'telemetry.sdk.language': 'nodejs',
      'telemetry.sdk.name': 'opentelemetry',
      'telemetry.sdk.version': '2.10.0'
    }
  },
  instrumentationScope: {
    name: '@opentelemetry/instrumentation-net',
    version: '0.64.0',
    schemaUrl: undefined
  },
  traceId: '094ea94955f8057a27ef9ef69552edce',
  parentSpanContext: {
    traceId: '094ea94955f8057a27ef9ef69552edce',
    spanId: '4c79e4b0e1921bfe',
    traceFlags: 1,
    traceState: undefined
  },
  traceState: undefined,
  name: 'tcp.connect',
  id: 'a91a315acdd7e84d',
  kind: 0,
  timestamp: 1784999702231000,
  duration: 16771.4,
  attributes: {
    'net.transport': 'ip_tcp',
    'net.peer.name': 'localhost',
    'net.peer.port': 6380,
    'net.peer.ip': '::1',
    'net.host.ip': '::1',
    'net.host.port': 52118
  },
  status: { code: 0 },
  events: [],
  links: []
}
{
  resource: {
    attributes: {
      'host.name': 'Arunesh',
      'host.arch': 'amd64',
      'host.id': '961ee426-227a-4c11-9579-fdfc83a68919',
      'process.pid': 29064,
      'process.executable.name': 'Administrator:  C:\\WINDOWS\\system32\\cmd.exe ',
      'process.executable.path': 'C:\\Program Files\\nodejs\\node.exe',
      'process.command_args': [
        'C:\\Program Files\\nodejs\\node.exe',
        'C:\\Users\\Administrator\\.gemini\\antigravity_old\\scratch_old\\tallyme\\apps\\backend\\dist\\src\\main.js'
      ],
      'process.runtime.version': '24.12.0',
      'process.runtime.name': 'nodejs',
      'process.runtime.description': 'Node.js',
      'process.command': 'C:\\Users\\Administrator\\.gemini\\antigravity_old\\scratch_old\\tallyme\\apps\\backend\\dist\\src\\main.js',
      'process.owner': 'Administrator',
      'service.name': 'unknown_service:node',
      'telemetry.sdk.language': 'nodejs',
      'telemetry.sdk.name': 'opentelemetry',
      'telemetry.sdk.version': '2.10.0'
    }
  },
  instrumentationScope: {
    name: '@opentelemetry/instrumentation-net',
    version: '0.64.0',
    schemaUrl: undefined
  },
  traceId: '094ea94955f8057a27ef9ef69552edce',
  parentSpanContext: {
    traceId: '094ea94955f8057a27ef9ef69552edce',
    spanId: '4c79e4b0e1921bfe',
    traceFlags: 1,
    traceState: undefined
  },
  traceState: undefined,
  name: 'tcp.connect',
  id: '3afc57c497d6db4d',
  kind: 0,
  timestamp: 1784999702231000,
  duration: 17355.1,
  attributes: {
    'net.transport': 'ip_tcp',
    'net.peer.name': 'localhost',
    'net.peer.port': 6380,
    'net.peer.ip': '::1',
    'net.host.ip': '::1',
    'net.host.port': 52119
  },
  status: { code: 0 },
  events: [],
  links: []
}
{
  resource: {
    attributes: {
      'host.name': 'Arunesh',
      'host.arch': 'amd64',
      'host.id': '961ee426-227a-4c11-9579-fdfc83a68919',
      'process.pid': 29064,
      'process.executable.name': 'Administrator:  C:\\WINDOWS\\system32\\cmd.exe ',
      'process.executable.path': 'C:\\Program Files\\nodejs\\node.exe',
      'process.command_args': [
        'C:\\Program Files\\nodejs\\node.exe',
        'C:\\Users\\Administrator\\.gemini\\antigravity_old\\scratch_old\\tallyme\\apps\\backend\\dist\\src\\main.js'
      ],
      'process.runtime.version': '24.12.0',
      'process.runtime.name': 'nodejs',
      'process.runtime.description': 'Node.js',
      'process.command': 'C:\\Users\\Administrator\\.gemini\\antigravity_old\\scratch_old\\tallyme\\apps\\backend\\dist\\src\\main.js',
      'process.owner': 'Administrator',
      'service.name': 'unknown_service:node',
      'telemetry.sdk.language': 'nodejs',
      'telemetry.sdk.name': 'opentelemetry',
      'telemetry.sdk.version': '2.10.0'
    }
  },
  instrumentationScope: {
    name: '@opentelemetry/instrumentation-dns',
    version: '0.63.0',
    schemaUrl: undefined
  },
  traceId: '094ea94955f8057a27ef9ef69552edce',
  parentSpanContext: {
    traceId: '094ea94955f8057a27ef9ef69552edce',
    spanId: '4c79e4b0e1921bfe',
    traceFlags: 1,
    traceState: undefined
  },
  traceState: undefined,
  name: 'dns.lookup',
  id: '4bc55c1b737c3087',
  kind: 2,
  timestamp: 1784999702240000,
  duration: 8958.9,
  attributes: { 'peer.ipv6': '::1', 'peer[1].ipv4': '127.0.0.1' },
  status: { code: 0 },
  events: [],
  links: []
}
{
  resource: {
    attributes: {
      'host.name': 'Arunesh',
      'host.arch': 'amd64',
      'host.id': '961ee426-227a-4c11-9579-fdfc83a68919',
      'process.pid': 29064,
      'process.executable.name': 'Administrator:  C:\\WINDOWS\\system32\\cmd.exe ',
      'process.executable.path': 'C:\\Program Files\\nodejs\\node.exe',
      'process.command_args': [
        'C:\\Program Files\\nodejs\\node.exe',
        'C:\\Users\\Administrator\\.gemini\\antigravity_old\\scratch_old\\tallyme\\apps\\backend\\dist\\src\\main.js'
      ],
      'process.runtime.version': '24.12.0',
      'process.runtime.name': 'nodejs',
      'process.runtime.description': 'Node.js',
      'process.command': 'C:\\Users\\Administrator\\.gemini\\antigravity_old\\scratch_old\\tallyme\\apps\\backend\\dist\\src\\main.js',
      'process.owner': 'Administrator',
      'service.name': 'unknown_service:node',
      'telemetry.sdk.language': 'nodejs',
      'telemetry.sdk.name': 'opentelemetry',
      'telemetry.sdk.version': '2.10.0'
    }
  },
  instrumentationScope: {
    name: '@opentelemetry/instrumentation-dns',
    version: '0.63.0',
    schemaUrl: undefined
  },
  traceId: '094ea94955f8057a27ef9ef69552edce',
  parentSpanContext: {
    traceId: '094ea94955f8057a27ef9ef69552edce',
    spanId: '4c79e4b0e1921bfe',
    traceFlags: 1,
    traceState: undefined
  },
  traceState: undefined,
  name: 'dns.lookup',
  id: '67f4d740064440c0',
  kind: 2,
  timestamp: 1784999702240000,
  duration: 9314,
  attributes: { 'peer.ipv6': '::1', 'peer[1].ipv4': '127.0.0.1' },
  status: { code: 0 },
  events: [],
  links: []
}
{
  resource: {
    attributes: {
      'host.name': 'Arunesh',
      'host.arch': 'amd64',
      'host.id': '961ee426-227a-4c11-9579-fdfc83a68919',
      'process.pid': 29064,
      'process.executable.name': 'Administrator:  C:\\WINDOWS\\system32\\cmd.exe ',
      'process.executable.path': 'C:\\Program Files\\nodejs\\node.exe',
      'process.command_args': [
        'C:\\Program Files\\nodejs\\node.exe',
        'C:\\Users\\Administrator\\.gemini\\antigravity_old\\scratch_old\\tallyme\\apps\\backend\\dist\\src\\main.js'
      ],
      'process.runtime.version': '24.12.0',
      'process.runtime.name': 'nodejs',
      'process.runtime.description': 'Node.js',
      'process.command': 'C:\\Users\\Administrator\\.gemini\\antigravity_old\\scratch_old\\tallyme\\apps\\backend\\dist\\src\\main.js',
      'process.owner': 'Administrator',
      'service.name': 'unknown_service:node',
      'telemetry.sdk.language': 'nodejs',
      'telemetry.sdk.name': 'opentelemetry',
      'telemetry.sdk.version': '2.10.0'
    }
  },
  instrumentationScope: {
    name: '@opentelemetry/instrumentation-net',
    version: '0.64.0',
    schemaUrl: undefined
  },
  traceId: '094ea94955f8057a27ef9ef69552edce',
  parentSpanContext: {
    traceId: '094ea94955f8057a27ef9ef69552edce',
    spanId: '4c79e4b0e1921bfe',
    traceFlags: 1,
    traceState: undefined
  },
  traceState: undefined,
  name: 'tcp.connect',
  id: '464e176f1ff65b2d',
  kind: 0,
  timestamp: 1784999702232000,
  duration: 18358,
  attributes: {
    'net.transport': 'ip_tcp',
    'net.peer.name': 'localhost',
    'net.peer.port': 6380,
    'net.peer.ip': '::1',
    'net.host.ip': '::1',
    'net.host.port': 52120
  },
  status: { code: 0 },
  events: [],
  links: []
}
{
  resource: {
    attributes: {
      'host.name': 'Arunesh',
      'host.arch': 'amd64',
      'host.id': '961ee426-227a-4c11-9579-fdfc83a68919',
      'process.pid': 29064,
      'process.executable.name': 'Administrator:  C:\\WINDOWS\\system32\\cmd.exe ',
      'process.executable.path': 'C:\\Program Files\\nodejs\\node.exe',
      'process.command_args': [
        'C:\\Program Files\\nodejs\\node.exe',
        'C:\\Users\\Administrator\\.gemini\\antigravity_old\\scratch_old\\tallyme\\apps\\backend\\dist\\src\\main.js'
      ],
      'process.runtime.version': '24.12.0',
      'process.runtime.name': 'nodejs',
      'process.runtime.description': 'Node.js',
      'process.command': 'C:\\Users\\Administrator\\.gemini\\antigravity_old\\scratch_old\\tallyme\\apps\\backend\\dist\\src\\main.js',
      'process.owner': 'Administrator',
      'service.name': 'unknown_service:node',
      'telemetry.sdk.language': 'nodejs',
      'telemetry.sdk.name': 'opentelemetry',
      'telemetry.sdk.version': '2.10.0'
    }
  },
  instrumentationScope: {
    name: '@opentelemetry/instrumentation-net',
    version: '0.64.0',
    schemaUrl: undefined
  },
  traceId: '094ea94955f8057a27ef9ef69552edce',
  parentSpanContext: {
    traceId: '094ea94955f8057a27ef9ef69552edce',
    spanId: '4c79e4b0e1921bfe',
    traceFlags: 1,
    traceState: undefined
  },
  traceState: undefined,
  name: 'tcp.connect',
  id: '54523cacb3dbc392',
  kind: 0,
  timestamp: 1784999702232000,
  duration: 18315.3,
  attributes: {
    'net.transport': 'ip_tcp',
    'net.peer.name': 'localhost',
    'net.peer.port': 6380,
    'net.peer.ip': '::1',
    'net.host.ip': '::1',
    'net.host.port': 52121
  },
  status: { code: 0 },
  events: [],
  links: []
}
{
  resource: {
    attributes: {
      'host.name': 'Arunesh',
      'host.arch': 'amd64',
      'host.id': '961ee426-227a-4c11-9579-fdfc83a68919',
      'process.pid': 29064,
      'process.executable.name': 'Administrator:  C:\\WINDOWS\\system32\\cmd.exe ',
      'process.executable.path': 'C:\\Program Files\\nodejs\\node.exe',
      'process.command_args': [
        'C:\\Program Files\\nodejs\\node.exe',
        'C:\\Users\\Administrator\\.gemini\\antigravity_old\\scratch_old\\tallyme\\apps\\backend\\dist\\src\\main.js'
      ],
      'process.runtime.version': '24.12.0',
      'process.runtime.name': 'nodejs',
      'process.runtime.description': 'Node.js',
      'process.command': 'C:\\Users\\Administrator\\.gemini\\antigravity_old\\scratch_old\\tallyme\\apps\\backend\\dist\\src\\main.js',
      'process.owner': 'Administrator',
      'service.name': 'unknown_service:node',
      'telemetry.sdk.language': 'nodejs',
      'telemetry.sdk.name': 'opentelemetry',
      'telemetry.sdk.version': '2.10.0'
    }
  },
  instrumentationScope: {
    name: '@opentelemetry/instrumentation-net',
    version: '0.64.0',
    schemaUrl: undefined
  },
  traceId: '094ea94955f8057a27ef9ef69552edce',
  parentSpanContext: {
    traceId: '094ea94955f8057a27ef9ef69552edce',
    spanId: '4c79e4b0e1921bfe',
    traceFlags: 1,
    traceState: undefined
  },
  traceState: undefined,
  name: 'tcp.connect',
  id: '3d65e5667b4f5749',
  kind: 0,
  timestamp: 1784999702240000,
  duration: 13922.3,
  attributes: {
    'net.transport': 'ip_tcp',
    'net.peer.name': 'localhost',
    'net.peer.port': 6380,
    'net.peer.ip': '::1',
    'net.host.ip': '::1',
    'net.host.port': 52123
  },
  status: { code: 0 },
  events: [],
  links: []
}
{
  resource: {
    attributes: {
      'host.name': 'Arunesh',
      'host.arch': 'amd64',
      'host.id': '961ee426-227a-4c11-9579-fdfc83a68919',
      'process.pid': 29064,
      'process.executable.name': 'Administrator:  C:\\WINDOWS\\system32\\cmd.exe ',
      'process.executable.path': 'C:\\Program Files\\nodejs\\node.exe',
      'process.command_args': [
        'C:\\Program Files\\nodejs\\node.exe',
        'C:\\Users\\Administrator\\.gemini\\antigravity_old\\scratch_old\\tallyme\\apps\\backend\\dist\\src\\main.js'
      ],
      'process.runtime.version': '24.12.0',
      'process.runtime.name': 'nodejs',
      'process.runtime.description': 'Node.js',
      'process.command': 'C:\\Users\\Administrator\\.gemini\\antigravity_old\\scratch_old\\tallyme\\apps\\backend\\dist\\src\\main.js',
      'process.owner': 'Administrator',
      'service.name': 'unknown_service:node',
      'telemetry.sdk.language': 'nodejs',
      'telemetry.sdk.name': 'opentelemetry',
      'telemetry.sdk.version': '2.10.0'
    }
  },
  instrumentationScope: {
    name: '@opentelemetry/instrumentation-net',
    version: '0.64.0',
    schemaUrl: undefined
  },
  traceId: '094ea94955f8057a27ef9ef69552edce',
  parentSpanContext: {
    traceId: '094ea94955f8057a27ef9ef69552edce',
    spanId: '4c79e4b0e1921bfe',
    traceFlags: 1,
    traceState: undefined
  },
  traceState: undefined,
  name: 'tcp.connect',
  id: 'c61cd2b601b4fda0',
  kind: 0,
  timestamp: 1784999702240000,
  duration: 13900.7,
  attributes: {
    'net.transport': 'ip_tcp',
    'net.peer.name': 'localhost',
    'net.peer.port': 6380,
    'net.peer.ip': '::1',
    'net.host.ip': '::1',
    'net.host.port': 52124
  },
  status: { code: 0 },
  events: [],
  links: []
}
{
  resource: {
    attributes: {
      'host.name': 'Arunesh',
      'host.arch': 'amd64',
      'host.id': '961ee426-227a-4c11-9579-fdfc83a68919',
      'process.pid': 29064,
      'process.executable.name': 'Administrator:  C:\\WINDOWS\\system32\\cmd.exe ',
      'process.executable.path': 'C:\\Program Files\\nodejs\\node.exe',
      'process.command_args': [
        'C:\\Program Files\\nodejs\\node.exe',
        'C:\\Users\\Administrator\\.gemini\\antigravity_old\\scratch_old\\tallyme\\apps\\backend\\dist\\src\\main.js'
      ],
      'process.runtime.version': '24.12.0',
      'process.runtime.name': 'nodejs',
      'process.runtime.description': 'Node.js',
      'process.command': 'C:\\Users\\Administrator\\.gemini\\antigravity_old\\scratch_old\\tallyme\\apps\\backend\\dist\\src\\main.js',
      'process.owner': 'Administrator',
      'service.name': 'unknown_service:node',
      'telemetry.sdk.language': 'nodejs',
      'telemetry.sdk.name': 'opentelemetry',
      'telemetry.sdk.version': '2.10.0'
    }
  },
  instrumentationScope: {
    name: '@opentelemetry/instrumentation-dns',
    version: '0.63.0',
    schemaUrl: undefined
  },
  traceId: '04efeff341935027c6bac507e9d41cdd',
  parentSpanContext: undefined,
  traceState: undefined,
  name: 'dns.lookup',
  id: 'abc8ab7e56a57d2b',
  kind: 2,
  timestamp: 1784999705854000,
  duration: 678.4,
  attributes: { 'peer.ipv6': '::1', 'peer[1].ipv4': '127.0.0.1' },
  status: { code: 0 },
  events: [],
  links: []
}
{
  resource: {
    attributes: {
      'host.name': 'Arunesh',
      'host.arch': 'amd64',
      'host.id': '961ee426-227a-4c11-9579-fdfc83a68919',
      'process.pid': 29064,
      'process.executable.name': 'Administrator:  C:\\WINDOWS\\system32\\cmd.exe ',
      'process.executable.path': 'C:\\Program Files\\nodejs\\node.exe',
      'process.command_args': [
        'C:\\Program Files\\nodejs\\node.exe',
        'C:\\Users\\Administrator\\.gemini\\antigravity_old\\scratch_old\\tallyme\\apps\\backend\\dist\\src\\main.js'
      ],
      'process.runtime.version': '24.12.0',
      'process.runtime.name': 'nodejs',
      'process.runtime.description': 'Node.js',
      'process.command': 'C:\\Users\\Administrator\\.gemini\\antigravity_old\\scratch_old\\tallyme\\apps\\backend\\dist\\src\\main.js',
      'process.owner': 'Administrator',
      'service.name': 'unknown_service:node',
      'telemetry.sdk.language': 'nodejs',
      'telemetry.sdk.name': 'opentelemetry',
      'telemetry.sdk.version': '2.10.0'
    }
  },
  instrumentationScope: {
    name: '@opentelemetry/instrumentation-net',
    version: '0.64.0',
    schemaUrl: undefined
  },
  traceId: '6b465400fe50def87c2e03d268e719d5',
  parentSpanContext: undefined,
  traceState: undefined,
  name: 'tcp.connect',
  id: '822b612fe9698f7c',
  kind: 0,
  timestamp: 1784999705854000,
  duration: 1484.2,
  attributes: {
    'net.transport': 'ip_tcp',
    'net.peer.name': 'localhost',
    'net.peer.port': 6380,
    'net.peer.ip': '::1',
    'net.host.ip': '::1',
    'net.host.port': 52153
  },
  status: { code: 0 },
  events: [],
  links: []
}
{
  resource: {
    attributes: {
      'host.name': 'Arunesh',
      'host.arch': 'amd64',
      'host.id': '961ee426-227a-4c11-9579-fdfc83a68919',
      'process.pid': 29064,
      'process.executable.name': 'Administrator:  C:\\WINDOWS\\system32\\cmd.exe ',
      'process.executable.path': 'C:\\Program Files\\nodejs\\node.exe',
      'process.command_args': [
        'C:\\Program Files\\nodejs\\node.exe',
        'C:\\Users\\Administrator\\.gemini\\antigravity_old\\scratch_old\\tallyme\\apps\\backend\\dist\\src\\main.js'
      ],
      'process.runtime.version': '24.12.0',
      'process.runtime.name': 'nodejs',
      'process.runtime.description': 'Node.js',
      'process.command': 'C:\\Users\\Administrator\\.gemini\\antigravity_old\\scratch_old\\tallyme\\apps\\backend\\dist\\src\\main.js',
      'process.owner': 'Administrator',
      'service.name': 'unknown_service:node',
      'telemetry.sdk.language': 'nodejs',
      'telemetry.sdk.name': 'opentelemetry',
      'telemetry.sdk.version': '2.10.0'
    }
  },
  instrumentationScope: {
    name: '@opentelemetry/instrumentation-ioredis',
    version: '0.68.0',
    schemaUrl: undefined
  },
  traceId: '094ea94955f8057a27ef9ef69552edce',
  parentSpanContext: {
    traceId: '094ea94955f8057a27ef9ef69552edce',
    spanId: '4c79e4b0e1921bfe',
    traceFlags: 1,
    traceState: undefined
  },
  traceState: undefined,
  name: 'connect',
  id: '376a8a30574e8913',
  kind: 2,
  timestamp: 1784999706680000,
  duration: 157.1,
  attributes: {
    'db.system': 'redis',
    'db.statement': 'connect',
    'db.connection_string': 'redis://localhost:6380',
    'net.peer.name': 'localhost',
    'net.peer.port': 6380
  },
  status: { code: 0 },
  events: [],
  links: []
}
{
  resource: {
    attributes: {
      'host.name': 'Arunesh',
      'host.arch': 'amd64',
      'host.id': '961ee426-227a-4c11-9579-fdfc83a68919',
      'process.pid': 29064,
      'process.executable.name': 'Administrator:  C:\\WINDOWS\\system32\\cmd.exe ',
      'process.executable.path': 'C:\\Program Files\\nodejs\\node.exe',
      'process.command_args': [
        'C:\\Program Files\\nodejs\\node.exe',
        'C:\\Users\\Administrator\\.gemini\\antigravity_old\\scratch_old\\tallyme\\apps\\backend\\dist\\src\\main.js'
      ],
      'process.runtime.version': '24.12.0',
      'process.runtime.name': 'nodejs',
      'process.runtime.description': 'Node.js',
      'process.command': 'C:\\Users\\Administrator\\.gemini\\antigravity_old\\scratch_old\\tallyme\\apps\\backend\\dist\\src\\main.js',
      'process.owner': 'Administrator',
      'service.name': 'unknown_service:node',
      'telemetry.sdk.language': 'nodejs',
      'telemetry.sdk.name': 'opentelemetry',
      'telemetry.sdk.version': '2.10.0'
    }
  },
  instrumentationScope: {
    name: '@opentelemetry/instrumentation-ioredis',
    version: '0.68.0',
    schemaUrl: undefined
  },
  traceId: '094ea94955f8057a27ef9ef69552edce',
  parentSpanContext: {
    traceId: '094ea94955f8057a27ef9ef69552edce',
    spanId: '4c79e4b0e1921bfe',
    traceFlags: 1,
    traceState: undefined
  },
  traceState: undefined,
  name: 'connect',
  id: '0568deee2ae52c98',
  kind: 2,
  timestamp: 1784999706681000,
  duration: 51.5,
  attributes: {
    'db.system': 'redis',
    'db.statement': 'connect',
    'db.connection_string': 'redis://localhost:6380',
    'net.peer.name': 'localhost',
    'net.peer.port': 6380
  },
  status: { code: 0 },
  events: [],
  links: []
}
{
  resource: {
    attributes: {
      'host.name': 'Arunesh',
      'host.arch': 'amd64',
      'host.id': '961ee426-227a-4c11-9579-fdfc83a68919',
      'process.pid': 29064,
      'process.executable.name': 'Administrator:  C:\\WINDOWS\\system32\\cmd.exe ',
      'process.executable.path': 'C:\\Program Files\\nodejs\\node.exe',
      'process.command_args': [
        'C:\\Program Files\\nodejs\\node.exe',
        'C:\\Users\\Administrator\\.gemini\\antigravity_old\\scratch_old\\tallyme\\apps\\backend\\dist\\src\\main.js'
      ],
      'process.runtime.version': '24.12.0',
      'process.runtime.name': 'nodejs',
      'process.runtime.description': 'Node.js',
      'process.command': 'C:\\Users\\Administrator\\.gemini\\antigravity_old\\scratch_old\\tallyme\\apps\\backend\\dist\\src\\main.js',
      'process.owner': 'Administrator',
      'service.name': 'unknown_service:node',
      'telemetry.sdk.language': 'nodejs',
      'telemetry.sdk.name': 'opentelemetry',
      'telemetry.sdk.version': '2.10.0'
    }
  },
  instrumentationScope: {
    name: '@opentelemetry/instrumentation-ioredis',
    version: '0.68.0',
    schemaUrl: undefined
  },
  traceId: '094ea94955f8057a27ef9ef69552edce',
  parentSpanContext: {
    traceId: '094ea94955f8057a27ef9ef69552edce',
    spanId: '4c79e4b0e1921bfe',
    traceFlags: 1,
    traceState: undefined
  },
  traceState: undefined,
  name: 'connect',
  id: 'f9b1d9c04b7f9afd',
  kind: 2,
  timestamp: 1784999706682000,
  duration: 56.5,
  attributes: {
    'db.system': 'redis',
    'db.statement': 'connect',
    'db.connection_string': 'redis://localhost:6380',
    'net.peer.name': 'localhost',
    'net.peer.port': 6380
  },
  status: { code: 0 },
  events: [],
  links: []
}
{
  resource: {
    attributes: {
      'host.name': 'Arunesh',
      'host.arch': 'amd64',
      'host.id': '961ee426-227a-4c11-9579-fdfc83a68919',
      'process.pid': 29064,
      'process.executable.name': 'Administrator:  C:\\WINDOWS\\system32\\cmd.exe ',
      'process.executable.path': 'C:\\Program Files\\nodejs\\node.exe',
      'process.command_args': [
        'C:\\Program Files\\nodejs\\node.exe',
        'C:\\Users\\Administrator\\.gemini\\antigravity_old\\scratch_old\\tallyme\\apps\\backend\\dist\\src\\main.js'
      ],
      'process.runtime.version': '24.12.0',
      'process.runtime.name': 'nodejs',
      'process.runtime.description': 'Node.js',
      'process.command': 'C:\\Users\\Administrator\\.gemini\\antigravity_old\\scratch_old\\tallyme\\apps\\backend\\dist\\src\\main.js',
      'process.owner': 'Administrator',
      'service.name': 'unknown_service:node',
      'telemetry.sdk.language': 'nodejs',
      'telemetry.sdk.name': 'opentelemetry',
      'telemetry.sdk.version': '2.10.0'
    }
  },
  instrumentationScope: {
    name: '@opentelemetry/instrumentation-ioredis',
    version: '0.68.0',
    schemaUrl: undefined
  },
  traceId: '094ea94955f8057a27ef9ef69552edce',
  parentSpanContext: {
    traceId: '094ea94955f8057a27ef9ef69552edce',
    spanId: '4c79e4b0e1921bfe',
    traceFlags: 1,
    traceState: undefined
  },
  traceState: undefined,
  name: 'connect',
  id: '7975f22ab55f6fbc',
  kind: 2,
  timestamp: 1784999706682000,
  duration: 43,
  attributes: {
    'db.system': 'redis',
    'db.statement': 'connect',
    'db.connection_string': 'redis://localhost:6380',
    'net.peer.name': 'localhost',
    'net.peer.port': 6380
  },
  status: { code: 0 },
  events: [],
  links: []
}
{
  resource: {
    attributes: {
      'host.name': 'Arunesh',
      'host.arch': 'amd64',
      'host.id': '961ee426-227a-4c11-9579-fdfc83a68919',
      'process.pid': 29064,
      'process.executable.name': 'Administrator:  C:\\WINDOWS\\system32\\cmd.exe ',
      'process.executable.path': 'C:\\Program Files\\nodejs\\node.exe',
      'process.command_args': [
        'C:\\Program Files\\nodejs\\node.exe',
        'C:\\Users\\Administrator\\.gemini\\antigravity_old\\scratch_old\\tallyme\\apps\\backend\\dist\\src\\main.js'
      ],
      'process.runtime.version': '24.12.0',
      'process.runtime.name': 'nodejs',
      'process.runtime.description': 'Node.js',
      'process.command': 'C:\\Users\\Administrator\\.gemini\\antigravity_old\\scratch_old\\tallyme\\apps\\backend\\dist\\src\\main.js',
      'process.owner': 'Administrator',
      'service.name': 'unknown_service:node',
      'telemetry.sdk.language': 'nodejs',
      'telemetry.sdk.name': 'opentelemetry',
      'telemetry.sdk.version': '2.10.0'
    }
  },
  instrumentationScope: {
    name: '@opentelemetry/instrumentation-ioredis',
    version: '0.68.0',
    schemaUrl: undefined
  },
  traceId: '094ea94955f8057a27ef9ef69552edce',
  parentSpanContext: {
    traceId: '094ea94955f8057a27ef9ef69552edce',
    spanId: '4c79e4b0e1921bfe',
    traceFlags: 1,
    traceState: undefined
  },
  traceState: undefined,
  name: 'connect',
  id: '2098c5a40174efd9',
  kind: 2,
  timestamp: 1784999706683000,
  duration: 29,
  attributes: {
    'db.system': 'redis',
    'db.statement': 'connect',
    'db.connection_string': 'redis://localhost:6380',
    'net.peer.name': 'localhost',
    'net.peer.port': 6380
  },
  status: { code: 0 },
  events: [],
  links: []
}
{
  resource: {
    attributes: {
      'host.name': 'Arunesh',
      'host.arch': 'amd64',
      'host.id': '961ee426-227a-4c11-9579-fdfc83a68919',
      'process.pid': 29064,
      'process.executable.name': 'Administrator:  C:\\WINDOWS\\system32\\cmd.exe ',
      'process.executable.path': 'C:\\Program Files\\nodejs\\node.exe',
      'process.command_args': [
        'C:\\Program Files\\nodejs\\node.exe',
        'C:\\Users\\Administrator\\.gemini\\antigravity_old\\scratch_old\\tallyme\\apps\\backend\\dist\\src\\main.js'
      ],
      'process.runtime.version': '24.12.0',
      'process.runtime.name': 'nodejs',
      'process.runtime.description': 'Node.js',
      'process.command': 'C:\\Users\\Administrator\\.gemini\\antigravity_old\\scratch_old\\tallyme\\apps\\backend\\dist\\src\\main.js',
      'process.owner': 'Administrator',
      'service.name': 'unknown_service:node',
      'telemetry.sdk.language': 'nodejs',
      'telemetry.sdk.name': 'opentelemetry',
      'telemetry.sdk.version': '2.10.0'
    }
  },
  instrumentationScope: {
    name: '@opentelemetry/instrumentation-ioredis',
    version: '0.68.0',
    schemaUrl: undefined
  },
  traceId: '094ea94955f8057a27ef9ef69552edce',
  parentSpanContext: {
    traceId: '094ea94955f8057a27ef9ef69552edce',
    spanId: '4c79e4b0e1921bfe',
    traceFlags: 1,
    traceState: undefined
  },
  traceState: undefined,
  name: 'connect',
  id: 'b19fca60de7e663c',
  kind: 2,
  timestamp: 1784999706683000,
  duration: 27.7,
  attributes: {
    'db.system': 'redis',
    'db.statement': 'connect',
    'db.connection_string': 'redis://localhost:6380',
    'net.peer.name': 'localhost',
    'net.peer.port': 6380
  },
  status: { code: 0 },
  events: [],
  links: []
}
{
  resource: {
    attributes: {
      'host.name': 'Arunesh',
      'host.arch': 'amd64',
      'host.id': '961ee426-227a-4c11-9579-fdfc83a68919',
      'process.pid': 29064,
      'process.executable.name': 'Administrator:  C:\\WINDOWS\\system32\\cmd.exe ',
      'process.executable.path': 'C:\\Program Files\\nodejs\\node.exe',
      'process.command_args': [
        'C:\\Program Files\\nodejs\\node.exe',
        'C:\\Users\\Administrator\\.gemini\\antigravity_old\\scratch_old\\tallyme\\apps\\backend\\dist\\src\\main.js'
      ],
      'process.runtime.version': '24.12.0',
      'process.runtime.name': 'nodejs',
      'process.runtime.description': 'Node.js',
      'process.command': 'C:\\Users\\Administrator\\.gemini\\antigravity_old\\scratch_old\\tallyme\\apps\\backend\\dist\\src\\main.js',
      'process.owner': 'Administrator',
      'service.name': 'unknown_service:node',
      'telemetry.sdk.language': 'nodejs',
      'telemetry.sdk.name': 'opentelemetry',
      'telemetry.sdk.version': '2.10.0'
    }
  },
  instrumentationScope: {
    name: '@opentelemetry/instrumentation-ioredis',
    version: '0.68.0',
    schemaUrl: undefined
  },
  traceId: '094ea94955f8057a27ef9ef69552edce',
  parentSpanContext: {
    traceId: '094ea94955f8057a27ef9ef69552edce',
    spanId: '4c79e4b0e1921bfe',
    traceFlags: 1,
    traceState: undefined
  },
  traceState: undefined,
  name: 'connect',
  id: 'aab5d7992949d8d4',
  kind: 2,
  timestamp: 1784999706684000,
  duration: 65.7,
  attributes: {
    'db.system': 'redis',
    'db.statement': 'connect',
    'db.connection_string': 'redis://localhost:6380',
    'net.peer.name': 'localhost',
    'net.peer.port': 6380
  },
  status: { code: 0 },
  events: [],
  links: []
}
{
  resource: {
    attributes: {
      'host.name': 'Arunesh',
      'host.arch': 'amd64',
      'host.id': '961ee426-227a-4c11-9579-fdfc83a68919',
      'process.pid': 29064,
      'process.executable.name': 'Administrator:  C:\\WINDOWS\\system32\\cmd.exe ',
      'process.executable.path': 'C:\\Program Files\\nodejs\\node.exe',
      'process.command_args': [
        'C:\\Program Files\\nodejs\\node.exe',
        'C:\\Users\\Administrator\\.gemini\\antigravity_old\\scratch_old\\tallyme\\apps\\backend\\dist\\src\\main.js'
      ],
      'process.runtime.version': '24.12.0',
      'process.runtime.name': 'nodejs',
      'process.runtime.description': 'Node.js',
      'process.command': 'C:\\Users\\Administrator\\.gemini\\antigravity_old\\scratch_old\\tallyme\\apps\\backend\\dist\\src\\main.js',
      'process.owner': 'Administrator',
      'service.name': 'unknown_service:node',
      'telemetry.sdk.language': 'nodejs',
      'telemetry.sdk.name': 'opentelemetry',
      'telemetry.sdk.version': '2.10.0'
    }
  },
  instrumentationScope: {
    name: '@opentelemetry/instrumentation-ioredis',
    version: '0.68.0',
    schemaUrl: undefined
  },
  traceId: '094ea94955f8057a27ef9ef69552edce',
  parentSpanContext: {
    traceId: '094ea94955f8057a27ef9ef69552edce',
    spanId: '4c79e4b0e1921bfe',
    traceFlags: 1,
    traceState: undefined
  },
  traceState: undefined,
  name: 'connect',
  id: 'a73b5a2da5f2b9da',
  kind: 2,
  timestamp: 1784999706684000,
  duration: 26.4,
  attributes: {
    'db.system': 'redis',
    'db.statement': 'connect',
    'db.connection_string': 'redis://localhost:6380',
    'net.peer.name': 'localhost',
    'net.peer.port': 6380
  },
  status: { code: 0 },
  events: [],
  links: []
}
{
  resource: {
    attributes: {
      'host.name': 'Arunesh',
      'host.arch': 'amd64',
      'host.id': '961ee426-227a-4c11-9579-fdfc83a68919',
      'process.pid': 29064,
      'process.executable.name': 'Administrator:  C:\\WINDOWS\\system32\\cmd.exe ',
      'process.executable.path': 'C:\\Program Files\\nodejs\\node.exe',
      'process.command_args': [
        'C:\\Program Files\\nodejs\\node.exe',
        'C:\\Users\\Administrator\\.gemini\\antigravity_old\\scratch_old\\tallyme\\apps\\backend\\dist\\src\\main.js'
      ],
      'process.runtime.version': '24.12.0',
      'process.runtime.name': 'nodejs',
      'process.runtime.description': 'Node.js',
      'process.command': 'C:\\Users\\Administrator\\.gemini\\antigravity_old\\scratch_old\\tallyme\\apps\\backend\\dist\\src\\main.js',
      'process.owner': 'Administrator',
      'service.name': 'unknown_service:node',
      'telemetry.sdk.language': 'nodejs',
      'telemetry.sdk.name': 'opentelemetry',
      'telemetry.sdk.version': '2.10.0'
    }
  },
  instrumentationScope: {
    name: '@opentelemetry/instrumentation-ioredis',
    version: '0.68.0',
    schemaUrl: undefined
  },
  traceId: '094ea94955f8057a27ef9ef69552edce',
  parentSpanContext: {
    traceId: '094ea94955f8057a27ef9ef69552edce',
    spanId: '4c79e4b0e1921bfe',
    traceFlags: 1,
    traceState: undefined
  },
  traceState: undefined,
  name: 'connect',
  id: '65307a0b47c081c6',
  kind: 2,
  timestamp: 1784999706687000,
  duration: 49.7,
  attributes: {
    'db.system': 'redis',
    'db.statement': 'connect',
    'db.connection_string': 'redis://localhost:6380',
    'net.peer.name': 'localhost',
    'net.peer.port': 6380
  },
  status: { code: 0 },
  events: [],
  links: []
}
{
  resource: {
    attributes: {
      'host.name': 'Arunesh',
      'host.arch': 'amd64',
      'host.id': '961ee426-227a-4c11-9579-fdfc83a68919',
      'process.pid': 29064,
      'process.executable.name': 'Administrator:  C:\\WINDOWS\\system32\\cmd.exe ',
      'process.executable.path': 'C:\\Program Files\\nodejs\\node.exe',
      'process.command_args': [
        'C:\\Program Files\\nodejs\\node.exe',
        'C:\\Users\\Administrator\\.gemini\\antigravity_old\\scratch_old\\tallyme\\apps\\backend\\dist\\src\\main.js'
      ],
      'process.runtime.version': '24.12.0',
      'process.runtime.name': 'nodejs',
      'process.runtime.description': 'Node.js',
      'process.command': 'C:\\Users\\Administrator\\.gemini\\antigravity_old\\scratch_old\\tallyme\\apps\\backend\\dist\\src\\main.js',
      'process.owner': 'Administrator',
      'service.name': 'unknown_service:node',
      'telemetry.sdk.language': 'nodejs',
      'telemetry.sdk.name': 'opentelemetry',
      'telemetry.sdk.version': '2.10.0'
    }
  },
  instrumentationScope: {
    name: '@opentelemetry/instrumentation-ioredis',
    version: '0.68.0',
    schemaUrl: undefined
  },
  traceId: '094ea94955f8057a27ef9ef69552edce',
  parentSpanContext: {
    traceId: '094ea94955f8057a27ef9ef69552edce',
    spanId: '4c79e4b0e1921bfe',
    traceFlags: 1,
    traceState: undefined
  },
  traceState: undefined,
  name: 'connect',
  id: '180f0e8ebed2c068',
  kind: 2,
  timestamp: 1784999706688000,
  duration: 29.5,
  attributes: {
    'db.system': 'redis',
    'db.statement': 'connect',
    'db.connection_string': 'redis://localhost:6380',
    'net.peer.name': 'localhost',
    'net.peer.port': 6380
  },
  status: { code: 0 },
  events: [],
  links: []
}
{
  resource: {
    attributes: {
      'host.name': 'Arunesh',
      'host.arch': 'amd64',
      'host.id': '961ee426-227a-4c11-9579-fdfc83a68919',
      'process.pid': 29064,
      'process.executable.name': 'Administrator:  C:\\WINDOWS\\system32\\cmd.exe ',
      'process.executable.path': 'C:\\Program Files\\nodejs\\node.exe',
      'process.command_args': [
        'C:\\Program Files\\nodejs\\node.exe',
        'C:\\Users\\Administrator\\.gemini\\antigravity_old\\scratch_old\\tallyme\\apps\\backend\\dist\\src\\main.js'
      ],
      'process.runtime.version': '24.12.0',
      'process.runtime.name': 'nodejs',
      'process.runtime.description': 'Node.js',
      'process.command': 'C:\\Users\\Administrator\\.gemini\\antigravity_old\\scratch_old\\tallyme\\apps\\backend\\dist\\src\\main.js',
      'process.owner': 'Administrator',
      'service.name': 'unknown_service:node',
      'telemetry.sdk.language': 'nodejs',
      'telemetry.sdk.name': 'opentelemetry',
      'telemetry.sdk.version': '2.10.0'
    }
  },
  instrumentationScope: {
    name: '@opentelemetry/instrumentation-ioredis',
    version: '0.68.0',
    schemaUrl: undefined
  },
  traceId: '094ea94955f8057a27ef9ef69552edce',
  parentSpanContext: {
    traceId: '094ea94955f8057a27ef9ef69552edce',
    spanId: '4c79e4b0e1921bfe',
    traceFlags: 1,
    traceState: undefined
  },
  traceState: undefined,
  name: 'connect',
  id: '3dc9ce831f962a84',
  kind: 2,
  timestamp: 1784999706688000,
  duration: 54.3,
  attributes: {
    'db.system': 'redis',
    'db.statement': 'connect',
    'db.connection_string': 'redis://localhost:6380',
    'net.peer.name': 'localhost',
    'net.peer.port': 6380
  },
  status: { code: 0 },
  events: [],
  links: []
}
{
  resource: {
    attributes: {
      'host.name': 'Arunesh',
      'host.arch': 'amd64',
      'host.id': '961ee426-227a-4c11-9579-fdfc83a68919',
      'process.pid': 29064,
      'process.executable.name': 'Administrator:  C:\\WINDOWS\\system32\\cmd.exe ',
      'process.executable.path': 'C:\\Program Files\\nodejs\\node.exe',
      'process.command_args': [
        'C:\\Program Files\\nodejs\\node.exe',
        'C:\\Users\\Administrator\\.gemini\\antigravity_old\\scratch_old\\tallyme\\apps\\backend\\dist\\src\\main.js'
      ],
      'process.runtime.version': '24.12.0',
      'process.runtime.name': 'nodejs',
      'process.runtime.description': 'Node.js',
      'process.command': 'C:\\Users\\Administrator\\.gemini\\antigravity_old\\scratch_old\\tallyme\\apps\\backend\\dist\\src\\main.js',
      'process.owner': 'Administrator',
      'service.name': 'unknown_service:node',
      'telemetry.sdk.language': 'nodejs',
      'telemetry.sdk.name': 'opentelemetry',
      'telemetry.sdk.version': '2.10.0'
    }
  },
  instrumentationScope: {
    name: '@opentelemetry/instrumentation-ioredis',
    version: '0.68.0',
    schemaUrl: undefined
  },
  traceId: '094ea94955f8057a27ef9ef69552edce',
  parentSpanContext: {
    traceId: '094ea94955f8057a27ef9ef69552edce',
    spanId: '4c79e4b0e1921bfe',
    traceFlags: 1,
    traceState: undefined
  },
  traceState: undefined,
  name: 'connect',
  id: '0129e7262d0e9621',
  kind: 2,
  timestamp: 1784999706689000,
  duration: 32,
  attributes: {
    'db.system': 'redis',
    'db.statement': 'connect',
    'db.connection_string': 'redis://localhost:6380',
    'net.peer.name': 'localhost',
    'net.peer.port': 6380
  },
  status: { code: 0 },
  events: [],
  links: []
}
{
  resource: {
    attributes: {
      'host.name': 'Arunesh',
      'host.arch': 'amd64',
      'host.id': '961ee426-227a-4c11-9579-fdfc83a68919',
      'process.pid': 29064,
      'process.executable.name': 'Administrator:  C:\\WINDOWS\\system32\\cmd.exe ',
      'process.executable.path': 'C:\\Program Files\\nodejs\\node.exe',
      'process.command_args': [
        'C:\\Program Files\\nodejs\\node.exe',
        'C:\\Users\\Administrator\\.gemini\\antigravity_old\\scratch_old\\tallyme\\apps\\backend\\dist\\src\\main.js'
      ],
      'process.runtime.version': '24.12.0',
      'process.runtime.name': 'nodejs',
      'process.runtime.description': 'Node.js',
      'process.command': 'C:\\Users\\Administrator\\.gemini\\antigravity_old\\scratch_old\\tallyme\\apps\\backend\\dist\\src\\main.js',
      'process.owner': 'Administrator',
      'service.name': 'unknown_service:node',
      'telemetry.sdk.language': 'nodejs',
      'telemetry.sdk.name': 'opentelemetry',
      'telemetry.sdk.version': '2.10.0'
    }
  },
  instrumentationScope: {
    name: '@opentelemetry/instrumentation-dns',
    version: '0.63.0',
    schemaUrl: undefined
  },
  traceId: '094ea94955f8057a27ef9ef69552edce',
  parentSpanContext: {
    traceId: '094ea94955f8057a27ef9ef69552edce',
    spanId: '4c79e4b0e1921bfe',
    traceFlags: 1,
    traceState: undefined
  },
  traceState: undefined,
  name: 'dns.lookup',
  id: '665ce819146f7134',
  kind: 2,
  timestamp: 1784999706681000,
  duration: 8493.9,
  attributes: { 'peer.ipv6': '::1', 'peer[1].ipv4': '127.0.0.1' },
  status: { code: 0 },
  events: [],
  links: []
}
{
  resource: {
    attributes: {
      'host.name': 'Arunesh',
      'host.arch': 'amd64',
      'host.id': '961ee426-227a-4c11-9579-fdfc83a68919',
      'process.pid': 29064,
      'process.executable.name': 'Administrator:  C:\\WINDOWS\\system32\\cmd.exe ',
      'process.executable.path': 'C:\\Program Files\\nodejs\\node.exe',
      'process.command_args': [
        'C:\\Program Files\\nodejs\\node.exe',
        'C:\\Users\\Administrator\\.gemini\\antigravity_old\\scratch_old\\tallyme\\apps\\backend\\dist\\src\\main.js'
      ],
      'process.runtime.version': '24.12.0',
      'process.runtime.name': 'nodejs',
      'process.runtime.description': 'Node.js',
      'process.command': 'C:\\Users\\Administrator\\.gemini\\antigravity_old\\scratch_old\\tallyme\\apps\\backend\\dist\\src\\main.js',
      'process.owner': 'Administrator',
      'service.name': 'unknown_service:node',
      'telemetry.sdk.language': 'nodejs',
      'telemetry.sdk.name': 'opentelemetry',
      'telemetry.sdk.version': '2.10.0'
    }
  },
  instrumentationScope: {
    name: '@opentelemetry/instrumentation-dns',
    version: '0.63.0',
    schemaUrl: undefined
  },
  traceId: '094ea94955f8057a27ef9ef69552edce',
  parentSpanContext: {
    traceId: '094ea94955f8057a27ef9ef69552edce',
    spanId: '4c79e4b0e1921bfe',
    traceFlags: 1,
    traceState: undefined
  },
  traceState: undefined,
  name: 'dns.lookup',
  id: 'd58c3e65cc61d7ff',
  kind: 2,
  timestamp: 1784999706681000,
  duration: 8920,
  attributes: { 'peer.ipv6': '::1', 'peer[1].ipv4': '127.0.0.1' },
  status: { code: 0 },
  events: [],
  links: []
}
{
  resource: {
    attributes: {
      'host.name': 'Arunesh',
      'host.arch': 'amd64',
      'host.id': '961ee426-227a-4c11-9579-fdfc83a68919',
      'process.pid': 29064,
      'process.executable.name': 'Administrator:  C:\\WINDOWS\\system32\\cmd.exe ',
      'process.executable.path': 'C:\\Program Files\\nodejs\\node.exe',
      'process.command_args': [
        'C:\\Program Files\\nodejs\\node.exe',
        'C:\\Users\\Administrator\\.gemini\\antigravity_old\\scratch_old\\tallyme\\apps\\backend\\dist\\src\\main.js'
      ],
      'process.runtime.version': '24.12.0',
      'process.runtime.name': 'nodejs',
      'process.runtime.description': 'Node.js',
      'process.command': 'C:\\Users\\Administrator\\.gemini\\antigravity_old\\scratch_old\\tallyme\\apps\\backend\\dist\\src\\main.js',
      'process.owner': 'Administrator',
      'service.name': 'unknown_service:node',
      'telemetry.sdk.language': 'nodejs',
      'telemetry.sdk.name': 'opentelemetry',
      'telemetry.sdk.version': '2.10.0'
    }
  },
  instrumentationScope: {
    name: '@opentelemetry/instrumentation-dns',
    version: '0.63.0',
    schemaUrl: undefined
  },
  traceId: '094ea94955f8057a27ef9ef69552edce',
  parentSpanContext: {
    traceId: '094ea94955f8057a27ef9ef69552edce',
    spanId: '4c79e4b0e1921bfe',
    traceFlags: 1,
    traceState: undefined
  },
  traceState: undefined,
  name: 'dns.lookup',
  id: '7e309de312434933',
  kind: 2,
  timestamp: 1784999706682000,
  duration: 8617.7,
  attributes: { 'peer.ipv6': '::1', 'peer[1].ipv4': '127.0.0.1' },
  status: { code: 0 },
  events: [],
  links: []
}
{
  resource: {
    attributes: {
      'host.name': 'Arunesh',
      'host.arch': 'amd64',
      'host.id': '961ee426-227a-4c11-9579-fdfc83a68919',
      'process.pid': 29064,
      'process.executable.name': 'Administrator:  C:\\WINDOWS\\system32\\cmd.exe ',
      'process.executable.path': 'C:\\Program Files\\nodejs\\node.exe',
      'process.command_args': [
        'C:\\Program Files\\nodejs\\node.exe',
        'C:\\Users\\Administrator\\.gemini\\antigravity_old\\scratch_old\\tallyme\\apps\\backend\\dist\\src\\main.js'
      ],
      'process.runtime.version': '24.12.0',
      'process.runtime.name': 'nodejs',
      'process.runtime.description': 'Node.js',
      'process.command': 'C:\\Users\\Administrator\\.gemini\\antigravity_old\\scratch_old\\tallyme\\apps\\backend\\dist\\src\\main.js',
      'process.owner': 'Administrator',
      'service.name': 'unknown_service:node',
      'telemetry.sdk.language': 'nodejs',
      'telemetry.sdk.name': 'opentelemetry',
      'telemetry.sdk.version': '2.10.0'
    }
  },
  instrumentationScope: {
    name: '@opentelemetry/instrumentation-dns',
    version: '0.63.0',
    schemaUrl: undefined
  },
  traceId: '094ea94955f8057a27ef9ef69552edce',
  parentSpanContext: {
    traceId: '094ea94955f8057a27ef9ef69552edce',
    spanId: '4c79e4b0e1921bfe',
    traceFlags: 1,
    traceState: undefined
  },
  traceState: undefined,
  name: 'dns.lookup',
  id: '3fd10c4bcd0a924a',
  kind: 2,
  timestamp: 1784999706683000,
  duration: 8882.3,
  attributes: { 'peer.ipv6': '::1', 'peer[1].ipv4': '127.0.0.1' },
  status: { code: 0 },
  events: [],
  links: []
}
{
  resource: {
    attributes: {
      'host.name': 'Arunesh',
      'host.arch': 'amd64',
      'host.id': '961ee426-227a-4c11-9579-fdfc83a68919',
      'process.pid': 29064,
      'process.executable.name': 'Administrator:  C:\\WINDOWS\\system32\\cmd.exe ',
      'process.executable.path': 'C:\\Program Files\\nodejs\\node.exe',
      'process.command_args': [
        'C:\\Program Files\\nodejs\\node.exe',
        'C:\\Users\\Administrator\\.gemini\\antigravity_old\\scratch_old\\tallyme\\apps\\backend\\dist\\src\\main.js'
      ],
      'process.runtime.version': '24.12.0',
      'process.runtime.name': 'nodejs',
      'process.runtime.description': 'Node.js',
      'process.command': 'C:\\Users\\Administrator\\.gemini\\antigravity_old\\scratch_old\\tallyme\\apps\\backend\\dist\\src\\main.js',
      'process.owner': 'Administrator',
      'service.name': 'unknown_service:node',
      'telemetry.sdk.language': 'nodejs',
      'telemetry.sdk.name': 'opentelemetry',
      'telemetry.sdk.version': '2.10.0'
    }
  },
  instrumentationScope: {
    name: '@opentelemetry/instrumentation-dns',
    version: '0.63.0',
    schemaUrl: undefined
  },
  traceId: '094ea94955f8057a27ef9ef69552edce',
  parentSpanContext: {
    traceId: '094ea94955f8057a27ef9ef69552edce',
    spanId: '4c79e4b0e1921bfe',
    traceFlags: 1,
    traceState: undefined
  },
  traceState: undefined,
  name: 'dns.lookup',
  id: 'f02e332371fb6a3c',
  kind: 2,
  timestamp: 1784999706683000,
  duration: 9437.7,
  attributes: { 'peer.ipv6': '::1', 'peer[1].ipv4': '127.0.0.1' },
  status: { code: 0 },
  events: [],
  links: []
}
{
  resource: {
    attributes: {
      'host.name': 'Arunesh',
      'host.arch': 'amd64',
      'host.id': '961ee426-227a-4c11-9579-fdfc83a68919',
      'process.pid': 29064,
      'process.executable.name': 'Administrator:  C:\\WINDOWS\\system32\\cmd.exe ',
      'process.executable.path': 'C:\\Program Files\\nodejs\\node.exe',
      'process.command_args': [
        'C:\\Program Files\\nodejs\\node.exe',
        'C:\\Users\\Administrator\\.gemini\\antigravity_old\\scratch_old\\tallyme\\apps\\backend\\dist\\src\\main.js'
      ],
      'process.runtime.version': '24.12.0',
      'process.runtime.name': 'nodejs',
      'process.runtime.description': 'Node.js',
      'process.command': 'C:\\Users\\Administrator\\.gemini\\antigravity_old\\scratch_old\\tallyme\\apps\\backend\\dist\\src\\main.js',
      'process.owner': 'Administrator',
      'service.name': 'unknown_service:node',
      'telemetry.sdk.language': 'nodejs',
      'telemetry.sdk.name': 'opentelemetry',
      'telemetry.sdk.version': '2.10.0'
    }
  },
  instrumentationScope: {
    name: '@opentelemetry/instrumentation-dns',
    version: '0.63.0',
    schemaUrl: undefined
  },
  traceId: '094ea94955f8057a27ef9ef69552edce',
  parentSpanContext: {
    traceId: '094ea94955f8057a27ef9ef69552edce',
    spanId: '4c79e4b0e1921bfe',
    traceFlags: 1,
    traceState: undefined
  },
  traceState: undefined,
  name: 'dns.lookup',
  id: '8fe06762e9ffce39',
  kind: 2,
  timestamp: 1784999706683000,
  duration: 12139.7,
  attributes: { 'peer.ipv6': '::1', 'peer[1].ipv4': '127.0.0.1' },
  status: { code: 0 },
  events: [],
  links: []
}
{
  resource: {
    attributes: {
      'host.name': 'Arunesh',
      'host.arch': 'amd64',
      'host.id': '961ee426-227a-4c11-9579-fdfc83a68919',
      'process.pid': 29064,
      'process.executable.name': 'Administrator:  C:\\WINDOWS\\system32\\cmd.exe ',
      'process.executable.path': 'C:\\Program Files\\nodejs\\node.exe',
      'process.command_args': [
        'C:\\Program Files\\nodejs\\node.exe',
        'C:\\Users\\Administrator\\.gemini\\antigravity_old\\scratch_old\\tallyme\\apps\\backend\\dist\\src\\main.js'
      ],
      'process.runtime.version': '24.12.0',
      'process.runtime.name': 'nodejs',
      'process.runtime.description': 'Node.js',
      'process.command': 'C:\\Users\\Administrator\\.gemini\\antigravity_old\\scratch_old\\tallyme\\apps\\backend\\dist\\src\\main.js',
      'process.owner': 'Administrator',
      'service.name': 'unknown_service:node',
      'telemetry.sdk.language': 'nodejs',
      'telemetry.sdk.name': 'opentelemetry',
      'telemetry.sdk.version': '2.10.0'
    }
  },
  instrumentationScope: {
    name: '@opentelemetry/instrumentation-dns',
    version: '0.63.0',
    schemaUrl: undefined
  },
  traceId: '094ea94955f8057a27ef9ef69552edce',
  parentSpanContext: {
    traceId: '094ea94955f8057a27ef9ef69552edce',
    spanId: '4c79e4b0e1921bfe',
    traceFlags: 1,
    traceState: undefined
  },
  traceState: undefined,
  name: 'dns.lookup',
  id: '5e1609a8effab196',
  kind: 2,
  timestamp: 1784999706684000,
  duration: 12576.8,
  attributes: { 'peer.ipv6': '::1', 'peer[1].ipv4': '127.0.0.1' },
  status: { code: 0 },
  events: [],
  links: []
}
{
  resource: {
    attributes: {
      'host.name': 'Arunesh',
      'host.arch': 'amd64',
      'host.id': '961ee426-227a-4c11-9579-fdfc83a68919',
      'process.pid': 29064,
      'process.executable.name': 'Administrator:  C:\\WINDOWS\\system32\\cmd.exe ',
      'process.executable.path': 'C:\\Program Files\\nodejs\\node.exe',
      'process.command_args': [
        'C:\\Program Files\\nodejs\\node.exe',
        'C:\\Users\\Administrator\\.gemini\\antigravity_old\\scratch_old\\tallyme\\apps\\backend\\dist\\src\\main.js'
      ],
      'process.runtime.version': '24.12.0',
      'process.runtime.name': 'nodejs',
      'process.runtime.description': 'Node.js',
      'process.command': 'C:\\Users\\Administrator\\.gemini\\antigravity_old\\scratch_old\\tallyme\\apps\\backend\\dist\\src\\main.js',
      'process.owner': 'Administrator',
      'service.name': 'unknown_service:node',
      'telemetry.sdk.language': 'nodejs',
      'telemetry.sdk.name': 'opentelemetry',
      'telemetry.sdk.version': '2.10.0'
    }
  },
  instrumentationScope: {
    name: '@opentelemetry/instrumentation-dns',
    version: '0.63.0',
    schemaUrl: undefined
  },
  traceId: '094ea94955f8057a27ef9ef69552edce',
  parentSpanContext: {
    traceId: '094ea94955f8057a27ef9ef69552edce',
    spanId: '4c79e4b0e1921bfe',
    traceFlags: 1,
    traceState: undefined
  },
  traceState: undefined,
  name: 'dns.lookup',
  id: 'f36cb2de45b889b6',
  kind: 2,
  timestamp: 1784999706685000,
  duration: 14039,
  attributes: { 'peer.ipv6': '::1', 'peer[1].ipv4': '127.0.0.1' },
  status: { code: 0 },
  events: [],
  links: []
}
{
  resource: {
    attributes: {
      'host.name': 'Arunesh',
      'host.arch': 'amd64',
      'host.id': '961ee426-227a-4c11-9579-fdfc83a68919',
      'process.pid': 29064,
      'process.executable.name': 'Administrator:  C:\\WINDOWS\\system32\\cmd.exe ',
      'process.executable.path': 'C:\\Program Files\\nodejs\\node.exe',
      'process.command_args': [
        'C:\\Program Files\\nodejs\\node.exe',
        'C:\\Users\\Administrator\\.gemini\\antigravity_old\\scratch_old\\tallyme\\apps\\backend\\dist\\src\\main.js'
      ],
      'process.runtime.version': '24.12.0',
      'process.runtime.name': 'nodejs',
      'process.runtime.description': 'Node.js',
      'process.command': 'C:\\Users\\Administrator\\.gemini\\antigravity_old\\scratch_old\\tallyme\\apps\\backend\\dist\\src\\main.js',
      'process.owner': 'Administrator',
      'service.name': 'unknown_service:node',
      'telemetry.sdk.language': 'nodejs',
      'telemetry.sdk.name': 'opentelemetry',
      'telemetry.sdk.version': '2.10.0'
    }
  },
  instrumentationScope: {
    name: '@opentelemetry/instrumentation-dns',
    version: '0.63.0',
    schemaUrl: undefined
  },
  traceId: '02fa713535810ab9ea5e21ba5a322d0b',
  parentSpanContext: undefined,
  traceState: undefined,
  name: 'dns.lookup',
  id: 'f3b09dfb6bcb56ff',
  kind: 2,
  timestamp: 1784999706686000,
  duration: 14906.2,
  attributes: { 'peer.ipv6': '::1', 'peer[1].ipv4': '127.0.0.1' },
  status: { code: 0 },
  events: [],
  links: []
}
{
  resource: {
    attributes: {
      'host.name': 'Arunesh',
      'host.arch': 'amd64',
      'host.id': '961ee426-227a-4c11-9579-fdfc83a68919',
      'process.pid': 29064,
      'process.executable.name': 'Administrator:  C:\\WINDOWS\\system32\\cmd.exe ',
      'process.executable.path': 'C:\\Program Files\\nodejs\\node.exe',
      'process.command_args': [
        'C:\\Program Files\\nodejs\\node.exe',
        'C:\\Users\\Administrator\\.gemini\\antigravity_old\\scratch_old\\tallyme\\apps\\backend\\dist\\src\\main.js'
      ],
      'process.runtime.version': '24.12.0',
      'process.runtime.name': 'nodejs',
      'process.runtime.description': 'Node.js',
      'process.command': 'C:\\Users\\Administrator\\.gemini\\antigravity_old\\scratch_old\\tallyme\\apps\\backend\\dist\\src\\main.js',
      'process.owner': 'Administrator',
      'service.name': 'unknown_service:node',
      'telemetry.sdk.language': 'nodejs',
      'telemetry.sdk.name': 'opentelemetry',
      'telemetry.sdk.version': '2.10.0'
    }
  },
  instrumentationScope: {
    name: '@opentelemetry/instrumentation-dns',
    version: '0.63.0',
    schemaUrl: undefined
  },
  traceId: '2bada811964f93bfdf69dcc5c18d9dcd',
  parentSpanContext: undefined,
  traceState: undefined,
  name: 'dns.lookup',
  id: '413533bc621685b9',
  kind: 2,
  timestamp: 1784999706687000,
  duration: 15835.9,
  attributes: { 'peer.ipv6': '::1', 'peer[1].ipv4': '127.0.0.1' },
  status: { code: 0 },
  events: [],
  links: []
}
{
  resource: {
    attributes: {
      'host.name': 'Arunesh',
      'host.arch': 'amd64',
      'host.id': '961ee426-227a-4c11-9579-fdfc83a68919',
      'process.pid': 29064,
      'process.executable.name': 'Administrator:  C:\\WINDOWS\\system32\\cmd.exe ',
      'process.executable.path': 'C:\\Program Files\\nodejs\\node.exe',
      'process.command_args': [
        'C:\\Program Files\\nodejs\\node.exe',
        'C:\\Users\\Administrator\\.gemini\\antigravity_old\\scratch_old\\tallyme\\apps\\backend\\dist\\src\\main.js'
      ],
      'process.runtime.version': '24.12.0',
      'process.runtime.name': 'nodejs',
      'process.runtime.description': 'Node.js',
      'process.command': 'C:\\Users\\Administrator\\.gemini\\antigravity_old\\scratch_old\\tallyme\\apps\\backend\\dist\\src\\main.js',
      'process.owner': 'Administrator',
      'service.name': 'unknown_service:node',
      'telemetry.sdk.language': 'nodejs',
      'telemetry.sdk.name': 'opentelemetry',
      'telemetry.sdk.version': '2.10.0'
    }
  },
  instrumentationScope: {
    name: '@opentelemetry/instrumentation-dns',
    version: '0.63.0',
    schemaUrl: undefined
  },
  traceId: '094ea94955f8057a27ef9ef69552edce',
  parentSpanContext: {
    traceId: '094ea94955f8057a27ef9ef69552edce',
    spanId: '4c79e4b0e1921bfe',
    traceFlags: 1,
    traceState: undefined
  },
  traceState: undefined,
  name: 'dns.lookup',
  id: '1c315e0660595fcc',
  kind: 2,
  timestamp: 1784999706688000,
  duration: 15774.6,
  attributes: { 'peer.ipv6': '::1', 'peer[1].ipv4': '127.0.0.1' },
  status: { code: 0 },
  events: [],
  links: []
}
{
  resource: {
    attributes: {
      'host.name': 'Arunesh',
      'host.arch': 'amd64',
      'host.id': '961ee426-227a-4c11-9579-fdfc83a68919',
      'process.pid': 29064,
      'process.executable.name': 'Administrator:  C:\\WINDOWS\\system32\\cmd.exe ',
      'process.executable.path': 'C:\\Program Files\\nodejs\\node.exe',
      'process.command_args': [
        'C:\\Program Files\\nodejs\\node.exe',
        'C:\\Users\\Administrator\\.gemini\\antigravity_old\\scratch_old\\tallyme\\apps\\backend\\dist\\src\\main.js'
      ],
      'process.runtime.version': '24.12.0',
      'process.runtime.name': 'nodejs',
      'process.runtime.description': 'Node.js',
      'process.command': 'C:\\Users\\Administrator\\.gemini\\antigravity_old\\scratch_old\\tallyme\\apps\\backend\\dist\\src\\main.js',
      'process.owner': 'Administrator',
      'service.name': 'unknown_service:node',
      'telemetry.sdk.language': 'nodejs',
      'telemetry.sdk.name': 'opentelemetry',
      'telemetry.sdk.version': '2.10.0'
    }
  },
  instrumentationScope: {
    name: '@opentelemetry/instrumentation-dns',
    version: '0.63.0',
    schemaUrl: undefined
  },
  traceId: '094ea94955f8057a27ef9ef69552edce',
  parentSpanContext: {
    traceId: '094ea94955f8057a27ef9ef69552edce',
    spanId: '4c79e4b0e1921bfe',
    traceFlags: 1,
    traceState: undefined
  },
  traceState: undefined,
  name: 'dns.lookup',
  id: 'cdf4369792fa610e',
  kind: 2,
  timestamp: 1784999706688000,
  duration: 16916.1,
  attributes: { 'peer.ipv6': '::1', 'peer[1].ipv4': '127.0.0.1' },
  status: { code: 0 },
  events: [],
  links: []
}
{
  resource: {
    attributes: {
      'host.name': 'Arunesh',
      'host.arch': 'amd64',
      'host.id': '961ee426-227a-4c11-9579-fdfc83a68919',
      'process.pid': 29064,
      'process.executable.name': 'Administrator:  C:\\WINDOWS\\system32\\cmd.exe ',
      'process.executable.path': 'C:\\Program Files\\nodejs\\node.exe',
      'process.command_args': [
        'C:\\Program Files\\nodejs\\node.exe',
        'C:\\Users\\Administrator\\.gemini\\antigravity_old\\scratch_old\\tallyme\\apps\\backend\\dist\\src\\main.js'
      ],
      'process.runtime.version': '24.12.0',
      'process.runtime.name': 'nodejs',
      'process.runtime.description': 'Node.js',
      'process.command': 'C:\\Users\\Administrator\\.gemini\\antigravity_old\\scratch_old\\tallyme\\apps\\backend\\dist\\src\\main.js',
      'process.owner': 'Administrator',
      'service.name': 'unknown_service:node',
      'telemetry.sdk.language': 'nodejs',
      'telemetry.sdk.name': 'opentelemetry',
      'telemetry.sdk.version': '2.10.0'
    }
  },
  instrumentationScope: {
    name: '@opentelemetry/instrumentation-dns',
    version: '0.63.0',
    schemaUrl: undefined
  },
  traceId: '094ea94955f8057a27ef9ef69552edce',
  parentSpanContext: {
    traceId: '094ea94955f8057a27ef9ef69552edce',
    spanId: '4c79e4b0e1921bfe',
    traceFlags: 1,
    traceState: undefined
  },
  traceState: undefined,
  name: 'dns.lookup',
  id: 'aecae8ec3cda8f13',
  kind: 2,
  timestamp: 1784999706688000,
  duration: 17695.7,
  attributes: { 'peer.ipv6': '::1', 'peer[1].ipv4': '127.0.0.1' },
  status: { code: 0 },
  events: [],
  links: []
}
{
  resource: {
    attributes: {
      'host.name': 'Arunesh',
      'host.arch': 'amd64',
      'host.id': '961ee426-227a-4c11-9579-fdfc83a68919',
      'process.pid': 29064,
      'process.executable.name': 'Administrator:  C:\\WINDOWS\\system32\\cmd.exe ',
      'process.executable.path': 'C:\\Program Files\\nodejs\\node.exe',
      'process.command_args': [
        'C:\\Program Files\\nodejs\\node.exe',
        'C:\\Users\\Administrator\\.gemini\\antigravity_old\\scratch_old\\tallyme\\apps\\backend\\dist\\src\\main.js'
      ],
      'process.runtime.version': '24.12.0',
      'process.runtime.name': 'nodejs',
      'process.runtime.description': 'Node.js',
      'process.command': 'C:\\Users\\Administrator\\.gemini\\antigravity_old\\scratch_old\\tallyme\\apps\\backend\\dist\\src\\main.js',
      'process.owner': 'Administrator',
      'service.name': 'unknown_service:node',
      'telemetry.sdk.language': 'nodejs',
      'telemetry.sdk.name': 'opentelemetry',
      'telemetry.sdk.version': '2.10.0'
    }
  },
  instrumentationScope: {
    name: '@opentelemetry/instrumentation-dns',
    version: '0.63.0',
    schemaUrl: undefined
  },
  traceId: '094ea94955f8057a27ef9ef69552edce',
  parentSpanContext: {
    traceId: '094ea94955f8057a27ef9ef69552edce',
    spanId: '4c79e4b0e1921bfe',
    traceFlags: 1,
    traceState: undefined
  },
  traceState: undefined,
  name: 'dns.lookup',
  id: '75e0ffab3debc2be',
  kind: 2,
  timestamp: 1784999706689000,
  duration: 18520.1,
  attributes: { 'peer.ipv6': '::1', 'peer[1].ipv4': '127.0.0.1' },
  status: { code: 0 },
  events: [],
  links: []
}
{
  resource: {
    attributes: {
      'host.name': 'Arunesh',
      'host.arch': 'amd64',
      'host.id': '961ee426-227a-4c11-9579-fdfc83a68919',
      'process.pid': 29064,
      'process.executable.name': 'Administrator:  C:\\WINDOWS\\system32\\cmd.exe ',
      'process.executable.path': 'C:\\Program Files\\nodejs\\node.exe',
      'process.command_args': [
        'C:\\Program Files\\nodejs\\node.exe',
        'C:\\Users\\Administrator\\.gemini\\antigravity_old\\scratch_old\\tallyme\\apps\\backend\\dist\\src\\main.js'
      ],
      'process.runtime.version': '24.12.0',
      'process.runtime.name': 'nodejs',
      'process.runtime.description': 'Node.js',
      'process.command': 'C:\\Users\\Administrator\\.gemini\\antigravity_old\\scratch_old\\tallyme\\apps\\backend\\dist\\src\\main.js',
      'process.owner': 'Administrator',
      'service.name': 'unknown_service:node',
      'telemetry.sdk.language': 'nodejs',
      'telemetry.sdk.name': 'opentelemetry',
      'telemetry.sdk.version': '2.10.0'
    }
  },
  instrumentationScope: {
    name: '@opentelemetry/instrumentation-net',
    version: '0.64.0',
    schemaUrl: undefined
  },
  traceId: '094ea94955f8057a27ef9ef69552edce',
  parentSpanContext: {
    traceId: '094ea94955f8057a27ef9ef69552edce',
    spanId: '4c79e4b0e1921bfe',
    traceFlags: 1,
    traceState: undefined
  },
  traceState: undefined,
  name: 'tcp.connect',
  id: '82ac1fc5e855627b',
  kind: 0,
  timestamp: 1784999706680000,
  duration: 28132.1,
  attributes: {
    'net.transport': 'ip_tcp',
    'net.peer.name': 'localhost',
    'net.peer.port': 6380,
    'net.peer.ip': '::1',
    'net.host.ip': '::1',
    'net.host.port': 52155
  },
  status: { code: 0 },
  events: [],
  links: []
}
{
  resource: {
    attributes: {
      'host.name': 'Arunesh',
      'host.arch': 'amd64',
      'host.id': '961ee426-227a-4c11-9579-fdfc83a68919',
      'process.pid': 29064,
      'process.executable.name': 'Administrator:  C:\\WINDOWS\\system32\\cmd.exe ',
      'process.executable.path': 'C:\\Program Files\\nodejs\\node.exe',
      'process.command_args': [
        'C:\\Program Files\\nodejs\\node.exe',
        'C:\\Users\\Administrator\\.gemini\\antigravity_old\\scratch_old\\tallyme\\apps\\backend\\dist\\src\\main.js'
      ],
      'process.runtime.version': '24.12.0',
      'process.runtime.name': 'nodejs',
      'process.runtime.description': 'Node.js',
      'process.command': 'C:\\Users\\Administrator\\.gemini\\antigravity_old\\scratch_old\\tallyme\\apps\\backend\\dist\\src\\main.js',
      'process.owner': 'Administrator',
      'service.name': 'unknown_service:node',
      'telemetry.sdk.language': 'nodejs',
      'telemetry.sdk.name': 'opentelemetry',
      'telemetry.sdk.version': '2.10.0'
    }
  },
  instrumentationScope: {
    name: '@opentelemetry/instrumentation-net',
    version: '0.64.0',
    schemaUrl: undefined
  },
  traceId: '094ea94955f8057a27ef9ef69552edce',
  parentSpanContext: {
    traceId: '094ea94955f8057a27ef9ef69552edce',
    spanId: '4c79e4b0e1921bfe',
    traceFlags: 1,
    traceState: undefined
  },
  traceState: undefined,
  name: 'tcp.connect',
  id: '0161ac1fe61f039b',
  kind: 0,
  timestamp: 1784999706681000,
  duration: 29116.5,
  attributes: {
    'net.transport': 'ip_tcp',
    'net.peer.name': 'localhost',
    'net.peer.port': 6380,
    'net.peer.ip': '::1',
    'net.host.ip': '::1',
    'net.host.port': 52156
  },
  status: { code: 0 },
  events: [],
  links: []
}
{
  resource: {
    attributes: {
      'host.name': 'Arunesh',
      'host.arch': 'amd64',
      'host.id': '961ee426-227a-4c11-9579-fdfc83a68919',
      'process.pid': 29064,
      'process.executable.name': 'Administrator:  C:\\WINDOWS\\system32\\cmd.exe ',
      'process.executable.path': 'C:\\Program Files\\nodejs\\node.exe',
      'process.command_args': [
        'C:\\Program Files\\nodejs\\node.exe',
        'C:\\Users\\Administrator\\.gemini\\antigravity_old\\scratch_old\\tallyme\\apps\\backend\\dist\\src\\main.js'
      ],
      'process.runtime.version': '24.12.0',
      'process.runtime.name': 'nodejs',
      'process.runtime.description': 'Node.js',
      'process.command': 'C:\\Users\\Administrator\\.gemini\\antigravity_old\\scratch_old\\tallyme\\apps\\backend\\dist\\src\\main.js',
      'process.owner': 'Administrator',
      'service.name': 'unknown_service:node',
      'telemetry.sdk.language': 'nodejs',
      'telemetry.sdk.name': 'opentelemetry',
      'telemetry.sdk.version': '2.10.0'
    }
  },
  instrumentationScope: {
    name: '@opentelemetry/instrumentation-net',
    version: '0.64.0',
    schemaUrl: undefined
  },
  traceId: '094ea94955f8057a27ef9ef69552edce',
  parentSpanContext: {
    traceId: '094ea94955f8057a27ef9ef69552edce',
    spanId: '4c79e4b0e1921bfe',
    traceFlags: 1,
    traceState: undefined
  },
  traceState: undefined,
  name: 'tcp.connect',
  id: '7a2ec991f5c1f989',
  kind: 0,
  timestamp: 1784999706682000,
  duration: 29167.7,
  attributes: {
    'net.transport': 'ip_tcp',
    'net.peer.name': 'localhost',
    'net.peer.port': 6380,
    'net.peer.ip': '::1',
    'net.host.ip': '::1',
    'net.host.port': 52157
  },
  status: { code: 0 },
  events: [],
  links: []
}
{
  resource: {
    attributes: {
      'host.name': 'Arunesh',
      'host.arch': 'amd64',
      'host.id': '961ee426-227a-4c11-9579-fdfc83a68919',
      'process.pid': 29064,
      'process.executable.name': 'Administrator:  C:\\WINDOWS\\system32\\cmd.exe ',
      'process.executable.path': 'C:\\Program Files\\nodejs\\node.exe',
      'process.command_args': [
        'C:\\Program Files\\nodejs\\node.exe',
        'C:\\Users\\Administrator\\.gemini\\antigravity_old\\scratch_old\\tallyme\\apps\\backend\\dist\\src\\main.js'
      ],
      'process.runtime.version': '24.12.0',
      'process.runtime.name': 'nodejs',
      'process.runtime.description': 'Node.js',
      'process.command': 'C:\\Users\\Administrator\\.gemini\\antigravity_old\\scratch_old\\tallyme\\apps\\backend\\dist\\src\\main.js',
      'process.owner': 'Administrator',
      'service.name': 'unknown_service:node',
      'telemetry.sdk.language': 'nodejs',
      'telemetry.sdk.name': 'opentelemetry',
      'telemetry.sdk.version': '2.10.0'
    }
  },
  instrumentationScope: {
    name: '@opentelemetry/instrumentation-net',
    version: '0.64.0',
    schemaUrl: undefined
  },
  traceId: '094ea94955f8057a27ef9ef69552edce',
  parentSpanContext: {
    traceId: '094ea94955f8057a27ef9ef69552edce',
    spanId: '4c79e4b0e1921bfe',
    traceFlags: 1,
    traceState: undefined
  },
  traceState: undefined,
  name: 'tcp.connect',
  id: 'cdab0c03d787d55e',
  kind: 0,
  timestamp: 1784999706683000,
  duration: 29892.1,
  attributes: {
    'net.transport': 'ip_tcp',
    'net.peer.name': 'localhost',
    'net.peer.port': 6380,
    'net.peer.ip': '::1',
    'net.host.ip': '::1',
    'net.host.port': 52158
  },
  status: { code: 0 },
  events: [],
  links: []
}
{
  resource: {
    attributes: {
      'host.name': 'Arunesh',
      'host.arch': 'amd64',
      'host.id': '961ee426-227a-4c11-9579-fdfc83a68919',
      'process.pid': 29064,
      'process.executable.name': 'Administrator:  C:\\WINDOWS\\system32\\cmd.exe ',
      'process.executable.path': 'C:\\Program Files\\nodejs\\node.exe',
      'process.command_args': [
        'C:\\Program Files\\nodejs\\node.exe',
        'C:\\Users\\Administrator\\.gemini\\antigravity_old\\scratch_old\\tallyme\\apps\\backend\\dist\\src\\main.js'
      ],
      'process.runtime.version': '24.12.0',
      'process.runtime.name': 'nodejs',
      'process.runtime.description': 'Node.js',
      'process.command': 'C:\\Users\\Administrator\\.gemini\\antigravity_old\\scratch_old\\tallyme\\apps\\backend\\dist\\src\\main.js',
      'process.owner': 'Administrator',
      'service.name': 'unknown_service:node',
      'telemetry.sdk.language': 'nodejs',
      'telemetry.sdk.name': 'opentelemetry',
      'telemetry.sdk.version': '2.10.0'
    }
  },
  instrumentationScope: {
    name: '@opentelemetry/instrumentation-net',
    version: '0.64.0',
    schemaUrl: undefined
  },
  traceId: '094ea94955f8057a27ef9ef69552edce',
  parentSpanContext: {
    traceId: '094ea94955f8057a27ef9ef69552edce',
    spanId: '4c79e4b0e1921bfe',
    traceFlags: 1,
    traceState: undefined
  },
  traceState: undefined,
  name: 'tcp.connect',
  id: 'fe5929bf9fdd32c1',
  kind: 0,
  timestamp: 1784999706683000,
  duration: 30735.1,
  attributes: {
    'net.transport': 'ip_tcp',
    'net.peer.name': 'localhost',
    'net.peer.port': 6380,
    'net.peer.ip': '::1',
    'net.host.ip': '::1',
    'net.host.port': 52159
  },
  status: { code: 0 },
  events: [],
  links: []
}
{
  resource: {
    attributes: {
      'host.name': 'Arunesh',
      'host.arch': 'amd64',
      'host.id': '961ee426-227a-4c11-9579-fdfc83a68919',
      'process.pid': 29064,
      'process.executable.name': 'Administrator:  C:\\WINDOWS\\system32\\cmd.exe ',
      'process.executable.path': 'C:\\Program Files\\nodejs\\node.exe',
      'process.command_args': [
        'C:\\Program Files\\nodejs\\node.exe',
        'C:\\Users\\Administrator\\.gemini\\antigravity_old\\scratch_old\\tallyme\\apps\\backend\\dist\\src\\main.js'
      ],
      'process.runtime.version': '24.12.0',
      'process.runtime.name': 'nodejs',
      'process.runtime.description': 'Node.js',
      'process.command': 'C:\\Users\\Administrator\\.gemini\\antigravity_old\\scratch_old\\tallyme\\apps\\backend\\dist\\src\\main.js',
      'process.owner': 'Administrator',
      'service.name': 'unknown_service:node',
      'telemetry.sdk.language': 'nodejs',
      'telemetry.sdk.name': 'opentelemetry',
      'telemetry.sdk.version': '2.10.0'
    }
  },
  instrumentationScope: {
    name: '@opentelemetry/instrumentation-net',
    version: '0.64.0',
    schemaUrl: undefined
  },
  traceId: '094ea94955f8057a27ef9ef69552edce',
  parentSpanContext: {
    traceId: '094ea94955f8057a27ef9ef69552edce',
    spanId: '4c79e4b0e1921bfe',
    traceFlags: 1,
    traceState: undefined
  },
  traceState: undefined,
  name: 'tcp.connect',
  id: '444604577affcfc1',
  kind: 0,
  timestamp: 1784999706683000,
  duration: 31662.8,
  attributes: {
    'net.transport': 'ip_tcp',
    'net.peer.name': 'localhost',
    'net.peer.port': 6380,
    'net.peer.ip': '::1',
    'net.host.ip': '::1',
    'net.host.port': 52162
  },
  status: { code: 0 },
  events: [],
  links: []
}
{
  resource: {
    attributes: {
      'host.name': 'Arunesh',
      'host.arch': 'amd64',
      'host.id': '961ee426-227a-4c11-9579-fdfc83a68919',
      'process.pid': 29064,
      'process.executable.name': 'Administrator:  C:\\WINDOWS\\system32\\cmd.exe ',
      'process.executable.path': 'C:\\Program Files\\nodejs\\node.exe',
      'process.command_args': [
        'C:\\Program Files\\nodejs\\node.exe',
        'C:\\Users\\Administrator\\.gemini\\antigravity_old\\scratch_old\\tallyme\\apps\\backend\\dist\\src\\main.js'
      ],
      'process.runtime.version': '24.12.0',
      'process.runtime.name': 'nodejs',
      'process.runtime.description': 'Node.js',
      'process.command': 'C:\\Users\\Administrator\\.gemini\\antigravity_old\\scratch_old\\tallyme\\apps\\backend\\dist\\src\\main.js',
      'process.owner': 'Administrator',
      'service.name': 'unknown_service:node',
      'telemetry.sdk.language': 'nodejs',
      'telemetry.sdk.name': 'opentelemetry',
      'telemetry.sdk.version': '2.10.0'
    }
  },
  instrumentationScope: {
    name: '@opentelemetry/instrumentation-net',
    version: '0.64.0',
    schemaUrl: undefined
  },
  traceId: '094ea94955f8057a27ef9ef69552edce',
  parentSpanContext: {
    traceId: '094ea94955f8057a27ef9ef69552edce',
    spanId: '4c79e4b0e1921bfe',
    traceFlags: 1,
    traceState: undefined
  },
  traceState: undefined,
  name: 'tcp.connect',
  id: 'f0bab6e67af13146',
  kind: 0,
  timestamp: 1784999706684000,
  duration: 31189.4,
  attributes: {
    'net.transport': 'ip_tcp',
    'net.peer.name': 'localhost',
    'net.peer.port': 6380,
    'net.peer.ip': '::1',
    'net.host.ip': '::1',
    'net.host.port': 52163
  },
  status: { code: 0 },
  events: [],
  links: []
}
{
  resource: {
    attributes: {
      'host.name': 'Arunesh',
      'host.arch': 'amd64',
      'host.id': '961ee426-227a-4c11-9579-fdfc83a68919',
      'process.pid': 29064,
      'process.executable.name': 'Administrator:  C:\\WINDOWS\\system32\\cmd.exe ',
      'process.executable.path': 'C:\\Program Files\\nodejs\\node.exe',
      'process.command_args': [
        'C:\\Program Files\\nodejs\\node.exe',
        'C:\\Users\\Administrator\\.gemini\\antigravity_old\\scratch_old\\tallyme\\apps\\backend\\dist\\src\\main.js'
      ],
      'process.runtime.version': '24.12.0',
      'process.runtime.name': 'nodejs',
      'process.runtime.description': 'Node.js',
      'process.command': 'C:\\Users\\Administrator\\.gemini\\antigravity_old\\scratch_old\\tallyme\\apps\\backend\\dist\\src\\main.js',
      'process.owner': 'Administrator',
      'service.name': 'unknown_service:node',
      'telemetry.sdk.language': 'nodejs',
      'telemetry.sdk.name': 'opentelemetry',
      'telemetry.sdk.version': '2.10.0'
    }
  },
  instrumentationScope: {
    name: '@opentelemetry/instrumentation-net',
    version: '0.64.0',
    schemaUrl: undefined
  },
  traceId: '094ea94955f8057a27ef9ef69552edce',
  parentSpanContext: {
    traceId: '094ea94955f8057a27ef9ef69552edce',
    spanId: '4c79e4b0e1921bfe',
    traceFlags: 1,
    traceState: undefined
  },
  traceState: undefined,
  name: 'tcp.connect',
  id: 'f1fd97e66d87b473',
  kind: 0,
  timestamp: 1784999706684000,
  duration: 31229.6,
  attributes: {
    'net.transport': 'ip_tcp',
    'net.peer.name': 'localhost',
    'net.peer.port': 6380,
    'net.peer.ip': '::1',
    'net.host.ip': '::1',
    'net.host.port': 52164
  },
  status: { code: 0 },
  events: [],
  links: []
}
{
  resource: {
    attributes: {
      'host.name': 'Arunesh',
      'host.arch': 'amd64',
      'host.id': '961ee426-227a-4c11-9579-fdfc83a68919',
      'process.pid': 29064,
      'process.executable.name': 'Administrator:  C:\\WINDOWS\\system32\\cmd.exe ',
      'process.executable.path': 'C:\\Program Files\\nodejs\\node.exe',
      'process.command_args': [
        'C:\\Program Files\\nodejs\\node.exe',
        'C:\\Users\\Administrator\\.gemini\\antigravity_old\\scratch_old\\tallyme\\apps\\backend\\dist\\src\\main.js'
      ],
      'process.runtime.version': '24.12.0',
      'process.runtime.name': 'nodejs',
      'process.runtime.description': 'Node.js',
      'process.command': 'C:\\Users\\Administrator\\.gemini\\antigravity_old\\scratch_old\\tallyme\\apps\\backend\\dist\\src\\main.js',
      'process.owner': 'Administrator',
      'service.name': 'unknown_service:node',
      'telemetry.sdk.language': 'nodejs',
      'telemetry.sdk.name': 'opentelemetry',
      'telemetry.sdk.version': '2.10.0'
    }
  },
  instrumentationScope: {
    name: '@opentelemetry/instrumentation-net',
    version: '0.64.0',
    schemaUrl: undefined
  },
  traceId: '2333b9ee2bb8783be9984fc2e781344b',
  parentSpanContext: undefined,
  traceState: undefined,
  name: 'tcp.connect',
  id: 'c1256aef156f4f23',
  kind: 0,
  timestamp: 1784999706685000,
  duration: 31133.4,
  attributes: {
    'net.transport': 'ip_tcp',
    'net.peer.name': 'localhost',
    'net.peer.port': 6380,
    'net.peer.ip': '::1',
    'net.host.ip': '::1',
    'net.host.port': 52165
  },
  status: { code: 0 },
  events: [],
  links: []
}
{
  resource: {
    attributes: {
      'host.name': 'Arunesh',
      'host.arch': 'amd64',
      'host.id': '961ee426-227a-4c11-9579-fdfc83a68919',
      'process.pid': 29064,
      'process.executable.name': 'Administrator:  C:\\WINDOWS\\system32\\cmd.exe ',
      'process.executable.path': 'C:\\Program Files\\nodejs\\node.exe',
      'process.command_args': [
        'C:\\Program Files\\nodejs\\node.exe',
        'C:\\Users\\Administrator\\.gemini\\antigravity_old\\scratch_old\\tallyme\\apps\\backend\\dist\\src\\main.js'
      ],
      'process.runtime.version': '24.12.0',
      'process.runtime.name': 'nodejs',
      'process.runtime.description': 'Node.js',
      'process.command': 'C:\\Users\\Administrator\\.gemini\\antigravity_old\\scratch_old\\tallyme\\apps\\backend\\dist\\src\\main.js',
      'process.owner': 'Administrator',
      'service.name': 'unknown_service:node',
      'telemetry.sdk.language': 'nodejs',
      'telemetry.sdk.name': 'opentelemetry',
      'telemetry.sdk.version': '2.10.0'
    }
  },
  instrumentationScope: {
    name: '@opentelemetry/instrumentation-net',
    version: '0.64.0',
    schemaUrl: undefined
  },
  traceId: '2d5b767df1dae9d860fe6978fff216dd',
  parentSpanContext: undefined,
  traceState: undefined,
  name: 'tcp.connect',
  id: '23069d263099d093',
  kind: 0,
  timestamp: 1784999706686000,
  duration: 30241.3,
  attributes: {
    'net.transport': 'ip_tcp',
    'net.peer.name': 'localhost',
    'net.peer.port': 6380,
    'net.peer.ip': '::1',
    'net.host.ip': '::1',
    'net.host.port': 52166
  },
  status: { code: 0 },
  events: [],
  links: []
}
{
  resource: {
    attributes: {
      'host.name': 'Arunesh',
      'host.arch': 'amd64',
      'host.id': '961ee426-227a-4c11-9579-fdfc83a68919',
      'process.pid': 29064,
      'process.executable.name': 'Administrator:  C:\\WINDOWS\\system32\\cmd.exe ',
      'process.executable.path': 'C:\\Program Files\\nodejs\\node.exe',
      'process.command_args': [
        'C:\\Program Files\\nodejs\\node.exe',
        'C:\\Users\\Administrator\\.gemini\\antigravity_old\\scratch_old\\tallyme\\apps\\backend\\dist\\src\\main.js'
      ],
      'process.runtime.version': '24.12.0',
      'process.runtime.name': 'nodejs',
      'process.runtime.description': 'Node.js',
      'process.command': 'C:\\Users\\Administrator\\.gemini\\antigravity_old\\scratch_old\\tallyme\\apps\\backend\\dist\\src\\main.js',
      'process.owner': 'Administrator',
      'service.name': 'unknown_service:node',
      'telemetry.sdk.language': 'nodejs',
      'telemetry.sdk.name': 'opentelemetry',
      'telemetry.sdk.version': '2.10.0'
    }
  },
  instrumentationScope: {
    name: '@opentelemetry/instrumentation-net',
    version: '0.64.0',
    schemaUrl: undefined
  },
  traceId: '094ea94955f8057a27ef9ef69552edce',
  parentSpanContext: {
    traceId: '094ea94955f8057a27ef9ef69552edce',
    spanId: '4c79e4b0e1921bfe',
    traceFlags: 1,
    traceState: undefined
  },
  traceState: undefined,
  name: 'tcp.connect',
  id: '850170479a763d43',
  kind: 0,
  timestamp: 1784999706688000,
  duration: 28862.3,
  attributes: {
    'net.transport': 'ip_tcp',
    'net.peer.name': 'localhost',
    'net.peer.port': 6380,
    'net.peer.ip': '::1',
    'net.host.ip': '::1',
    'net.host.port': 52167
  },
  status: { code: 0 },
  events: [],
  links: []
}
{
  resource: {
    attributes: {
      'host.name': 'Arunesh',
      'host.arch': 'amd64',
      'host.id': '961ee426-227a-4c11-9579-fdfc83a68919',
      'process.pid': 29064,
      'process.executable.name': 'Administrator:  C:\\WINDOWS\\system32\\cmd.exe ',
      'process.executable.path': 'C:\\Program Files\\nodejs\\node.exe',
      'process.command_args': [
        'C:\\Program Files\\nodejs\\node.exe',
        'C:\\Users\\Administrator\\.gemini\\antigravity_old\\scratch_old\\tallyme\\apps\\backend\\dist\\src\\main.js'
      ],
      'process.runtime.version': '24.12.0',
      'process.runtime.name': 'nodejs',
      'process.runtime.description': 'Node.js',
      'process.command': 'C:\\Users\\Administrator\\.gemini\\antigravity_old\\scratch_old\\tallyme\\apps\\backend\\dist\\src\\main.js',
      'process.owner': 'Administrator',
      'service.name': 'unknown_service:node',
      'telemetry.sdk.language': 'nodejs',
      'telemetry.sdk.name': 'opentelemetry',
      'telemetry.sdk.version': '2.10.0'
    }
  },
  instrumentationScope: {
    name: '@opentelemetry/instrumentation-net',
    version: '0.64.0',
    schemaUrl: undefined
  },
  traceId: '094ea94955f8057a27ef9ef69552edce',
  parentSpanContext: {
    traceId: '094ea94955f8057a27ef9ef69552edce',
    spanId: '4c79e4b0e1921bfe',
    traceFlags: 1,
    traceState: undefined
  },
  traceState: undefined,
  name: 'tcp.connect',
  id: '5e2fdcf9d85e9f83',
  kind: 0,
  timestamp: 1784999706687000,
  duration: 29889.7,
  attributes: {
    'net.transport': 'ip_tcp',
    'net.peer.name': 'localhost',
    'net.peer.port': 6380,
    'net.peer.ip': '::1',
    'net.host.ip': '::1',
    'net.host.port': 52168
  },
  status: { code: 0 },
  events: [],
  links: []
}
{
  resource: {
    attributes: {
      'host.name': 'Arunesh',
      'host.arch': 'amd64',
      'host.id': '961ee426-227a-4c11-9579-fdfc83a68919',
      'process.pid': 29064,
      'process.executable.name': 'Administrator:  C:\\WINDOWS\\system32\\cmd.exe ',
      'process.executable.path': 'C:\\Program Files\\nodejs\\node.exe',
      'process.command_args': [
        'C:\\Program Files\\nodejs\\node.exe',
        'C:\\Users\\Administrator\\.gemini\\antigravity_old\\scratch_old\\tallyme\\apps\\backend\\dist\\src\\main.js'
      ],
      'process.runtime.version': '24.12.0',
      'process.runtime.name': 'nodejs',
      'process.runtime.description': 'Node.js',
      'process.command': 'C:\\Users\\Administrator\\.gemini\\antigravity_old\\scratch_old\\tallyme\\apps\\backend\\dist\\src\\main.js',
      'process.owner': 'Administrator',
      'service.name': 'unknown_service:node',
      'telemetry.sdk.language': 'nodejs',
      'telemetry.sdk.name': 'opentelemetry',
      'telemetry.sdk.version': '2.10.0'
    }
  },
  instrumentationScope: {
    name: '@opentelemetry/instrumentation-net',
    version: '0.64.0',
    schemaUrl: undefined
  },
  traceId: '094ea94955f8057a27ef9ef69552edce',
  parentSpanContext: {
    traceId: '094ea94955f8057a27ef9ef69552edce',
    spanId: '4c79e4b0e1921bfe',
    traceFlags: 1,
    traceState: undefined
  },
  traceState: undefined,
  name: 'tcp.connect',
  id: 'c35fdfc21b851b8e',
  kind: 0,
  timestamp: 1784999706688000,
  duration: 29068,
  attributes: {
    'net.transport': 'ip_tcp',
    'net.peer.name': 'localhost',
    'net.peer.port': 6380,
    'net.peer.ip': '::1',
    'net.host.ip': '::1',
    'net.host.port': 52169
  },
  status: { code: 0 },
  events: [],
  links: []
}
{
  resource: {
    attributes: {
      'host.name': 'Arunesh',
      'host.arch': 'amd64',
      'host.id': '961ee426-227a-4c11-9579-fdfc83a68919',
      'process.pid': 29064,
      'process.executable.name': 'Administrator:  C:\\WINDOWS\\system32\\cmd.exe ',
      'process.executable.path': 'C:\\Program Files\\nodejs\\node.exe',
      'process.command_args': [
        'C:\\Program Files\\nodejs\\node.exe',
        'C:\\Users\\Administrator\\.gemini\\antigravity_old\\scratch_old\\tallyme\\apps\\backend\\dist\\src\\main.js'
      ],
      'process.runtime.version': '24.12.0',
      'process.runtime.name': 'nodejs',
      'process.runtime.description': 'Node.js',
      'process.command': 'C:\\Users\\Administrator\\.gemini\\antigravity_old\\scratch_old\\tallyme\\apps\\backend\\dist\\src\\main.js',
      'process.owner': 'Administrator',
      'service.name': 'unknown_service:node',
      'telemetry.sdk.language': 'nodejs',
      'telemetry.sdk.name': 'opentelemetry',
      'telemetry.sdk.version': '2.10.0'
    }
  },
  instrumentationScope: {
    name: '@opentelemetry/instrumentation-net',
    version: '0.64.0',
    schemaUrl: undefined
  },
  traceId: '094ea94955f8057a27ef9ef69552edce',
  parentSpanContext: {
    traceId: '094ea94955f8057a27ef9ef69552edce',
    spanId: '4c79e4b0e1921bfe',
    traceFlags: 1,
    traceState: undefined
  },
  traceState: undefined,
  name: 'tcp.connect',
  id: 'b70e1b361708111a',
  kind: 0,
  timestamp: 1784999706689000,
  duration: 29197.7,
  attributes: {
    'net.transport': 'ip_tcp',
    'net.peer.name': 'localhost',
    'net.peer.port': 6380,
    'net.peer.ip': '::1',
    'net.host.ip': '::1',
    'net.host.port': 52170
  },
  status: { code: 0 },
  events: [],
  links: []
}
{
  resource: {
    attributes: {
      'host.name': 'Arunesh',
      'host.arch': 'amd64',
      'host.id': '961ee426-227a-4c11-9579-fdfc83a68919',
      'process.pid': 29064,
      'process.executable.name': 'Administrator:  C:\\WINDOWS\\system32\\cmd.exe ',
      'process.executable.path': 'C:\\Program Files\\nodejs\\node.exe',
      'process.command_args': [
        'C:\\Program Files\\nodejs\\node.exe',
        'C:\\Users\\Administrator\\.gemini\\antigravity_old\\scratch_old\\tallyme\\apps\\backend\\dist\\src\\main.js'
      ],
      'process.runtime.version': '24.12.0',
      'process.runtime.name': 'nodejs',
      'process.runtime.description': 'Node.js',
      'process.command': 'C:\\Users\\Administrator\\.gemini\\antigravity_old\\scratch_old\\tallyme\\apps\\backend\\dist\\src\\main.js',
      'process.owner': 'Administrator',
      'service.name': 'unknown_service:node',
      'telemetry.sdk.language': 'nodejs',
      'telemetry.sdk.name': 'opentelemetry',
      'telemetry.sdk.version': '2.10.0'
    }
  },
  instrumentationScope: {
    name: '@opentelemetry/instrumentation-ioredis',
    version: '0.68.0',
    schemaUrl: undefined
  },
  traceId: '094ea94955f8057a27ef9ef69552edce',
  parentSpanContext: {
    traceId: '094ea94955f8057a27ef9ef69552edce',
    spanId: '4c79e4b0e1921bfe',
    traceFlags: 1,
    traceState: undefined
  },
  traceState: undefined,
  name: 'client',
  id: '78021e6028192adb',
  kind: 2,
  timestamp: 1784999706709000,
  duration: 9719.1,
  attributes: {
    'db.system': 'redis',
    'db.statement': 'client SETINFO LIB-NAME ioredis',
    'db.connection_string': 'redis://localhost:6380',
    'net.peer.name': 'localhost',
    'net.peer.port': 6380
  },
  status: { code: 0 },
  events: [],
  links: []
}
{
  resource: {
    attributes: {
      'host.name': 'Arunesh',
      'host.arch': 'amd64',
      'host.id': '961ee426-227a-4c11-9579-fdfc83a68919',
      'process.pid': 29064,
      'process.executable.name': 'Administrator:  C:\\WINDOWS\\system32\\cmd.exe ',
      'process.executable.path': 'C:\\Program Files\\nodejs\\node.exe',
      'process.command_args': [
        'C:\\Program Files\\nodejs\\node.exe',
        'C:\\Users\\Administrator\\.gemini\\antigravity_old\\scratch_old\\tallyme\\apps\\backend\\dist\\src\\main.js'
      ],
      'process.runtime.version': '24.12.0',
      'process.runtime.name': 'nodejs',
      'process.runtime.description': 'Node.js',
      'process.command': 'C:\\Users\\Administrator\\.gemini\\antigravity_old\\scratch_old\\tallyme\\apps\\backend\\dist\\src\\main.js',
      'process.owner': 'Administrator',
      'service.name': 'unknown_service:node',
      'telemetry.sdk.language': 'nodejs',
      'telemetry.sdk.name': 'opentelemetry',
      'telemetry.sdk.version': '2.10.0'
    }
  },
  instrumentationScope: {
    name: '@opentelemetry/instrumentation-ioredis',
    version: '0.68.0',
    schemaUrl: undefined
  },
  traceId: '094ea94955f8057a27ef9ef69552edce',
  parentSpanContext: {
    traceId: '094ea94955f8057a27ef9ef69552edce',
    spanId: '4c79e4b0e1921bfe',
    traceFlags: 1,
    traceState: undefined
  },
  traceState: undefined,
  name: 'client',
  id: 'e4fc0569cd70ba03',
  kind: 2,
  timestamp: 1784999706710000,
  duration: 8973.4,
  attributes: {
    'db.system': 'redis',
    'db.statement': 'client SETINFO LIB-VER 5.11.1',
    'db.connection_string': 'redis://localhost:6380',
    'net.peer.name': 'localhost',
    'net.peer.port': 6380
  },
  status: { code: 0 },
  events: [],
  links: []
}
{
  resource: {
    attributes: {
      'host.name': 'Arunesh',
      'host.arch': 'amd64',
      'host.id': '961ee426-227a-4c11-9579-fdfc83a68919',
      'process.pid': 29064,
      'process.executable.name': 'Administrator:  C:\\WINDOWS\\system32\\cmd.exe ',
      'process.executable.path': 'C:\\Program Files\\nodejs\\node.exe',
      'process.command_args': [
        'C:\\Program Files\\nodejs\\node.exe',
        'C:\\Users\\Administrator\\.gemini\\antigravity_old\\scratch_old\\tallyme\\apps\\backend\\dist\\src\\main.js'
      ],
      'process.runtime.version': '24.12.0',
      'process.runtime.name': 'nodejs',
      'process.runtime.description': 'Node.js',
      'process.command': 'C:\\Users\\Administrator\\.gemini\\antigravity_old\\scratch_old\\tallyme\\apps\\backend\\dist\\src\\main.js',
      'process.owner': 'Administrator',
      'service.name': 'unknown_service:node',
      'telemetry.sdk.language': 'nodejs',
      'telemetry.sdk.name': 'opentelemetry',
      'telemetry.sdk.version': '2.10.0'
    }
  },
  instrumentationScope: {
    name: '@opentelemetry/instrumentation-ioredis',
    version: '0.68.0',
    schemaUrl: undefined
  },
  traceId: '094ea94955f8057a27ef9ef69552edce',
  parentSpanContext: {
    traceId: '094ea94955f8057a27ef9ef69552edce',
    spanId: '4c79e4b0e1921bfe',
    traceFlags: 1,
    traceState: undefined
  },
  traceState: undefined,
  name: 'client',
  id: 'ac5bb10bdc24c97a',
  kind: 2,
  timestamp: 1784999706711000,
  duration: 8549.6,
  attributes: {
    'db.system': 'redis',
    'db.statement': 'client SETINFO LIB-NAME ioredis',
    'db.connection_string': 'redis://localhost:6380',
    'net.peer.name': 'localhost',
    'net.peer.port': 6380
  },
  status: { code: 0 },
  events: [],
  links: []
}
{
  resource: {
    attributes: {
      'host.name': 'Arunesh',
      'host.arch': 'amd64',
      'host.id': '961ee426-227a-4c11-9579-fdfc83a68919',
      'process.pid': 29064,
      'process.executable.name': 'Administrator:  C:\\WINDOWS\\system32\\cmd.exe ',
      'process.executable.path': 'C:\\Program Files\\nodejs\\node.exe',
      'process.command_args': [
        'C:\\Program Files\\nodejs\\node.exe',
        'C:\\Users\\Administrator\\.gemini\\antigravity_old\\scratch_old\\tallyme\\apps\\backend\\dist\\src\\main.js'
      ],
      'process.runtime.version': '24.12.0',
      'process.runtime.name': 'nodejs',
      'process.runtime.description': 'Node.js',
      'process.command': 'C:\\Users\\Administrator\\.gemini\\antigravity_old\\scratch_old\\tallyme\\apps\\backend\\dist\\src\\main.js',
      'process.owner': 'Administrator',
      'service.name': 'unknown_service:node',
      'telemetry.sdk.language': 'nodejs',
      'telemetry.sdk.name': 'opentelemetry',
      'telemetry.sdk.version': '2.10.0'
    }
  },
  instrumentationScope: {
    name: '@opentelemetry/instrumentation-ioredis',
    version: '0.68.0',
    schemaUrl: undefined
  },
  traceId: '094ea94955f8057a27ef9ef69552edce',
  parentSpanContext: {
    traceId: '094ea94955f8057a27ef9ef69552edce',
    spanId: '4c79e4b0e1921bfe',
    traceFlags: 1,
    traceState: undefined
  },
  traceState: undefined,
  name: 'client',
  id: 'd460af48b1f86373',
  kind: 2,
  timestamp: 1784999706711000,
  duration: 8166,
  attributes: {
    'db.system': 'redis',
    'db.statement': 'client SETINFO LIB-VER 5.11.1',
    'db.connection_string': 'redis://localhost:6380',
    'net.peer.name': 'localhost',
    'net.peer.port': 6380
  },
  status: { code: 0 },
  events: [],
  links: []
}
{
  resource: {
    attributes: {
      'host.name': 'Arunesh',
      'host.arch': 'amd64',
      'host.id': '961ee426-227a-4c11-9579-fdfc83a68919',
      'process.pid': 29064,
      'process.executable.name': 'Administrator:  C:\\WINDOWS\\system32\\cmd.exe ',
      'process.executable.path': 'C:\\Program Files\\nodejs\\node.exe',
      'process.command_args': [
        'C:\\Program Files\\nodejs\\node.exe',
        'C:\\Users\\Administrator\\.gemini\\antigravity_old\\scratch_old\\tallyme\\apps\\backend\\dist\\src\\main.js'
      ],
      'process.runtime.version': '24.12.0',
      'process.runtime.name': 'nodejs',
      'process.runtime.description': 'Node.js',
      'process.command': 'C:\\Users\\Administrator\\.gemini\\antigravity_old\\scratch_old\\tallyme\\apps\\backend\\dist\\src\\main.js',
      'process.owner': 'Administrator',
      'service.name': 'unknown_service:node',
      'telemetry.sdk.language': 'nodejs',
      'telemetry.sdk.name': 'opentelemetry',
      'telemetry.sdk.version': '2.10.0'
    }
  },
  instrumentationScope: {
    name: '@opentelemetry/instrumentation-ioredis',
    version: '0.68.0',
    schemaUrl: undefined
  },
  traceId: '094ea94955f8057a27ef9ef69552edce',
  parentSpanContext: {
    traceId: '094ea94955f8057a27ef9ef69552edce',
    spanId: '4c79e4b0e1921bfe',
    traceFlags: 1,
    traceState: undefined
  },
  traceState: undefined,
  name: 'client',
  id: '64722a03f088d84a',
  kind: 2,
  timestamp: 1784999706712000,
  duration: 8014.3,
  attributes: {
    'db.system': 'redis',
    'db.statement': 'client SETINFO LIB-NAME ioredis',
    'db.connection_string': 'redis://localhost:6380',
    'net.peer.name': 'localhost',
    'net.peer.port': 6380
  },
  status: { code: 0 },
  events: [],
  links: []
}
{
  resource: {
    attributes: {
      'host.name': 'Arunesh',
      'host.arch': 'amd64',
      'host.id': '961ee426-227a-4c11-9579-fdfc83a68919',
      'process.pid': 29064,
      'process.executable.name': 'Administrator:  C:\\WINDOWS\\system32\\cmd.exe ',
      'process.executable.path': 'C:\\Program Files\\nodejs\\node.exe',
      'process.command_args': [
        'C:\\Program Files\\nodejs\\node.exe',
        'C:\\Users\\Administrator\\.gemini\\antigravity_old\\scratch_old\\tallyme\\apps\\backend\\dist\\src\\main.js'
      ],
      'process.runtime.version': '24.12.0',
      'process.runtime.name': 'nodejs',
      'process.runtime.description': 'Node.js',
      'process.command': 'C:\\Users\\Administrator\\.gemini\\antigravity_old\\scratch_old\\tallyme\\apps\\backend\\dist\\src\\main.js',
      'process.owner': 'Administrator',
      'service.name': 'unknown_service:node',
      'telemetry.sdk.language': 'nodejs',
      'telemetry.sdk.name': 'opentelemetry',
      'telemetry.sdk.version': '2.10.0'
    }
  },
  instrumentationScope: {
    name: '@opentelemetry/instrumentation-ioredis',
    version: '0.68.0',
    schemaUrl: undefined
  },
  traceId: '094ea94955f8057a27ef9ef69552edce',
  parentSpanContext: {
    traceId: '094ea94955f8057a27ef9ef69552edce',
    spanId: '4c79e4b0e1921bfe',
    traceFlags: 1,
    traceState: undefined
  },
  traceState: undefined,
  name: 'client',
  id: '9edb4e14de2fd160',
  kind: 2,
  timestamp: 1784999706712000,
  duration: 7612.6,
  attributes: {
    'db.system': 'redis',
    'db.statement': 'client SETINFO LIB-VER 5.11.1',
    'db.connection_string': 'redis://localhost:6380',
    'net.peer.name': 'localhost',
    'net.peer.port': 6380
  },
  status: { code: 0 },
  events: [],
  links: []
}
{
  resource: {
    attributes: {
      'host.name': 'Arunesh',
      'host.arch': 'amd64',
      'host.id': '961ee426-227a-4c11-9579-fdfc83a68919',
      'process.pid': 29064,
      'process.executable.name': 'Administrator:  C:\\WINDOWS\\system32\\cmd.exe ',
      'process.executable.path': 'C:\\Program Files\\nodejs\\node.exe',
      'process.command_args': [
        'C:\\Program Files\\nodejs\\node.exe',
        'C:\\Users\\Administrator\\.gemini\\antigravity_old\\scratch_old\\tallyme\\apps\\backend\\dist\\src\\main.js'
      ],
      'process.runtime.version': '24.12.0',
      'process.runtime.name': 'nodejs',
      'process.runtime.description': 'Node.js',
      'process.command': 'C:\\Users\\Administrator\\.gemini\\antigravity_old\\scratch_old\\tallyme\\apps\\backend\\dist\\src\\main.js',
      'process.owner': 'Administrator',
      'service.name': 'unknown_service:node',
      'telemetry.sdk.language': 'nodejs',
      'telemetry.sdk.name': 'opentelemetry',
      'telemetry.sdk.version': '2.10.0'
    }
  },
  instrumentationScope: {
    name: '@opentelemetry/instrumentation-ioredis',
    version: '0.68.0',
    schemaUrl: undefined
  },
  traceId: '094ea94955f8057a27ef9ef69552edce',
  parentSpanContext: {
    traceId: '094ea94955f8057a27ef9ef69552edce',
    spanId: '4c79e4b0e1921bfe',
    traceFlags: 1,
    traceState: undefined
  },
  traceState: undefined,
  name: 'client',
  id: 'f1ba8d62a3852518',
  kind: 2,
  timestamp: 1784999706713000,
  duration: 7347.8,
  attributes: {
    'db.system': 'redis',
    'db.statement': 'client SETINFO LIB-NAME ioredis',
    'db.connection_string': 'redis://localhost:6380',
    'net.peer.name': 'localhost',
    'net.peer.port': 6380
  },
  status: { code: 0 },
  events: [],
  links: []
}
{
  resource: {
    attributes: {
      'host.name': 'Arunesh',
      'host.arch': 'amd64',
      'host.id': '961ee426-227a-4c11-9579-fdfc83a68919',
      'process.pid': 29064,
      'process.executable.name': 'Administrator:  C:\\WINDOWS\\system32\\cmd.exe ',
      'process.executable.path': 'C:\\Program Files\\nodejs\\node.exe',
      'process.command_args': [
        'C:\\Program Files\\nodejs\\node.exe',
        'C:\\Users\\Administrator\\.gemini\\antigravity_old\\scratch_old\\tallyme\\apps\\backend\\dist\\src\\main.js'
      ],
      'process.runtime.version': '24.12.0',
      'process.runtime.name': 'nodejs',
      'process.runtime.description': 'Node.js',
      'process.command': 'C:\\Users\\Administrator\\.gemini\\antigravity_old\\scratch_old\\tallyme\\apps\\backend\\dist\\src\\main.js',
      'process.owner': 'Administrator',
      'service.name': 'unknown_service:node',
      'telemetry.sdk.language': 'nodejs',
      'telemetry.sdk.name': 'opentelemetry',
      'telemetry.sdk.version': '2.10.0'
    }
  },
  instrumentationScope: {
    name: '@opentelemetry/instrumentation-ioredis',
    version: '0.68.0',
    schemaUrl: undefined
  },
  traceId: '094ea94955f8057a27ef9ef69552edce',
  parentSpanContext: {
    traceId: '094ea94955f8057a27ef9ef69552edce',
    spanId: '4c79e4b0e1921bfe',
    traceFlags: 1,
    traceState: undefined
  },
  traceState: undefined,
  name: 'client',
  id: '4d67ea3e322851b9',
  kind: 2,
  timestamp: 1784999706713000,
  duration: 6810.5,
  attributes: {
    'db.system': 'redis',
    'db.statement': 'client SETINFO LIB-VER 5.11.1',
    'db.connection_string': 'redis://localhost:6380',
    'net.peer.name': 'localhost',
    'net.peer.port': 6380
  },
  status: { code: 0 },
  events: [],
  links: []
}
{
  resource: {
    attributes: {
      'host.name': 'Arunesh',
      'host.arch': 'amd64',
      'host.id': '961ee426-227a-4c11-9579-fdfc83a68919',
      'process.pid': 29064,
      'process.executable.name': 'Administrator:  C:\\WINDOWS\\system32\\cmd.exe ',
      'process.executable.path': 'C:\\Program Files\\nodejs\\node.exe',
      'process.command_args': [
        'C:\\Program Files\\nodejs\\node.exe',
        'C:\\Users\\Administrator\\.gemini\\antigravity_old\\scratch_old\\tallyme\\apps\\backend\\dist\\src\\main.js'
      ],
      'process.runtime.version': '24.12.0',
      'process.runtime.name': 'nodejs',
      'process.runtime.description': 'Node.js',
      'process.command': 'C:\\Users\\Administrator\\.gemini\\antigravity_old\\scratch_old\\tallyme\\apps\\backend\\dist\\src\\main.js',
      'process.owner': 'Administrator',
      'service.name': 'unknown_service:node',
      'telemetry.sdk.language': 'nodejs',
      'telemetry.sdk.name': 'opentelemetry',
      'telemetry.sdk.version': '2.10.0'
    }
  },
  instrumentationScope: {
    name: '@opentelemetry/instrumentation-ioredis',
    version: '0.68.0',
    schemaUrl: undefined
  },
  traceId: '094ea94955f8057a27ef9ef69552edce',
  parentSpanContext: {
    traceId: '094ea94955f8057a27ef9ef69552edce',
    spanId: '4c79e4b0e1921bfe',
    traceFlags: 1,
    traceState: undefined
  },
  traceState: undefined,
  name: 'client',
  id: 'b856478e9d35f82e',
  kind: 2,
  timestamp: 1784999706714000,
  duration: 7088.7,
  attributes: {
    'db.system': 'redis',
    'db.statement': 'client SETINFO LIB-NAME ioredis',
    'db.connection_string': 'redis://localhost:6380',
    'net.peer.name': 'localhost',
    'net.peer.port': 6380
  },
  status: { code: 0 },
  events: [],
  links: []
}
{
  resource: {
    attributes: {
      'host.name': 'Arunesh',
      'host.arch': 'amd64',
      'host.id': '961ee426-227a-4c11-9579-fdfc83a68919',
      'process.pid': 29064,
      'process.executable.name': 'Administrator:  C:\\WINDOWS\\system32\\cmd.exe ',
      'process.executable.path': 'C:\\Program Files\\nodejs\\node.exe',
      'process.command_args': [
        'C:\\Program Files\\nodejs\\node.exe',
        'C:\\Users\\Administrator\\.gemini\\antigravity_old\\scratch_old\\tallyme\\apps\\backend\\dist\\src\\main.js'
      ],
      'process.runtime.version': '24.12.0',
      'process.runtime.name': 'nodejs',
      'process.runtime.description': 'Node.js',
      'process.command': 'C:\\Users\\Administrator\\.gemini\\antigravity_old\\scratch_old\\tallyme\\apps\\backend\\dist\\src\\main.js',
      'process.owner': 'Administrator',
      'service.name': 'unknown_service:node',
      'telemetry.sdk.language': 'nodejs',
      'telemetry.sdk.name': 'opentelemetry',
      'telemetry.sdk.version': '2.10.0'
    }
  },
  instrumentationScope: {
    name: '@opentelemetry/instrumentation-ioredis',
    version: '0.68.0',
    schemaUrl: undefined
  },
  traceId: '094ea94955f8057a27ef9ef69552edce',
  parentSpanContext: {
    traceId: '094ea94955f8057a27ef9ef69552edce',
    spanId: '4c79e4b0e1921bfe',
    traceFlags: 1,
    traceState: undefined
  },
  traceState: undefined,
  name: 'client',
  id: 'ae5a371617530848',
  kind: 2,
  timestamp: 1784999706714000,
  duration: 6803.3,
  attributes: {
    'db.system': 'redis',
    'db.statement': 'client SETINFO LIB-VER 5.11.1',
    'db.connection_string': 'redis://localhost:6380',
    'net.peer.name': 'localhost',
    'net.peer.port': 6380
  },
  status: { code: 0 },
  events: [],
  links: []
}
{
  resource: {
    attributes: {
      'host.name': 'Arunesh',
      'host.arch': 'amd64',
      'host.id': '961ee426-227a-4c11-9579-fdfc83a68919',
      'process.pid': 29064,
      'process.executable.name': 'Administrator:  C:\\WINDOWS\\system32\\cmd.exe ',
      'process.executable.path': 'C:\\Program Files\\nodejs\\node.exe',
      'process.command_args': [
        'C:\\Program Files\\nodejs\\node.exe',
        'C:\\Users\\Administrator\\.gemini\\antigravity_old\\scratch_old\\tallyme\\apps\\backend\\dist\\src\\main.js'
      ],
      'process.runtime.version': '24.12.0',
      'process.runtime.name': 'nodejs',
      'process.runtime.description': 'Node.js',
      'process.command': 'C:\\Users\\Administrator\\.gemini\\antigravity_old\\scratch_old\\tallyme\\apps\\backend\\dist\\src\\main.js',
      'process.owner': 'Administrator',
      'service.name': 'unknown_service:node',
      'telemetry.sdk.language': 'nodejs',
      'telemetry.sdk.name': 'opentelemetry',
      'telemetry.sdk.version': '2.10.0'
    }
  },
  instrumentationScope: {
    name: '@opentelemetry/instrumentation-ioredis',
    version: '0.68.0',
    schemaUrl: undefined
  },
  traceId: '094ea94955f8057a27ef9ef69552edce',
  parentSpanContext: {
    traceId: '094ea94955f8057a27ef9ef69552edce',
    spanId: '4c79e4b0e1921bfe',
    traceFlags: 1,
    traceState: undefined
  },
  traceState: undefined,
  name: 'client',
  id: '599bb1c138841aec',
  kind: 2,
  timestamp: 1784999706715000,
  duration: 6489.2,
  attributes: {
    'db.system': 'redis',
    'db.statement': 'client SETINFO LIB-NAME ioredis',
    'db.connection_string': 'redis://localhost:6380',
    'net.peer.name': 'localhost',
    'net.peer.port': 6380
  },
  status: { code: 0 },
  events: [],
  links: []
}
{
  resource: {
    attributes: {
      'host.name': 'Arunesh',
      'host.arch': 'amd64',
      'host.id': '961ee426-227a-4c11-9579-fdfc83a68919',
      'process.pid': 29064,
      'process.executable.name': 'Administrator:  C:\\WINDOWS\\system32\\cmd.exe ',
      'process.executable.path': 'C:\\Program Files\\nodejs\\node.exe',
      'process.command_args': [
        'C:\\Program Files\\nodejs\\node.exe',
        'C:\\Users\\Administrator\\.gemini\\antigravity_old\\scratch_old\\tallyme\\apps\\backend\\dist\\src\\main.js'
      ],
      'process.runtime.version': '24.12.0',
      'process.runtime.name': 'nodejs',
      'process.runtime.description': 'Node.js',
      'process.command': 'C:\\Users\\Administrator\\.gemini\\antigravity_old\\scratch_old\\tallyme\\apps\\backend\\dist\\src\\main.js',
      'process.owner': 'Administrator',
      'service.name': 'unknown_service:node',
      'telemetry.sdk.language': 'nodejs',
      'telemetry.sdk.name': 'opentelemetry',
      'telemetry.sdk.version': '2.10.0'
    }
  },
  instrumentationScope: {
    name: '@opentelemetry/instrumentation-ioredis',
    version: '0.68.0',
    schemaUrl: undefined
  },
  traceId: '094ea94955f8057a27ef9ef69552edce',
  parentSpanContext: {
    traceId: '094ea94955f8057a27ef9ef69552edce',
    spanId: '4c79e4b0e1921bfe',
    traceFlags: 1,
    traceState: undefined
  },
  traceState: undefined,
  name: 'client',
  id: '9722e5ec6e5b7383',
  kind: 2,
  timestamp: 1784999706715000,
  duration: 6332.5,
  attributes: {
    'db.system': 'redis',
    'db.statement': 'client SETINFO LIB-VER 5.11.1',
    'db.connection_string': 'redis://localhost:6380',
    'net.peer.name': 'localhost',
    'net.peer.port': 6380
  },
  status: { code: 0 },
  events: [],
  links: []
}
{
  resource: {
    attributes: {
      'host.name': 'Arunesh',
      'host.arch': 'amd64',
      'host.id': '961ee426-227a-4c11-9579-fdfc83a68919',
      'process.pid': 29064,
      'process.executable.name': 'Administrator:  C:\\WINDOWS\\system32\\cmd.exe ',
      'process.executable.path': 'C:\\Program Files\\nodejs\\node.exe',
      'process.command_args': [
        'C:\\Program Files\\nodejs\\node.exe',
        'C:\\Users\\Administrator\\.gemini\\antigravity_old\\scratch_old\\tallyme\\apps\\backend\\dist\\src\\main.js'
      ],
      'process.runtime.version': '24.12.0',
      'process.runtime.name': 'nodejs',
      'process.runtime.description': 'Node.js',
      'process.command': 'C:\\Users\\Administrator\\.gemini\\antigravity_old\\scratch_old\\tallyme\\apps\\backend\\dist\\src\\main.js',
      'process.owner': 'Administrator',
      'service.name': 'unknown_service:node',
      'telemetry.sdk.language': 'nodejs',
      'telemetry.sdk.name': 'opentelemetry',
      'telemetry.sdk.version': '2.10.0'
    }
  },
  instrumentationScope: {
    name: '@opentelemetry/instrumentation-ioredis',
    version: '0.68.0',
    schemaUrl: undefined
  },
  traceId: '094ea94955f8057a27ef9ef69552edce',
  parentSpanContext: {
    traceId: '094ea94955f8057a27ef9ef69552edce',
    spanId: '4c79e4b0e1921bfe',
    traceFlags: 1,
    traceState: undefined
  },
  traceState: undefined,
  name: 'client',
  id: '23be53b597c39db4',
  kind: 2,
  timestamp: 1784999706715000,
  duration: 6485.2,
  attributes: {
    'db.system': 'redis',
    'db.statement': 'client SETINFO LIB-NAME ioredis',
    'db.connection_string': 'redis://localhost:6380',
    'net.peer.name': 'localhost',
    'net.peer.port': 6380
  },
  status: { code: 0 },
  events: [],
  links: []
}
{
  resource: {
    attributes: {
      'host.name': 'Arunesh',
      'host.arch': 'amd64',
      'host.id': '961ee426-227a-4c11-9579-fdfc83a68919',
      'process.pid': 29064,
      'process.executable.name': 'Administrator:  C:\\WINDOWS\\system32\\cmd.exe ',
      'process.executable.path': 'C:\\Program Files\\nodejs\\node.exe',
      'process.command_args': [
        'C:\\Program Files\\nodejs\\node.exe',
        'C:\\Users\\Administrator\\.gemini\\antigravity_old\\scratch_old\\tallyme\\apps\\backend\\dist\\src\\main.js'
      ],
      'process.runtime.version': '24.12.0',
      'process.runtime.name': 'nodejs',
      'process.runtime.description': 'Node.js',
      'process.command': 'C:\\Users\\Administrator\\.gemini\\antigravity_old\\scratch_old\\tallyme\\apps\\backend\\dist\\src\\main.js',
      'process.owner': 'Administrator',
      'service.name': 'unknown_service:node',
      'telemetry.sdk.language': 'nodejs',
      'telemetry.sdk.name': 'opentelemetry',
      'telemetry.sdk.version': '2.10.0'
    }
  },
  instrumentationScope: {
    name: '@opentelemetry/instrumentation-ioredis',
    version: '0.68.0',
    schemaUrl: undefined
  },
  traceId: '094ea94955f8057a27ef9ef69552edce',
  parentSpanContext: {
    traceId: '094ea94955f8057a27ef9ef69552edce',
    spanId: '4c79e4b0e1921bfe',
    traceFlags: 1,
    traceState: undefined
  },
  traceState: undefined,
  name: 'client',
  id: '3fcc8317990fbc62',
  kind: 2,
  timestamp: 1784999706716000,
  duration: 6437.1,
  attributes: {
    'db.system': 'redis',
    'db.statement': 'client SETINFO LIB-VER 5.11.1',
    'db.connection_string': 'redis://localhost:6380',
    'net.peer.name': 'localhost',
    'net.peer.port': 6380
  },
  status: { code: 0 },
  events: [],
  links: []
}
{
  resource: {
    attributes: {
      'host.name': 'Arunesh',
      'host.arch': 'amd64',
      'host.id': '961ee426-227a-4c11-9579-fdfc83a68919',
      'process.pid': 29064,
      'process.executable.name': 'Administrator:  C:\\WINDOWS\\system32\\cmd.exe ',
      'process.executable.path': 'C:\\Program Files\\nodejs\\node.exe',
      'process.command_args': [
        'C:\\Program Files\\nodejs\\node.exe',
        'C:\\Users\\Administrator\\.gemini\\antigravity_old\\scratch_old\\tallyme\\apps\\backend\\dist\\src\\main.js'
      ],
      'process.runtime.version': '24.12.0',
      'process.runtime.name': 'nodejs',
      'process.runtime.description': 'Node.js',
      'process.command': 'C:\\Users\\Administrator\\.gemini\\antigravity_old\\scratch_old\\tallyme\\apps\\backend\\dist\\src\\main.js',
      'process.owner': 'Administrator',
      'service.name': 'unknown_service:node',
      'telemetry.sdk.language': 'nodejs',
      'telemetry.sdk.name': 'opentelemetry',
      'telemetry.sdk.version': '2.10.0'
    }
  },
  instrumentationScope: {
    name: '@opentelemetry/instrumentation-ioredis',
    version: '0.68.0',
    schemaUrl: undefined
  },
  traceId: '094ea94955f8057a27ef9ef69552edce',
  parentSpanContext: {
    traceId: '094ea94955f8057a27ef9ef69552edce',
    spanId: '4c79e4b0e1921bfe',
    traceFlags: 1,
    traceState: undefined
  },
  traceState: undefined,
  name: 'client',
  id: 'c91ff6df95ebd18b',
  kind: 2,
  timestamp: 1784999706716000,
  duration: 6271.2,
  attributes: {
    'db.system': 'redis',
    'db.statement': 'client SETINFO LIB-NAME ioredis',
    'db.connection_string': 'redis://localhost:6380',
    'net.peer.name': 'localhost',
    'net.peer.port': 6380
  },
  status: { code: 0 },
  events: [],
  links: []
}
{
  resource: {
    attributes: {
      'host.name': 'Arunesh',
      'host.arch': 'amd64',
      'host.id': '961ee426-227a-4c11-9579-fdfc83a68919',
      'process.pid': 29064,
      'process.executable.name': 'Administrator:  C:\\WINDOWS\\system32\\cmd.exe ',
      'process.executable.path': 'C:\\Program Files\\nodejs\\node.exe',
      'process.command_args': [
        'C:\\Program Files\\nodejs\\node.exe',
        'C:\\Users\\Administrator\\.gemini\\antigravity_old\\scratch_old\\tallyme\\apps\\backend\\dist\\src\\main.js'
      ],
      'process.runtime.version': '24.12.0',
      'process.runtime.name': 'nodejs',
      'process.runtime.description': 'Node.js',
      'process.command': 'C:\\Users\\Administrator\\.gemini\\antigravity_old\\scratch_old\\tallyme\\apps\\backend\\dist\\src\\main.js',
      'process.owner': 'Administrator',
      'service.name': 'unknown_service:node',
      'telemetry.sdk.language': 'nodejs',
      'telemetry.sdk.name': 'opentelemetry',
      'telemetry.sdk.version': '2.10.0'
    }
  },
  instrumentationScope: {
    name: '@opentelemetry/instrumentation-ioredis',
    version: '0.68.0',
    schemaUrl: undefined
  },
  traceId: '094ea94955f8057a27ef9ef69552edce',
  parentSpanContext: {
    traceId: '094ea94955f8057a27ef9ef69552edce',
    spanId: '4c79e4b0e1921bfe',
    traceFlags: 1,
    traceState: undefined
  },
  traceState: undefined,
  name: 'client',
  id: '575c181776397d69',
  kind: 2,
  timestamp: 1784999706716000,
  duration: 6088.7,
  attributes: {
    'db.system': 'redis',
    'db.statement': 'client SETINFO LIB-VER 5.11.1',
    'db.connection_string': 'redis://localhost:6380',
    'net.peer.name': 'localhost',
    'net.peer.port': 6380
  },
  status: { code: 0 },
  events: [],
  links: []
}
{
  resource: {
    attributes: {
      'host.name': 'Arunesh',
      'host.arch': 'amd64',
      'host.id': '961ee426-227a-4c11-9579-fdfc83a68919',
      'process.pid': 29064,
      'process.executable.name': 'Administrator:  C:\\WINDOWS\\system32\\cmd.exe ',
      'process.executable.path': 'C:\\Program Files\\nodejs\\node.exe',
      'process.command_args': [
        'C:\\Program Files\\nodejs\\node.exe',
        'C:\\Users\\Administrator\\.gemini\\antigravity_old\\scratch_old\\tallyme\\apps\\backend\\dist\\src\\main.js'
      ],
      'process.runtime.version': '24.12.0',
      'process.runtime.name': 'nodejs',
      'process.runtime.description': 'Node.js',
      'process.command': 'C:\\Users\\Administrator\\.gemini\\antigravity_old\\scratch_old\\tallyme\\apps\\backend\\dist\\src\\main.js',
      'process.owner': 'Administrator',
      'service.name': 'unknown_service:node',
      'telemetry.sdk.language': 'nodejs',
      'telemetry.sdk.name': 'opentelemetry',
      'telemetry.sdk.version': '2.10.0'
    }
  },
  instrumentationScope: {
    name: '@opentelemetry/instrumentation-ioredis',
    version: '0.68.0',
    schemaUrl: undefined
  },
  traceId: '094ea94955f8057a27ef9ef69552edce',
  parentSpanContext: {
    traceId: '094ea94955f8057a27ef9ef69552edce',
    spanId: '4c79e4b0e1921bfe',
    traceFlags: 1,
    traceState: undefined
  },
  traceState: undefined,
  name: 'info',
  id: '4d60c6291df36e8a',
  kind: 2,
  timestamp: 1784999706719000,
  duration: 5316.3,
  attributes: {
    'db.system': 'redis',
    'db.statement': 'info',
    'db.connection_string': 'redis://localhost:6380',
    'net.peer.name': 'localhost',
    'net.peer.port': 6380
  },
  status: { code: 0 },
  events: [],
  links: []
}
{
  resource: {
    attributes: {
      'host.name': 'Arunesh',
      'host.arch': 'amd64',
      'host.id': '961ee426-227a-4c11-9579-fdfc83a68919',
      'process.pid': 29064,
      'process.executable.name': 'Administrator:  C:\\WINDOWS\\system32\\cmd.exe ',
      'process.executable.path': 'C:\\Program Files\\nodejs\\node.exe',
      'process.command_args': [
        'C:\\Program Files\\nodejs\\node.exe',
        'C:\\Users\\Administrator\\.gemini\\antigravity_old\\scratch_old\\tallyme\\apps\\backend\\dist\\src\\main.js'
      ],
      'process.runtime.version': '24.12.0',
      'process.runtime.name': 'nodejs',
      'process.runtime.description': 'Node.js',
      'process.command': 'C:\\Users\\Administrator\\.gemini\\antigravity_old\\scratch_old\\tallyme\\apps\\backend\\dist\\src\\main.js',
      'process.owner': 'Administrator',
      'service.name': 'unknown_service:node',
      'telemetry.sdk.language': 'nodejs',
      'telemetry.sdk.name': 'opentelemetry',
      'telemetry.sdk.version': '2.10.0'
    }
  },
  instrumentationScope: {
    name: '@opentelemetry/instrumentation-ioredis',
    version: '0.68.0',
    schemaUrl: undefined
  },
  traceId: '094ea94955f8057a27ef9ef69552edce',
  parentSpanContext: {
    traceId: '094ea94955f8057a27ef9ef69552edce',
    spanId: '4c79e4b0e1921bfe',
    traceFlags: 1,
    traceState: undefined
  },
  traceState: undefined,
  name: 'client',
  id: '63832a857d0678d1',
  kind: 2,
  timestamp: 1784999706717000,
  duration: 8889.9,
  attributes: {
    'db.system': 'redis',
    'db.statement': 'client SETINFO LIB-NAME ioredis',
    'db.connection_string': 'redis://localhost:6380',
    'net.peer.name': 'localhost',
    'net.peer.port': 6380
  },
  status: { code: 0 },
  events: [],
  links: []
}
{
  resource: {
    attributes: {
      'host.name': 'Arunesh',
      'host.arch': 'amd64',
      'host.id': '961ee426-227a-4c11-9579-fdfc83a68919',
      'process.pid': 29064,
      'process.executable.name': 'Administrator:  C:\\WINDOWS\\system32\\cmd.exe ',
      'process.executable.path': 'C:\\Program Files\\nodejs\\node.exe',
      'process.command_args': [
        'C:\\Program Files\\nodejs\\node.exe',
        'C:\\Users\\Administrator\\.gemini\\antigravity_old\\scratch_old\\tallyme\\apps\\backend\\dist\\src\\main.js'
      ],
      'process.runtime.version': '24.12.0',
      'process.runtime.name': 'nodejs',
      'process.runtime.description': 'Node.js',
      'process.command': 'C:\\Users\\Administrator\\.gemini\\antigravity_old\\scratch_old\\tallyme\\apps\\backend\\dist\\src\\main.js',
      'process.owner': 'Administrator',
      'service.name': 'unknown_service:node',
      'telemetry.sdk.language': 'nodejs',
      'telemetry.sdk.name': 'opentelemetry',
      'telemetry.sdk.version': '2.10.0'
    }
  },
  instrumentationScope: {
    name: '@opentelemetry/instrumentation-ioredis',
    version: '0.68.0',
    schemaUrl: undefined
  },
  traceId: '094ea94955f8057a27ef9ef69552edce',
  parentSpanContext: {
    traceId: '094ea94955f8057a27ef9ef69552edce',
    spanId: '4c79e4b0e1921bfe',
    traceFlags: 1,
    traceState: undefined
  },
  traceState: undefined,
  name: 'client',
  id: '6a2baae9e7dbd3e1',
  kind: 2,
  timestamp: 1784999706717000,
  duration: 8655.7,
  attributes: {
    'db.system': 'redis',
    'db.statement': 'client SETINFO LIB-VER 5.11.1',
    'db.connection_string': 'redis://localhost:6380',
    'net.peer.name': 'localhost',
    'net.peer.port': 6380
  },
  status: { code: 0 },
  events: [],
  links: []
}
{
  resource: {
    attributes: {
      'host.name': 'Arunesh',
      'host.arch': 'amd64',
      'host.id': '961ee426-227a-4c11-9579-fdfc83a68919',
      'process.pid': 29064,
      'process.executable.name': 'Administrator:  C:\\WINDOWS\\system32\\cmd.exe ',
      'process.executable.path': 'C:\\Program Files\\nodejs\\node.exe',
      'process.command_args': [
        'C:\\Program Files\\nodejs\\node.exe',
        'C:\\Users\\Administrator\\.gemini\\antigravity_old\\scratch_old\\tallyme\\apps\\backend\\dist\\src\\main.js'
      ],
      'process.runtime.version': '24.12.0',
      'process.runtime.name': 'nodejs',
      'process.runtime.description': 'Node.js',
      'process.command': 'C:\\Users\\Administrator\\.gemini\\antigravity_old\\scratch_old\\tallyme\\apps\\backend\\dist\\src\\main.js',
      'process.owner': 'Administrator',
      'service.name': 'unknown_service:node',
      'telemetry.sdk.language': 'nodejs',
      'telemetry.sdk.name': 'opentelemetry',
      'telemetry.sdk.version': '2.10.0'
    }
  },
  instrumentationScope: {
    name: '@opentelemetry/instrumentation-ioredis',
    version: '0.68.0',
    schemaUrl: undefined
  },
  traceId: '094ea94955f8057a27ef9ef69552edce',
  parentSpanContext: {
    traceId: '094ea94955f8057a27ef9ef69552edce',
    spanId: '4c79e4b0e1921bfe',
    traceFlags: 1,
    traceState: undefined
  },
  traceState: undefined,
  name: 'info',
  id: 'c841c131e7f58a64',
  kind: 2,
  timestamp: 1784999706719000,
  duration: 6675.7,
  attributes: {
    'db.system': 'redis',
    'db.statement': 'info',
    'db.connection_string': 'redis://localhost:6380',
    'net.peer.name': 'localhost',
    'net.peer.port': 6380
  },
  status: { code: 0 },
  events: [],
  links: []
}
{
  resource: {
    attributes: {
      'host.name': 'Arunesh',
      'host.arch': 'amd64',
      'host.id': '961ee426-227a-4c11-9579-fdfc83a68919',
      'process.pid': 29064,
      'process.executable.name': 'Administrator:  C:\\WINDOWS\\system32\\cmd.exe ',
      'process.executable.path': 'C:\\Program Files\\nodejs\\node.exe',
      'process.command_args': [
        'C:\\Program Files\\nodejs\\node.exe',
        'C:\\Users\\Administrator\\.gemini\\antigravity_old\\scratch_old\\tallyme\\apps\\backend\\dist\\src\\main.js'
      ],
      'process.runtime.version': '24.12.0',
      'process.runtime.name': 'nodejs',
      'process.runtime.description': 'Node.js',
      'process.command': 'C:\\Users\\Administrator\\.gemini\\antigravity_old\\scratch_old\\tallyme\\apps\\backend\\dist\\src\\main.js',
      'process.owner': 'Administrator',
      'service.name': 'unknown_service:node',
      'telemetry.sdk.language': 'nodejs',
      'telemetry.sdk.name': 'opentelemetry',
      'telemetry.sdk.version': '2.10.0'
    }
  },
  instrumentationScope: {
    name: '@opentelemetry/instrumentation-ioredis',
    version: '0.68.0',
    schemaUrl: undefined
  },
  traceId: '094ea94955f8057a27ef9ef69552edce',
  parentSpanContext: {
    traceId: '094ea94955f8057a27ef9ef69552edce',
    spanId: '4c79e4b0e1921bfe',
    traceFlags: 1,
    traceState: undefined
  },
  traceState: undefined,
  name: 'info',
  id: '79a58eacc09dd8bd',
  kind: 2,
  timestamp: 1784999706720000,
  duration: 6568.6,
  attributes: {
    'db.system': 'redis',
    'db.statement': 'info',
    'db.connection_string': 'redis://localhost:6380',
    'net.peer.name': 'localhost',
    'net.peer.port': 6380
  },
  status: { code: 0 },
  events: [],
  links: []
}
{
  resource: {
    attributes: {
      'host.name': 'Arunesh',
      'host.arch': 'amd64',
      'host.id': '961ee426-227a-4c11-9579-fdfc83a68919',
      'process.pid': 29064,
      'process.executable.name': 'Administrator:  C:\\WINDOWS\\system32\\cmd.exe ',
      'process.executable.path': 'C:\\Program Files\\nodejs\\node.exe',
      'process.command_args': [
        'C:\\Program Files\\nodejs\\node.exe',
        'C:\\Users\\Administrator\\.gemini\\antigravity_old\\scratch_old\\tallyme\\apps\\backend\\dist\\src\\main.js'
      ],
      'process.runtime.version': '24.12.0',
      'process.runtime.name': 'nodejs',
      'process.runtime.description': 'Node.js',
      'process.command': 'C:\\Users\\Administrator\\.gemini\\antigravity_old\\scratch_old\\tallyme\\apps\\backend\\dist\\src\\main.js',
      'process.owner': 'Administrator',
      'service.name': 'unknown_service:node',
      'telemetry.sdk.language': 'nodejs',
      'telemetry.sdk.name': 'opentelemetry',
      'telemetry.sdk.version': '2.10.0'
    }
  },
  instrumentationScope: {
    name: '@opentelemetry/instrumentation-ioredis',
    version: '0.68.0',
    schemaUrl: undefined
  },
  traceId: '094ea94955f8057a27ef9ef69552edce',
  parentSpanContext: {
    traceId: '094ea94955f8057a27ef9ef69552edce',
    spanId: '4c79e4b0e1921bfe',
    traceFlags: 1,
    traceState: undefined
  },
  traceState: undefined,
  name: 'info',
  id: '73a99f95e30e80a0',
  kind: 2,
  timestamp: 1784999706720000,
  duration: 7331.3,
  attributes: {
    'db.system': 'redis',
    'db.statement': 'info',
    'db.connection_string': 'redis://localhost:6380',
    'net.peer.name': 'localhost',
    'net.peer.port': 6380
  },
  status: { code: 0 },
  events: [],
  links: []
}
{
  resource: {
    attributes: {
      'host.name': 'Arunesh',
      'host.arch': 'amd64',
      'host.id': '961ee426-227a-4c11-9579-fdfc83a68919',
      'process.pid': 29064,
      'process.executable.name': 'Administrator:  C:\\WINDOWS\\system32\\cmd.exe ',
      'process.executable.path': 'C:\\Program Files\\nodejs\\node.exe',
      'process.command_args': [
        'C:\\Program Files\\nodejs\\node.exe',
        'C:\\Users\\Administrator\\.gemini\\antigravity_old\\scratch_old\\tallyme\\apps\\backend\\dist\\src\\main.js'
      ],
      'process.runtime.version': '24.12.0',
      'process.runtime.name': 'nodejs',
      'process.runtime.description': 'Node.js',
      'process.command': 'C:\\Users\\Administrator\\.gemini\\antigravity_old\\scratch_old\\tallyme\\apps\\backend\\dist\\src\\main.js',
      'process.owner': 'Administrator',
      'service.name': 'unknown_service:node',
      'telemetry.sdk.language': 'nodejs',
      'telemetry.sdk.name': 'opentelemetry',
      'telemetry.sdk.version': '2.10.0'
    }
  },
  instrumentationScope: {
    name: '@opentelemetry/instrumentation-ioredis',
    version: '0.68.0',
    schemaUrl: undefined
  },
  traceId: '094ea94955f8057a27ef9ef69552edce',
  parentSpanContext: {
    traceId: '094ea94955f8057a27ef9ef69552edce',
    spanId: '4c79e4b0e1921bfe',
    traceFlags: 1,
    traceState: undefined
  },
  traceState: undefined,
  name: 'client',
  id: 'a68b0a5642d9ea07',
  kind: 2,
  timestamp: 1784999706717000,
  duration: 10524.6,
  attributes: {
    'db.system': 'redis',
    'db.statement': 'client SETINFO LIB-NAME ioredis',
    'db.connection_string': 'redis://localhost:6380',
    'net.peer.name': 'localhost',
    'net.peer.port': 6380
  },
  status: { code: 0 },
  events: [],
  links: []
}
{
  resource: {
    attributes: {
      'host.name': 'Arunesh',
      'host.arch': 'amd64',
      'host.id': '961ee426-227a-4c11-9579-fdfc83a68919',
      'process.pid': 29064,
      'process.executable.name': 'Administrator:  C:\\WINDOWS\\system32\\cmd.exe ',
      'process.executable.path': 'C:\\Program Files\\nodejs\\node.exe',
      'process.command_args': [
        'C:\\Program Files\\nodejs\\node.exe',
        'C:\\Users\\Administrator\\.gemini\\antigravity_old\\scratch_old\\tallyme\\apps\\backend\\dist\\src\\main.js'
      ],
      'process.runtime.version': '24.12.0',
      'process.runtime.name': 'nodejs',
      'process.runtime.description': 'Node.js',
      'process.command': 'C:\\Users\\Administrator\\.gemini\\antigravity_old\\scratch_old\\tallyme\\apps\\backend\\dist\\src\\main.js',
      'process.owner': 'Administrator',
      'service.name': 'unknown_service:node',
      'telemetry.sdk.language': 'nodejs',
      'telemetry.sdk.name': 'opentelemetry',
      'telemetry.sdk.version': '2.10.0'
    }
  },
  instrumentationScope: {
    name: '@opentelemetry/instrumentation-ioredis',
    version: '0.68.0',
    schemaUrl: undefined
  },
  traceId: '094ea94955f8057a27ef9ef69552edce',
  parentSpanContext: {
    traceId: '094ea94955f8057a27ef9ef69552edce',
    spanId: '4c79e4b0e1921bfe',
    traceFlags: 1,
    traceState: undefined
  },
  traceState: undefined,
  name: 'client',
  id: '24721380f4516f42',
  kind: 2,
  timestamp: 1784999706717000,
  duration: 10459.7,
  attributes: {
    'db.system': 'redis',
    'db.statement': 'client SETINFO LIB-VER 5.11.1',
    'db.connection_string': 'redis://localhost:6380',
    'net.peer.name': 'localhost',
    'net.peer.port': 6380
  },
  status: { code: 0 },
  events: [],
  links: []
}
{
  resource: {
    attributes: {
      'host.name': 'Arunesh',
      'host.arch': 'amd64',
      'host.id': '961ee426-227a-4c11-9579-fdfc83a68919',
      'process.pid': 29064,
      'process.executable.name': 'Administrator:  C:\\WINDOWS\\system32\\cmd.exe ',
      'process.executable.path': 'C:\\Program Files\\nodejs\\node.exe',
      'process.command_args': [
        'C:\\Program Files\\nodejs\\node.exe',
        'C:\\Users\\Administrator\\.gemini\\antigravity_old\\scratch_old\\tallyme\\apps\\backend\\dist\\src\\main.js'
      ],
      'process.runtime.version': '24.12.0',
      'process.runtime.name': 'nodejs',
      'process.runtime.description': 'Node.js',
      'process.command': 'C:\\Users\\Administrator\\.gemini\\antigravity_old\\scratch_old\\tallyme\\apps\\backend\\dist\\src\\main.js',
      'process.owner': 'Administrator',
      'service.name': 'unknown_service:node',
      'telemetry.sdk.language': 'nodejs',
      'telemetry.sdk.name': 'opentelemetry',
      'telemetry.sdk.version': '2.10.0'
    }
  },
  instrumentationScope: {
    name: '@opentelemetry/instrumentation-ioredis',
    version: '0.68.0',
    schemaUrl: undefined
  },
  traceId: '094ea94955f8057a27ef9ef69552edce',
  parentSpanContext: {
    traceId: '094ea94955f8057a27ef9ef69552edce',
    spanId: '4c79e4b0e1921bfe',
    traceFlags: 1,
    traceState: undefined
  },
  traceState: undefined,
  name: 'info',
  id: '6134dbe384dfc20d',
  kind: 2,
  timestamp: 1784999706721000,
  duration: 6953.5,
  attributes: {
    'db.system': 'redis',
    'db.statement': 'info',
    'db.connection_string': 'redis://localhost:6380',
    'net.peer.name': 'localhost',
    'net.peer.port': 6380
  },
  status: { code: 0 },
  events: [],
  links: []
}
{
  resource: {
    attributes: {
      'host.name': 'Arunesh',
      'host.arch': 'amd64',
      'host.id': '961ee426-227a-4c11-9579-fdfc83a68919',
      'process.pid': 29064,
      'process.executable.name': 'Administrator:  C:\\WINDOWS\\system32\\cmd.exe ',
      'process.executable.path': 'C:\\Program Files\\nodejs\\node.exe',
      'process.command_args': [
        'C:\\Program Files\\nodejs\\node.exe',
        'C:\\Users\\Administrator\\.gemini\\antigravity_old\\scratch_old\\tallyme\\apps\\backend\\dist\\src\\main.js'
      ],
      'process.runtime.version': '24.12.0',
      'process.runtime.name': 'nodejs',
      'process.runtime.description': 'Node.js',
      'process.command': 'C:\\Users\\Administrator\\.gemini\\antigravity_old\\scratch_old\\tallyme\\apps\\backend\\dist\\src\\main.js',
      'process.owner': 'Administrator',
      'service.name': 'unknown_service:node',
      'telemetry.sdk.language': 'nodejs',
      'telemetry.sdk.name': 'opentelemetry',
      'telemetry.sdk.version': '2.10.0'
    }
  },
  instrumentationScope: {
    name: '@opentelemetry/instrumentation-ioredis',
    version: '0.68.0',
    schemaUrl: undefined
  },
  traceId: '094ea94955f8057a27ef9ef69552edce',
  parentSpanContext: {
    traceId: '094ea94955f8057a27ef9ef69552edce',
    spanId: '4c79e4b0e1921bfe',
    traceFlags: 1,
    traceState: undefined
  },
  traceState: undefined,
  name: 'info',
  id: '6eb84916368481b9',
  kind: 2,
  timestamp: 1784999706722000,
  duration: 6972.7,
  attributes: {
    'db.system': 'redis',
    'db.statement': 'info',
    'db.connection_string': 'redis://localhost:6380',
    'net.peer.name': 'localhost',
    'net.peer.port': 6380
  },
  status: { code: 0 },
  events: [],
  links: []
}
{
  resource: {
    attributes: {
      'host.name': 'Arunesh',
      'host.arch': 'amd64',
      'host.id': '961ee426-227a-4c11-9579-fdfc83a68919',
      'process.pid': 29064,
      'process.executable.name': 'Administrator:  C:\\WINDOWS\\system32\\cmd.exe ',
      'process.executable.path': 'C:\\Program Files\\nodejs\\node.exe',
      'process.command_args': [
        'C:\\Program Files\\nodejs\\node.exe',
        'C:\\Users\\Administrator\\.gemini\\antigravity_old\\scratch_old\\tallyme\\apps\\backend\\dist\\src\\main.js'
      ],
      'process.runtime.version': '24.12.0',
      'process.runtime.name': 'nodejs',
      'process.runtime.description': 'Node.js',
      'process.command': 'C:\\Users\\Administrator\\.gemini\\antigravity_old\\scratch_old\\tallyme\\apps\\backend\\dist\\src\\main.js',
      'process.owner': 'Administrator',
      'service.name': 'unknown_service:node',
      'telemetry.sdk.language': 'nodejs',
      'telemetry.sdk.name': 'opentelemetry',
      'telemetry.sdk.version': '2.10.0'
    }
  },
  instrumentationScope: {
    name: '@opentelemetry/instrumentation-ioredis',
    version: '0.68.0',
    schemaUrl: undefined
  },
  traceId: '094ea94955f8057a27ef9ef69552edce',
  parentSpanContext: {
    traceId: '094ea94955f8057a27ef9ef69552edce',
    spanId: '4c79e4b0e1921bfe',
    traceFlags: 1,
    traceState: undefined
  },
  traceState: undefined,
  name: 'info',
  id: '58988601d3d9557b',
  kind: 2,
  timestamp: 1784999706722000,
  duration: 7108.1,
  attributes: {
    'db.system': 'redis',
    'db.statement': 'info',
    'db.connection_string': 'redis://localhost:6380',
    'net.peer.name': 'localhost',
    'net.peer.port': 6380
  },
  status: { code: 0 },
  events: [],
  links: []
}
{
  resource: {
    attributes: {
      'host.name': 'Arunesh',
      'host.arch': 'amd64',
      'host.id': '961ee426-227a-4c11-9579-fdfc83a68919',
      'process.pid': 29064,
      'process.executable.name': 'Administrator:  C:\\WINDOWS\\system32\\cmd.exe ',
      'process.executable.path': 'C:\\Program Files\\nodejs\\node.exe',
      'process.command_args': [
        'C:\\Program Files\\nodejs\\node.exe',
        'C:\\Users\\Administrator\\.gemini\\antigravity_old\\scratch_old\\tallyme\\apps\\backend\\dist\\src\\main.js'
      ],
      'process.runtime.version': '24.12.0',
      'process.runtime.name': 'nodejs',
      'process.runtime.description': 'Node.js',
      'process.command': 'C:\\Users\\Administrator\\.gemini\\antigravity_old\\scratch_old\\tallyme\\apps\\backend\\dist\\src\\main.js',
      'process.owner': 'Administrator',
      'service.name': 'unknown_service:node',
      'telemetry.sdk.language': 'nodejs',
      'telemetry.sdk.name': 'opentelemetry',
      'telemetry.sdk.version': '2.10.0'
    }
  },
  instrumentationScope: {
    name: '@opentelemetry/instrumentation-ioredis',
    version: '0.68.0',
    schemaUrl: undefined
  },
  traceId: '094ea94955f8057a27ef9ef69552edce',
  parentSpanContext: {
    traceId: '094ea94955f8057a27ef9ef69552edce',
    spanId: '4c79e4b0e1921bfe',
    traceFlags: 1,
    traceState: undefined
  },
  traceState: undefined,
  name: 'info',
  id: 'c703c098e41bfbe1',
  kind: 2,
  timestamp: 1784999706723000,
  duration: 6853.5,
  attributes: {
    'db.system': 'redis',
    'db.statement': 'info',
    'db.connection_string': 'redis://localhost:6380',
    'net.peer.name': 'localhost',
    'net.peer.port': 6380
  },
  status: { code: 0 },
  events: [],
  links: []
}
{
  resource: {
    attributes: {
      'host.name': 'Arunesh',
      'host.arch': 'amd64',
      'host.id': '961ee426-227a-4c11-9579-fdfc83a68919',
      'process.pid': 29064,
      'process.executable.name': 'Administrator:  C:\\WINDOWS\\system32\\cmd.exe ',
      'process.executable.path': 'C:\\Program Files\\nodejs\\node.exe',
      'process.command_args': [
        'C:\\Program Files\\nodejs\\node.exe',
        'C:\\Users\\Administrator\\.gemini\\antigravity_old\\scratch_old\\tallyme\\apps\\backend\\dist\\src\\main.js'
      ],
      'process.runtime.version': '24.12.0',
      'process.runtime.name': 'nodejs',
      'process.runtime.description': 'Node.js',
      'process.command': 'C:\\Users\\Administrator\\.gemini\\antigravity_old\\scratch_old\\tallyme\\apps\\backend\\dist\\src\\main.js',
      'process.owner': 'Administrator',
      'service.name': 'unknown_service:node',
      'telemetry.sdk.language': 'nodejs',
      'telemetry.sdk.name': 'opentelemetry',
      'telemetry.sdk.version': '2.10.0'
    }
  },
  instrumentationScope: {
    name: '@opentelemetry/instrumentation-ioredis',
    version: '0.68.0',
    schemaUrl: undefined
  },
  traceId: '094ea94955f8057a27ef9ef69552edce',
  parentSpanContext: {
    traceId: '094ea94955f8057a27ef9ef69552edce',
    spanId: '4c79e4b0e1921bfe',
    traceFlags: 1,
    traceState: undefined
  },
  traceState: undefined,
  name: 'client',
  id: '7f34dd75a8833847',
  kind: 2,
  timestamp: 1784999706718000,
  duration: 12195.7,
  attributes: {
    'db.system': 'redis',
    'db.statement': 'client SETINFO LIB-NAME ioredis',
    'db.connection_string': 'redis://localhost:6380',
    'net.peer.name': 'localhost',
    'net.peer.port': 6380
  },
  status: { code: 0 },
  events: [],
  links: []
}
{
  resource: {
    attributes: {
      'host.name': 'Arunesh',
      'host.arch': 'amd64',
      'host.id': '961ee426-227a-4c11-9579-fdfc83a68919',
      'process.pid': 29064,
      'process.executable.name': 'Administrator:  C:\\WINDOWS\\system32\\cmd.exe ',
      'process.executable.path': 'C:\\Program Files\\nodejs\\node.exe',
      'process.command_args': [
        'C:\\Program Files\\nodejs\\node.exe',
        'C:\\Users\\Administrator\\.gemini\\antigravity_old\\scratch_old\\tallyme\\apps\\backend\\dist\\src\\main.js'
      ],
      'process.runtime.version': '24.12.0',
      'process.runtime.name': 'nodejs',
      'process.runtime.description': 'Node.js',
      'process.command': 'C:\\Users\\Administrator\\.gemini\\antigravity_old\\scratch_old\\tallyme\\apps\\backend\\dist\\src\\main.js',
      'process.owner': 'Administrator',
      'service.name': 'unknown_service:node',
      'telemetry.sdk.language': 'nodejs',
      'telemetry.sdk.name': 'opentelemetry',
      'telemetry.sdk.version': '2.10.0'
    }
  },
  instrumentationScope: {
    name: '@opentelemetry/instrumentation-ioredis',
    version: '0.68.0',
    schemaUrl: undefined
  },
  traceId: '094ea94955f8057a27ef9ef69552edce',
  parentSpanContext: {
    traceId: '094ea94955f8057a27ef9ef69552edce',
    spanId: '4c79e4b0e1921bfe',
    traceFlags: 1,
    traceState: undefined
  },
  traceState: undefined,
  name: 'client',
  id: 'f3b490483c78acce',
  kind: 2,
  timestamp: 1784999706718000,
  duration: 11951.1,
  attributes: {
    'db.system': 'redis',
    'db.statement': 'client SETINFO LIB-VER 5.11.1',
    'db.connection_string': 'redis://localhost:6380',
    'net.peer.name': 'localhost',
    'net.peer.port': 6380
  },
  status: { code: 0 },
  events: [],
  links: []
}
{
  resource: {
    attributes: {
      'host.name': 'Arunesh',
      'host.arch': 'amd64',
      'host.id': '961ee426-227a-4c11-9579-fdfc83a68919',
      'process.pid': 29064,
      'process.executable.name': 'Administrator:  C:\\WINDOWS\\system32\\cmd.exe ',
      'process.executable.path': 'C:\\Program Files\\nodejs\\node.exe',
      'process.command_args': [
        'C:\\Program Files\\nodejs\\node.exe',
        'C:\\Users\\Administrator\\.gemini\\antigravity_old\\scratch_old\\tallyme\\apps\\backend\\dist\\src\\main.js'
      ],
      'process.runtime.version': '24.12.0',
      'process.runtime.name': 'nodejs',
      'process.runtime.description': 'Node.js',
      'process.command': 'C:\\Users\\Administrator\\.gemini\\antigravity_old\\scratch_old\\tallyme\\apps\\backend\\dist\\src\\main.js',
      'process.owner': 'Administrator',
      'service.name': 'unknown_service:node',
      'telemetry.sdk.language': 'nodejs',
      'telemetry.sdk.name': 'opentelemetry',
      'telemetry.sdk.version': '2.10.0'
    }
  },
  instrumentationScope: {
    name: '@opentelemetry/instrumentation-ioredis',
    version: '0.68.0',
    schemaUrl: undefined
  },
  traceId: '094ea94955f8057a27ef9ef69552edce',
  parentSpanContext: {
    traceId: '094ea94955f8057a27ef9ef69552edce',
    spanId: '4c79e4b0e1921bfe',
    traceFlags: 1,
    traceState: undefined
  },
  traceState: undefined,
  name: 'client',
  id: 'b779a2f140cdcb97',
  kind: 2,
  timestamp: 1784999706718000,
  duration: 13352.6,
  attributes: {
    'db.system': 'redis',
    'db.statement': 'client SETINFO LIB-NAME ioredis',
    'db.connection_string': 'redis://localhost:6380',
    'net.peer.name': 'localhost',
    'net.peer.port': 6380
  },
  status: { code: 0 },
  events: [],
  links: []
}
{
  resource: {
    attributes: {
      'host.name': 'Arunesh',
      'host.arch': 'amd64',
      'host.id': '961ee426-227a-4c11-9579-fdfc83a68919',
      'process.pid': 29064,
      'process.executable.name': 'Administrator:  C:\\WINDOWS\\system32\\cmd.exe ',
      'process.executable.path': 'C:\\Program Files\\nodejs\\node.exe',
      'process.command_args': [
        'C:\\Program Files\\nodejs\\node.exe',
        'C:\\Users\\Administrator\\.gemini\\antigravity_old\\scratch_old\\tallyme\\apps\\backend\\dist\\src\\main.js'
      ],
      'process.runtime.version': '24.12.0',
      'process.runtime.name': 'nodejs',
      'process.runtime.description': 'Node.js',
      'process.command': 'C:\\Users\\Administrator\\.gemini\\antigravity_old\\scratch_old\\tallyme\\apps\\backend\\dist\\src\\main.js',
      'process.owner': 'Administrator',
      'service.name': 'unknown_service:node',
      'telemetry.sdk.language': 'nodejs',
      'telemetry.sdk.name': 'opentelemetry',
      'telemetry.sdk.version': '2.10.0'
    }
  },
  instrumentationScope: {
    name: '@opentelemetry/instrumentation-ioredis',
    version: '0.68.0',
    schemaUrl: undefined
  },
  traceId: '094ea94955f8057a27ef9ef69552edce',
  parentSpanContext: {
    traceId: '094ea94955f8057a27ef9ef69552edce',
    spanId: '4c79e4b0e1921bfe',
    traceFlags: 1,
    traceState: undefined
  },
  traceState: undefined,
  name: 'client',
  id: '4c58b97715992632',
  kind: 2,
  timestamp: 1784999706718000,
  duration: 13138.8,
  attributes: {
    'db.system': 'redis',
    'db.statement': 'client SETINFO LIB-VER 5.11.1',
    'db.connection_string': 'redis://localhost:6380',
    'net.peer.name': 'localhost',
    'net.peer.port': 6380
  },
  status: { code: 0 },
  events: [],
  links: []
}
{
  resource: {
    attributes: {
      'host.name': 'Arunesh',
      'host.arch': 'amd64',
      'host.id': '961ee426-227a-4c11-9579-fdfc83a68919',
      'process.pid': 29064,
      'process.executable.name': 'Administrator:  C:\\WINDOWS\\system32\\cmd.exe ',
      'process.executable.path': 'C:\\Program Files\\nodejs\\node.exe',
      'process.command_args': [
        'C:\\Program Files\\nodejs\\node.exe',
        'C:\\Users\\Administrator\\.gemini\\antigravity_old\\scratch_old\\tallyme\\apps\\backend\\dist\\src\\main.js'
      ],
      'process.runtime.version': '24.12.0',
      'process.runtime.name': 'nodejs',
      'process.runtime.description': 'Node.js',
      'process.command': 'C:\\Users\\Administrator\\.gemini\\antigravity_old\\scratch_old\\tallyme\\apps\\backend\\dist\\src\\main.js',
      'process.owner': 'Administrator',
      'service.name': 'unknown_service:node',
      'telemetry.sdk.language': 'nodejs',
      'telemetry.sdk.name': 'opentelemetry',
      'telemetry.sdk.version': '2.10.0'
    }
  },
  instrumentationScope: {
    name: '@opentelemetry/instrumentation-ioredis',
    version: '0.68.0',
    schemaUrl: undefined
  },
  traceId: '094ea94955f8057a27ef9ef69552edce',
  parentSpanContext: {
    traceId: '094ea94955f8057a27ef9ef69552edce',
    spanId: '4c79e4b0e1921bfe',
    traceFlags: 1,
    traceState: undefined
  },
  traceState: undefined,
  name: 'info',
  id: '6d89549dc677b09f',
  kind: 2,
  timestamp: 1784999706726000,
  duration: 5918,
  attributes: {
    'db.system': 'redis',
    'db.statement': 'info',
    'db.connection_string': 'redis://localhost:6380',
    'net.peer.name': 'localhost',
    'net.peer.port': 6380
  },
  status: { code: 0 },
  events: [],
  links: []
}
{
  resource: {
    attributes: {
      'host.name': 'Arunesh',
      'host.arch': 'amd64',
      'host.id': '961ee426-227a-4c11-9579-fdfc83a68919',
      'process.pid': 29064,
      'process.executable.name': 'Administrator:  C:\\WINDOWS\\system32\\cmd.exe ',
      'process.executable.path': 'C:\\Program Files\\nodejs\\node.exe',
      'process.command_args': [
        'C:\\Program Files\\nodejs\\node.exe',
        'C:\\Users\\Administrator\\.gemini\\antigravity_old\\scratch_old\\tallyme\\apps\\backend\\dist\\src\\main.js'
      ],
      'process.runtime.version': '24.12.0',
      'process.runtime.name': 'nodejs',
      'process.runtime.description': 'Node.js',
      'process.command': 'C:\\Users\\Administrator\\.gemini\\antigravity_old\\scratch_old\\tallyme\\apps\\backend\\dist\\src\\main.js',
      'process.owner': 'Administrator',
      'service.name': 'unknown_service:node',
      'telemetry.sdk.language': 'nodejs',
      'telemetry.sdk.name': 'opentelemetry',
      'telemetry.sdk.version': '2.10.0'
    }
  },
  instrumentationScope: {
    name: '@opentelemetry/instrumentation-ioredis',
    version: '0.68.0',
    schemaUrl: undefined
  },
  traceId: '094ea94955f8057a27ef9ef69552edce',
  parentSpanContext: {
    traceId: '094ea94955f8057a27ef9ef69552edce',
    spanId: '4c79e4b0e1921bfe',
    traceFlags: 1,
    traceState: undefined
  },
  traceState: undefined,
  name: 'info',
  id: '719991b463bc03a8',
  kind: 2,
  timestamp: 1784999706728000,
  duration: 4065.2,
  attributes: {
    'db.system': 'redis',
    'db.statement': 'info',
    'db.connection_string': 'redis://localhost:6380',
    'net.peer.name': 'localhost',
    'net.peer.port': 6380
  },
  status: { code: 0 },
  events: [],
  links: []
}
{
  resource: {
    attributes: {
      'host.name': 'Arunesh',
      'host.arch': 'amd64',
      'host.id': '961ee426-227a-4c11-9579-fdfc83a68919',
      'process.pid': 29064,
      'process.executable.name': 'Administrator:  C:\\WINDOWS\\system32\\cmd.exe ',
      'process.executable.path': 'C:\\Program Files\\nodejs\\node.exe',
      'process.command_args': [
        'C:\\Program Files\\nodejs\\node.exe',
        'C:\\Users\\Administrator\\.gemini\\antigravity_old\\scratch_old\\tallyme\\apps\\backend\\dist\\src\\main.js'
      ],
      'process.runtime.version': '24.12.0',
      'process.runtime.name': 'nodejs',
      'process.runtime.description': 'Node.js',
      'process.command': 'C:\\Users\\Administrator\\.gemini\\antigravity_old\\scratch_old\\tallyme\\apps\\backend\\dist\\src\\main.js',
      'process.owner': 'Administrator',
      'service.name': 'unknown_service:node',
      'telemetry.sdk.language': 'nodejs',
      'telemetry.sdk.name': 'opentelemetry',
      'telemetry.sdk.version': '2.10.0'
    }
  },
  instrumentationScope: {
    name: '@opentelemetry/instrumentation-ioredis',
    version: '0.68.0',
    schemaUrl: undefined
  },
  traceId: '094ea94955f8057a27ef9ef69552edce',
  parentSpanContext: {
    traceId: '094ea94955f8057a27ef9ef69552edce',
    spanId: '4c79e4b0e1921bfe',
    traceFlags: 1,
    traceState: undefined
  },
  traceState: undefined,
  name: 'info',
  id: 'e280c7e1a6d3424f',
  kind: 2,
  timestamp: 1784999706730000,
  duration: 2640.7,
  attributes: {
    'db.system': 'redis',
    'db.statement': 'info',
    'db.connection_string': 'redis://localhost:6380',
    'net.peer.name': 'localhost',
    'net.peer.port': 6380
  },
  status: { code: 0 },
  events: [],
  links: []
}
{
  resource: {
    attributes: {
      'host.name': 'Arunesh',
      'host.arch': 'amd64',
      'host.id': '961ee426-227a-4c11-9579-fdfc83a68919',
      'process.pid': 29064,
      'process.executable.name': 'Administrator:  C:\\WINDOWS\\system32\\cmd.exe ',
      'process.executable.path': 'C:\\Program Files\\nodejs\\node.exe',
      'process.command_args': [
        'C:\\Program Files\\nodejs\\node.exe',
        'C:\\Users\\Administrator\\.gemini\\antigravity_old\\scratch_old\\tallyme\\apps\\backend\\dist\\src\\main.js'
      ],
      'process.runtime.version': '24.12.0',
      'process.runtime.name': 'nodejs',
      'process.runtime.description': 'Node.js',
      'process.command': 'C:\\Users\\Administrator\\.gemini\\antigravity_old\\scratch_old\\tallyme\\apps\\backend\\dist\\src\\main.js',
      'process.owner': 'Administrator',
      'service.name': 'unknown_service:node',
      'telemetry.sdk.language': 'nodejs',
      'telemetry.sdk.name': 'opentelemetry',
      'telemetry.sdk.version': '2.10.0'
    }
  },
  instrumentationScope: {
    name: '@opentelemetry/instrumentation-ioredis',
    version: '0.68.0',
    schemaUrl: undefined
  },
  traceId: '094ea94955f8057a27ef9ef69552edce',
  parentSpanContext: {
    traceId: '094ea94955f8057a27ef9ef69552edce',
    spanId: '4c79e4b0e1921bfe',
    traceFlags: 1,
    traceState: undefined
  },
  traceState: undefined,
  name: 'info',
  id: '4279be0c4c262751',
  kind: 2,
  timestamp: 1784999706732000,
  duration: 1079.5,
  attributes: {
    'db.system': 'redis',
    'db.statement': 'info',
    'db.connection_string': 'redis://localhost:6380',
    'net.peer.name': 'localhost',
    'net.peer.port': 6380
  },
  status: { code: 0 },
  events: [],
  links: []
}
{
  resource: {
    attributes: {
      'host.name': 'Arunesh',
      'host.arch': 'amd64',
      'host.id': '961ee426-227a-4c11-9579-fdfc83a68919',
      'process.pid': 29064,
      'process.executable.name': 'Administrator:  C:\\WINDOWS\\system32\\cmd.exe ',
      'process.executable.path': 'C:\\Program Files\\nodejs\\node.exe',
      'process.command_args': [
        'C:\\Program Files\\nodejs\\node.exe',
        'C:\\Users\\Administrator\\.gemini\\antigravity_old\\scratch_old\\tallyme\\apps\\backend\\dist\\src\\main.js'
      ],
      'process.runtime.version': '24.12.0',
      'process.runtime.name': 'nodejs',
      'process.runtime.description': 'Node.js',
      'process.command': 'C:\\Users\\Administrator\\.gemini\\antigravity_old\\scratch_old\\tallyme\\apps\\backend\\dist\\src\\main.js',
      'process.owner': 'Administrator',
      'service.name': 'unknown_service:node',
      'telemetry.sdk.language': 'nodejs',
      'telemetry.sdk.name': 'opentelemetry',
      'telemetry.sdk.version': '2.10.0'
    }
  },
  instrumentationScope: {
    name: '@opentelemetry/instrumentation-dns',
    version: '0.63.0',
    schemaUrl: undefined
  },
  traceId: '0f8e8f07d6606f1d27a791fc18dc55d2',
  parentSpanContext: undefined,
  traceState: undefined,
  name: 'dns.lookup',
  id: 'db61e38c57663245',
  kind: 2,
  timestamp: 1784999707952000,
  duration: 1099.8,
  attributes: { 'peer.ipv6': '::1', 'peer[1].ipv4': '127.0.0.1' },
  status: { code: 0 },
  events: [],
  links: []
}
{
  resource: {
    attributes: {
      'host.name': 'Arunesh',
      'host.arch': 'amd64',
      'host.id': '961ee426-227a-4c11-9579-fdfc83a68919',
      'process.pid': 29064,
      'process.executable.name': 'Administrator:  C:\\WINDOWS\\system32\\cmd.exe ',
      'process.executable.path': 'C:\\Program Files\\nodejs\\node.exe',
      'process.command_args': [
        'C:\\Program Files\\nodejs\\node.exe',
        'C:\\Users\\Administrator\\.gemini\\antigravity_old\\scratch_old\\tallyme\\apps\\backend\\dist\\src\\main.js'
      ],
      'process.runtime.version': '24.12.0',
      'process.runtime.name': 'nodejs',
      'process.runtime.description': 'Node.js',
      'process.command': 'C:\\Users\\Administrator\\.gemini\\antigravity_old\\scratch_old\\tallyme\\apps\\backend\\dist\\src\\main.js',
      'process.owner': 'Administrator',
      'service.name': 'unknown_service:node',
      'telemetry.sdk.language': 'nodejs',
      'telemetry.sdk.name': 'opentelemetry',
      'telemetry.sdk.version': '2.10.0'
    }
  },
  instrumentationScope: {
    name: '@opentelemetry/instrumentation-net',
    version: '0.64.0',
    schemaUrl: undefined
  },
  traceId: 'b02232a8a441e420b3a2ef4faed6d172',
  parentSpanContext: undefined,
  traceState: undefined,
  name: 'tcp.connect',
  id: 'e04ea7580407dfc8',
  kind: 0,
  timestamp: 1784999707952000,
  duration: 3134.9,
  attributes: {
    'net.transport': 'ip_tcp',
    'net.peer.name': 'localhost',
    'net.peer.port': 6380,
    'net.peer.ip': '::1',
    'net.host.ip': '::1',
    'net.host.port': 52184
  },
  status: { code: 0 },
  events: [],
  links: []
}
prisma:error Error in PostgreSQL connection: Error { kind: Db, cause: Some(DbError { severity: "FATAL", parsed_severity: Some(Fatal), code: SqlState(E57P01), message: "terminating connection due to unexpected postmaster exit", detail: None, hint: None, position: None, where_: None, schema: None, table: None, column: None, datatype: None, constraint: None, file: Some("be-secure.c"), line: Some(237), routine: Some("secure_read") }) }
[23:13:59.321] [33mWARN[39m (29064): [36mRedis connection closed[39m [90m{"context":"RedisProvider"}[39m
[23:13:59.376] [33mWARN[39m (29064): [36mRedis connection closed[39m [90m{"context":"RedisProvider"}[39m
[23:13:59.486] [33mWARN[39m (29064): [36mRedis connection closed[39m [90m{"context":"RedisProvider"}[39m
[23:13:59.645] [33mWARN[39m (29064): [36mRedis connection closed[39m [90m{"context":"RedisProvider"}[39m
[23:13:59.854] [33mWARN[39m (29064): [36mRedis connection closed[39m [90m{"context":"RedisProvider"}[39m
[23:14:00.112] [33mWARN[39m (29064): [36mRedis connection closed[39m [90m{"context":"RedisProvider"}[39m
Error: read ECONNRESET
    at TCP.onStreamRead (node:internal/stream_base_commons:216:20) {
  errno: -4077,
  code: 'ECONNRESET',
  syscall: 'read'
}
Error: read ECONNRESET
    at TCP.onStreamRead (node:internal/stream_base_commons:216:20) {
  errno: -4077,
  code: 'ECONNRESET',
  syscall: 'read'
}
Error: read ECONNRESET
    at TCP.onStreamRead (node:internal/stream_base_commons:216:20) {
  errno: -4077,
  code: 'ECONNRESET',
  syscall: 'read'
}
Error: read ECONNRESET
    at TCP.onStreamRead (node:internal/stream_base_commons:216:20) {
  errno: -4077,
  code: 'ECONNRESET',
  syscall: 'read'
}
Error: read ECONNRESET
    at TCP.onStreamRead (node:internal/stream_base_commons:216:20) {
  errno: -4077,
  code: 'ECONNRESET',
  syscall: 'read'
}
Error: read ECONNRESET
    at TCP.onStreamRead (node:internal/stream_base_commons:216:20) {
  errno: -4077,
  code: 'ECONNRESET',
  syscall: 'read'
}
Error: read ECONNRESET
    at TCP.onStreamRead (node:internal/stream_base_commons:216:20) {
  errno: -4077,
  code: 'ECONNRESET',
  syscall: 'read'
}
Error: read ECONNRESET
    at TCP.onStreamRead (node:internal/stream_base_commons:216:20) {
  errno: -4077,
  code: 'ECONNRESET',
  syscall: 'read'
}
Error: read ECONNRESET
    at TCP.onStreamRead (node:internal/stream_base_commons:216:20) {
  errno: -4077,
  code: 'ECONNRESET',
  syscall: 'read'
}
Error: read ECONNRESET
    at TCP.onStreamRead (node:internal/stream_base_commons:216:20) {
  errno: -4077,
  code: 'ECONNRESET',
  syscall: 'read'
}
Error: read ECONNRESET
    at TCP.onStreamRead (node:internal/stream_base_commons:216:20) {
  errno: -4077,
  code: 'ECONNRESET',
  syscall: 'read'
}
Error: read ECONNRESET
    at TCP.onStreamRead (node:internal/stream_base_commons:216:20) {
  errno: -4077,
  code: 'ECONNRESET',
  syscall: 'read'
}
Error: read ECONNRESET
    at TCP.onStreamRead (node:internal/stream_base_commons:216:20) {
  errno: -4077,
  code: 'ECONNRESET',
  syscall: 'read'
}
Error: read ECONNRESET
    at TCP.onStreamRead (node:internal/stream_base_commons:216:20) {
  errno: -4077,
  code: 'ECONNRESET',
  syscall: 'read'
}
[23:14:00.518] [31mERROR[39m (29064): [36mRedis connection error[39m [90m{"context":"RedisProvider"}[39m
    err: {
      "type": "Error",
      "message": "Redis connection error",
      "stack":
          Error: read ECONNRESET
              at TCP.onStreamRead (node:internal/stream_base_commons:216:20)
    }
[23:14:00.520] [33mWARN[39m (29064): [36mRedis connection closed[39m [90m{"context":"RedisProvider"}[39m
{
  resource: {
    attributes: {
      'host.name': 'Arunesh',
      'host.arch': 'amd64',
      'host.id': '961ee426-227a-4c11-9579-fdfc83a68919',
      'process.pid': 29064,
      'process.executable.name': 'Administrator:  C:\\WINDOWS\\system32\\cmd.exe ',
      'process.executable.path': 'C:\\Program Files\\nodejs\\node.exe',
      'process.command_args': [
        'C:\\Program Files\\nodejs\\node.exe',
        'C:\\Users\\Administrator\\.gemini\\antigravity_old\\scratch_old\\tallyme\\apps\\backend\\dist\\src\\main.js'
      ],
      'process.runtime.version': '24.12.0',
      'process.runtime.name': 'nodejs',
      'process.runtime.description': 'Node.js',
      'process.command': 'C:\\Users\\Administrator\\.gemini\\antigravity_old\\scratch_old\\tallyme\\apps\\backend\\dist\\src\\main.js',
      'process.owner': 'Administrator',
      'service.name': 'unknown_service:node',
      'telemetry.sdk.language': 'nodejs',
      'telemetry.sdk.name': 'opentelemetry',
      'telemetry.sdk.version': '2.10.0'
    }
  },
  instrumentationScope: {
    name: '@opentelemetry/instrumentation-dns',
    version: '0.63.0',
    schemaUrl: undefined
  },
  traceId: '1346ed333431ce2ce16aeb8c5734b704',
  parentSpanContext: undefined,
  traceState: undefined,
  name: 'dns.lookup',
  id: 'bbaa12da310a8117',
  kind: 2,
  timestamp: 1785001439372000,
  duration: 875.9,
  attributes: { 'peer.ipv6': '::1', 'peer[1].ipv4': '127.0.0.1' },
  status: { code: 0 },
  events: [],
  links: []
}
{
  resource: {
    attributes: {
      'host.name': 'Arunesh',
      'host.arch': 'amd64',
      'host.id': '961ee426-227a-4c11-9579-fdfc83a68919',
      'process.pid': 29064,
      'process.executable.name': 'Administrator:  C:\\WINDOWS\\system32\\cmd.exe ',
      'process.executable.path': 'C:\\Program Files\\nodejs\\node.exe',
      'process.command_args': [
        'C:\\Program Files\\nodejs\\node.exe',
        'C:\\Users\\Administrator\\.gemini\\antigravity_old\\scratch_old\\tallyme\\apps\\backend\\dist\\src\\main.js'
      ],
      'process.runtime.version': '24.12.0',
      'process.runtime.name': 'nodejs',
      'process.runtime.description': 'Node.js',
      'process.command': 'C:\\Users\\Administrator\\.gemini\\antigravity_old\\scratch_old\\tallyme\\apps\\backend\\dist\\src\\main.js',
      'process.owner': 'Administrator',
      'service.name': 'unknown_service:node',
      'telemetry.sdk.language': 'nodejs',
      'telemetry.sdk.name': 'opentelemetry',
      'telemetry.sdk.version': '2.10.0'
    }
  },
  instrumentationScope: {
    name: '@opentelemetry/instrumentation-net',
    version: '0.64.0',
    schemaUrl: undefined
  },
  traceId: '708ff350d6e38627d7ddb8e3010c1a00',
  parentSpanContext: undefined,
  traceState: undefined,
  name: 'tcp.connect',
  id: '6d483b99b5ef419d',
  kind: 0,
  timestamp: 1785001439372000,
  duration: 1762.5,
  attributes: {
    'net.transport': 'ip_tcp',
    'net.peer.name': 'localhost',
    'net.peer.port': 6380,
    'net.peer.ip': '::1',
    'net.host.ip': '::1',
    'net.host.port': 53141
  },
  status: { code: 0 },
  events: [],
  links: []
}
{
  resource: {
    attributes: {
      'host.name': 'Arunesh',
      'host.arch': 'amd64',
      'host.id': '961ee426-227a-4c11-9579-fdfc83a68919',
      'process.pid': 29064,
      'process.executable.name': 'Administrator:  C:\\WINDOWS\\system32\\cmd.exe ',
      'process.executable.path': 'C:\\Program Files\\nodejs\\node.exe',
      'process.command_args': [
        'C:\\Program Files\\nodejs\\node.exe',
        'C:\\Users\\Administrator\\.gemini\\antigravity_old\\scratch_old\\tallyme\\apps\\backend\\dist\\src\\main.js'
      ],
      'process.runtime.version': '24.12.0',
      'process.runtime.name': 'nodejs',
      'process.runtime.description': 'Node.js',
      'process.command': 'C:\\Users\\Administrator\\.gemini\\antigravity_old\\scratch_old\\tallyme\\apps\\backend\\dist\\src\\main.js',
      'process.owner': 'Administrator',
      'service.name': 'unknown_service:node',
      'telemetry.sdk.language': 'nodejs',
      'telemetry.sdk.name': 'opentelemetry',
      'telemetry.sdk.version': '2.10.0'
    }
  },
  instrumentationScope: {
    name: '@opentelemetry/instrumentation-dns',
    version: '0.63.0',
    schemaUrl: undefined
  },
  traceId: '7c4a7fba4ad8637c5d455cd7862a8923',
  parentSpanContext: undefined,
  traceState: undefined,
  name: 'dns.lookup',
  id: '2993b9c088c577ad',
  kind: 2,
  timestamp: 1785001439477000,
  duration: 1660.5,
  attributes: { 'peer.ipv6': '::1', 'peer[1].ipv4': '127.0.0.1' },
  status: { code: 0 },
  events: [],
  links: []
}
{
  resource: {
    attributes: {
      'host.name': 'Arunesh',
      'host.arch': 'amd64',
      'host.id': '961ee426-227a-4c11-9579-fdfc83a68919',
      'process.pid': 29064,
      'process.executable.name': 'Administrator:  C:\\WINDOWS\\system32\\cmd.exe ',
      'process.executable.path': 'C:\\Program Files\\nodejs\\node.exe',
      'process.command_args': [
        'C:\\Program Files\\nodejs\\node.exe',
        'C:\\Users\\Administrator\\.gemini\\antigravity_old\\scratch_old\\tallyme\\apps\\backend\\dist\\src\\main.js'
      ],
      'process.runtime.version': '24.12.0',
      'process.runtime.name': 'nodejs',
      'process.runtime.description': 'Node.js',
      'process.command': 'C:\\Users\\Administrator\\.gemini\\antigravity_old\\scratch_old\\tallyme\\apps\\backend\\dist\\src\\main.js',
      'process.owner': 'Administrator',
      'service.name': 'unknown_service:node',
      'telemetry.sdk.language': 'nodejs',
      'telemetry.sdk.name': 'opentelemetry',
      'telemetry.sdk.version': '2.10.0'
    }
  },
  instrumentationScope: {
    name: '@opentelemetry/instrumentation-net',
    version: '0.64.0',
    schemaUrl: undefined
  },
  traceId: '98d2e15c54550654be3d0ae577d94d3b',
  parentSpanContext: undefined,
  traceState: undefined,
  name: 'tcp.connect',
  id: 'd06d9ecce6922cc3',
  kind: 0,
  timestamp: 1785001439477000,
  duration: 3272.8,
  attributes: {
    'net.transport': 'ip_tcp',
    'net.peer.name': 'localhost',
    'net.peer.port': 6380,
    'net.peer.ip': '::1',
    'net.host.ip': '::1',
    'net.host.port': 53145
  },
  status: { code: 0 },
  events: [],
  links: []
}
{
  resource: {
    attributes: {
      'host.name': 'Arunesh',
      'host.arch': 'amd64',
      'host.id': '961ee426-227a-4c11-9579-fdfc83a68919',
      'process.pid': 29064,
      'process.executable.name': 'Administrator:  C:\\WINDOWS\\system32\\cmd.exe ',
      'process.executable.path': 'C:\\Program Files\\nodejs\\node.exe',
      'process.command_args': [
        'C:\\Program Files\\nodejs\\node.exe',
        'C:\\Users\\Administrator\\.gemini\\antigravity_old\\scratch_old\\tallyme\\apps\\backend\\dist\\src\\main.js'
      ],
      'process.runtime.version': '24.12.0',
      'process.runtime.name': 'nodejs',
      'process.runtime.description': 'Node.js',
      'process.command': 'C:\\Users\\Administrator\\.gemini\\antigravity_old\\scratch_old\\tallyme\\apps\\backend\\dist\\src\\main.js',
      'process.owner': 'Administrator',
      'service.name': 'unknown_service:node',
      'telemetry.sdk.language': 'nodejs',
      'telemetry.sdk.name': 'opentelemetry',
      'telemetry.sdk.version': '2.10.0'
    }
  },
  instrumentationScope: {
    name: '@opentelemetry/instrumentation-dns',
    version: '0.63.0',
    schemaUrl: undefined
  },
  traceId: 'b14332fec630f49d95b381c56ad83e72',
  parentSpanContext: undefined,
  traceState: undefined,
  name: 'dns.lookup',
  id: 'f7f30fa7399703df',
  kind: 2,
  timestamp: 1785001439641000,
  duration: 594.3,
  attributes: { 'peer.ipv6': '::1', 'peer[1].ipv4': '127.0.0.1' },
  status: { code: 0 },
  events: [],
  links: []
}
{
  resource: {
    attributes: {
      'host.name': 'Arunesh',
      'host.arch': 'amd64',
      'host.id': '961ee426-227a-4c11-9579-fdfc83a68919',
      'process.pid': 29064,
      'process.executable.name': 'Administrator:  C:\\WINDOWS\\system32\\cmd.exe ',
      'process.executable.path': 'C:\\Program Files\\nodejs\\node.exe',
      'process.command_args': [
        'C:\\Program Files\\nodejs\\node.exe',
        'C:\\Users\\Administrator\\.gemini\\antigravity_old\\scratch_old\\tallyme\\apps\\backend\\dist\\src\\main.js'
      ],
      'process.runtime.version': '24.12.0',
      'process.runtime.name': 'nodejs',
      'process.runtime.description': 'Node.js',
      'process.command': 'C:\\Users\\Administrator\\.gemini\\antigravity_old\\scratch_old\\tallyme\\apps\\backend\\dist\\src\\main.js',
      'process.owner': 'Administrator',
      'service.name': 'unknown_service:node',
      'telemetry.sdk.language': 'nodejs',
      'telemetry.sdk.name': 'opentelemetry',
      'telemetry.sdk.version': '2.10.0'
    }
  },
  instrumentationScope: {
    name: '@opentelemetry/instrumentation-net',
    version: '0.64.0',
    schemaUrl: undefined
  },
  traceId: '6b5c17ca681be35405c5d20d21860098',
  parentSpanContext: undefined,
  traceState: undefined,
  name: 'tcp.connect',
  id: '276d17f8a93ce210',
  kind: 0,
  timestamp: 1785001439641000,
  duration: 1437.6,
  attributes: {
    'net.transport': 'ip_tcp',
    'net.peer.name': 'localhost',
    'net.peer.port': 6380,
    'net.peer.ip': '::1',
    'net.host.ip': '::1',
    'net.host.port': 53151
  },
  status: { code: 0 },
  events: [],
  links: []
}
{
  resource: {
    attributes: {
      'host.name': 'Arunesh',
      'host.arch': 'amd64',
      'host.id': '961ee426-227a-4c11-9579-fdfc83a68919',
      'process.pid': 29064,
      'process.executable.name': 'Administrator:  C:\\WINDOWS\\system32\\cmd.exe ',
      'process.executable.path': 'C:\\Program Files\\nodejs\\node.exe',
      'process.command_args': [
        'C:\\Program Files\\nodejs\\node.exe',
        'C:\\Users\\Administrator\\.gemini\\antigravity_old\\scratch_old\\tallyme\\apps\\backend\\dist\\src\\main.js'
      ],
      'process.runtime.version': '24.12.0',
      'process.runtime.name': 'nodejs',
      'process.runtime.description': 'Node.js',
      'process.command': 'C:\\Users\\Administrator\\.gemini\\antigravity_old\\scratch_old\\tallyme\\apps\\backend\\dist\\src\\main.js',
      'process.owner': 'Administrator',
      'service.name': 'unknown_service:node',
      'telemetry.sdk.language': 'nodejs',
      'telemetry.sdk.name': 'opentelemetry',
      'telemetry.sdk.version': '2.10.0'
    }
  },
  instrumentationScope: {
    name: '@opentelemetry/instrumentation-dns',
    version: '0.63.0',
    schemaUrl: undefined
  },
  traceId: '23d3320a9c4299f22d8b6d24ad1f3439',
  parentSpanContext: undefined,
  traceState: undefined,
  name: 'dns.lookup',
  id: '6056f7d446fd7ba6',
  kind: 2,
  timestamp: 1785001439850000,
  duration: 532.6,
  attributes: { 'peer.ipv6': '::1', 'peer[1].ipv4': '127.0.0.1' },
  status: { code: 0 },
  events: [],
  links: []
}
{
  resource: {
    attributes: {
      'host.name': 'Arunesh',
      'host.arch': 'amd64',
      'host.id': '961ee426-227a-4c11-9579-fdfc83a68919',
      'process.pid': 29064,
      'process.executable.name': 'Administrator:  C:\\WINDOWS\\system32\\cmd.exe ',
      'process.executable.path': 'C:\\Program Files\\nodejs\\node.exe',
      'process.command_args': [
        'C:\\Program Files\\nodejs\\node.exe',
        'C:\\Users\\Administrator\\.gemini\\antigravity_old\\scratch_old\\tallyme\\apps\\backend\\dist\\src\\main.js'
      ],
      'process.runtime.version': '24.12.0',
      'process.runtime.name': 'nodejs',
      'process.runtime.description': 'Node.js',
      'process.command': 'C:\\Users\\Administrator\\.gemini\\antigravity_old\\scratch_old\\tallyme\\apps\\backend\\dist\\src\\main.js',
      'process.owner': 'Administrator',
      'service.name': 'unknown_service:node',
      'telemetry.sdk.language': 'nodejs',
      'telemetry.sdk.name': 'opentelemetry',
      'telemetry.sdk.version': '2.10.0'
    }
  },
  instrumentationScope: {
    name: '@opentelemetry/instrumentation-net',
    version: '0.64.0',
    schemaUrl: undefined
  },
  traceId: 'c7a5e19c7908b9be7fe9bb82f59f63e6',
  parentSpanContext: undefined,
  traceState: undefined,
  name: 'tcp.connect',
  id: '68535f2e61ae36c6',
  kind: 0,
  timestamp: 1785001439850000,
  duration: 1316.5,
  attributes: {
    'net.transport': 'ip_tcp',
    'net.peer.name': 'localhost',
    'net.peer.port': 6380,
    'net.peer.ip': '::1',
    'net.host.ip': '::1',
    'net.host.port': 53154
  },
  status: { code: 0 },
  events: [],
  links: []
}
{
  resource: {
    attributes: {
      'host.name': 'Arunesh',
      'host.arch': 'amd64',
      'host.id': '961ee426-227a-4c11-9579-fdfc83a68919',
      'process.pid': 29064,
      'process.executable.name': 'Administrator:  C:\\WINDOWS\\system32\\cmd.exe ',
      'process.executable.path': 'C:\\Program Files\\nodejs\\node.exe',
      'process.command_args': [
        'C:\\Program Files\\nodejs\\node.exe',
        'C:\\Users\\Administrator\\.gemini\\antigravity_old\\scratch_old\\tallyme\\apps\\backend\\dist\\src\\main.js'
      ],
      'process.runtime.version': '24.12.0',
      'process.runtime.name': 'nodejs',
      'process.runtime.description': 'Node.js',
      'process.command': 'C:\\Users\\Administrator\\.gemini\\antigravity_old\\scratch_old\\tallyme\\apps\\backend\\dist\\src\\main.js',
      'process.owner': 'Administrator',
      'service.name': 'unknown_service:node',
      'telemetry.sdk.language': 'nodejs',
      'telemetry.sdk.name': 'opentelemetry',
      'telemetry.sdk.version': '2.10.0'
    }
  },
  instrumentationScope: {
    name: '@opentelemetry/instrumentation-dns',
    version: '0.63.0',
    schemaUrl: undefined
  },
  traceId: 'b5793a43d110561c4510b4425ef38ff6',
  parentSpanContext: undefined,
  traceState: undefined,
  name: 'dns.lookup',
  id: 'fe8504fb6a657f31',
  kind: 2,
  timestamp: 1785001440107000,
  duration: 871,
  attributes: { 'peer.ipv6': '::1', 'peer[1].ipv4': '127.0.0.1' },
  status: { code: 0 },
  events: [],
  links: []
}
{
  resource: {
    attributes: {
      'host.name': 'Arunesh',
      'host.arch': 'amd64',
      'host.id': '961ee426-227a-4c11-9579-fdfc83a68919',
      'process.pid': 29064,
      'process.executable.name': 'Administrator:  C:\\WINDOWS\\system32\\cmd.exe ',
      'process.executable.path': 'C:\\Program Files\\nodejs\\node.exe',
      'process.command_args': [
        'C:\\Program Files\\nodejs\\node.exe',
        'C:\\Users\\Administrator\\.gemini\\antigravity_old\\scratch_old\\tallyme\\apps\\backend\\dist\\src\\main.js'
      ],
      'process.runtime.version': '24.12.0',
      'process.runtime.name': 'nodejs',
      'process.runtime.description': 'Node.js',
      'process.command': 'C:\\Users\\Administrator\\.gemini\\antigravity_old\\scratch_old\\tallyme\\apps\\backend\\dist\\src\\main.js',
      'process.owner': 'Administrator',
      'service.name': 'unknown_service:node',
      'telemetry.sdk.language': 'nodejs',
      'telemetry.sdk.name': 'opentelemetry',
      'telemetry.sdk.version': '2.10.0'
    }
  },
  instrumentationScope: {
    name: '@opentelemetry/instrumentation-net',
    version: '0.64.0',
    schemaUrl: undefined
  },
  traceId: 'bfa202e1dce269a58f710bd80c7f66bf',
  parentSpanContext: undefined,
  traceState: undefined,
  name: 'tcp.connect',
  id: '7e8861fcb1b514c4',
  kind: 0,
  timestamp: 1785001440107000,
  duration: 1787.7,
  attributes: {
    'net.transport': 'ip_tcp',
    'net.peer.name': 'localhost',
    'net.peer.port': 6380,
    'net.peer.ip': '::1',
    'net.host.ip': '::1',
    'net.host.port': 53160
  },
  status: { code: 0 },
  events: [],
  links: []
}
{
  resource: {
    attributes: {
      'host.name': 'Arunesh',
      'host.arch': 'amd64',
      'host.id': '961ee426-227a-4c11-9579-fdfc83a68919',
      'process.pid': 29064,
      'process.executable.name': 'Administrator:  C:\\WINDOWS\\system32\\cmd.exe ',
      'process.executable.path': 'C:\\Program Files\\nodejs\\node.exe',
      'process.command_args': [
        'C:\\Program Files\\nodejs\\node.exe',
        'C:\\Users\\Administrator\\.gemini\\antigravity_old\\scratch_old\\tallyme\\apps\\backend\\dist\\src\\main.js'
      ],
      'process.runtime.version': '24.12.0',
      'process.runtime.name': 'nodejs',
      'process.runtime.description': 'Node.js',
      'process.command': 'C:\\Users\\Administrator\\.gemini\\antigravity_old\\scratch_old\\tallyme\\apps\\backend\\dist\\src\\main.js',
      'process.owner': 'Administrator',
      'service.name': 'unknown_service:node',
      'telemetry.sdk.language': 'nodejs',
      'telemetry.sdk.name': 'opentelemetry',
      'telemetry.sdk.version': '2.10.0'
    }
  },
  instrumentationScope: {
    name: '@opentelemetry/instrumentation-ioredis',
    version: '0.68.0',
    schemaUrl: undefined
  },
  traceId: '094ea94955f8057a27ef9ef69552edce',
  parentSpanContext: {
    traceId: '094ea94955f8057a27ef9ef69552edce',
    spanId: '4c79e4b0e1921bfe',
    traceFlags: 1,
    traceState: undefined
  },
  traceState: undefined,
  name: 'connect',
  id: 'f6f6006402b1dd7d',
  kind: 2,
  timestamp: 1785001440318000,
  duration: 77.4,
  attributes: {
    'db.system': 'redis',
    'db.statement': 'connect',
    'db.connection_string': 'redis://localhost:6380',
    'net.peer.name': 'localhost',
    'net.peer.port': 6380
  },
  status: { code: 0 },
  events: [],
  links: []
}
{
  resource: {
    attributes: {
      'host.name': 'Arunesh',
      'host.arch': 'amd64',
      'host.id': '961ee426-227a-4c11-9579-fdfc83a68919',
      'process.pid': 29064,
      'process.executable.name': 'Administrator:  C:\\WINDOWS\\system32\\cmd.exe ',
      'process.executable.path': 'C:\\Program Files\\nodejs\\node.exe',
      'process.command_args': [
        'C:\\Program Files\\nodejs\\node.exe',
        'C:\\Users\\Administrator\\.gemini\\antigravity_old\\scratch_old\\tallyme\\apps\\backend\\dist\\src\\main.js'
      ],
      'process.runtime.version': '24.12.0',
      'process.runtime.name': 'nodejs',
      'process.runtime.description': 'Node.js',
      'process.command': 'C:\\Users\\Administrator\\.gemini\\antigravity_old\\scratch_old\\tallyme\\apps\\backend\\dist\\src\\main.js',
      'process.owner': 'Administrator',
      'service.name': 'unknown_service:node',
      'telemetry.sdk.language': 'nodejs',
      'telemetry.sdk.name': 'opentelemetry',
      'telemetry.sdk.version': '2.10.0'
    }
  },
  instrumentationScope: {
    name: '@opentelemetry/instrumentation-ioredis',
    version: '0.68.0',
    schemaUrl: undefined
  },
  traceId: '094ea94955f8057a27ef9ef69552edce',
  parentSpanContext: {
    traceId: '094ea94955f8057a27ef9ef69552edce',
    spanId: '4c79e4b0e1921bfe',
    traceFlags: 1,
    traceState: undefined
  },
  traceState: undefined,
  name: 'connect',
  id: '0e319360b40cbb89',
  kind: 2,
  timestamp: 1785001440319000,
  duration: 56.6,
  attributes: {
    'db.system': 'redis',
    'db.statement': 'connect',
    'db.connection_string': 'redis://localhost:6380',
    'net.peer.name': 'localhost',
    'net.peer.port': 6380
  },
  status: { code: 0 },
  events: [],
  links: []
}
{
  resource: {
    attributes: {
      'host.name': 'Arunesh',
      'host.arch': 'amd64',
      'host.id': '961ee426-227a-4c11-9579-fdfc83a68919',
      'process.pid': 29064,
      'process.executable.name': 'Administrator:  C:\\WINDOWS\\system32\\cmd.exe ',
      'process.executable.path': 'C:\\Program Files\\nodejs\\node.exe',
      'process.command_args': [
        'C:\\Program Files\\nodejs\\node.exe',
        'C:\\Users\\Administrator\\.gemini\\antigravity_old\\scratch_old\\tallyme\\apps\\backend\\dist\\src\\main.js'
      ],
      'process.runtime.version': '24.12.0',
      'process.runtime.name': 'nodejs',
      'process.runtime.description': 'Node.js',
      'process.command': 'C:\\Users\\Administrator\\.gemini\\antigravity_old\\scratch_old\\tallyme\\apps\\backend\\dist\\src\\main.js',
      'process.owner': 'Administrator',
      'service.name': 'unknown_service:node',
      'telemetry.sdk.language': 'nodejs',
      'telemetry.sdk.name': 'opentelemetry',
      'telemetry.sdk.version': '2.10.0'
    }
  },
  instrumentationScope: {
    name: '@opentelemetry/instrumentation-ioredis',
    version: '0.68.0',
    schemaUrl: undefined
  },
  traceId: '094ea94955f8057a27ef9ef69552edce',
  parentSpanContext: {
    traceId: '094ea94955f8057a27ef9ef69552edce',
    spanId: '4c79e4b0e1921bfe',
    traceFlags: 1,
    traceState: undefined
  },
  traceState: undefined,
  name: 'connect',
  id: 'b08b2f9caed0c804',
  kind: 2,
  timestamp: 1785001440319000,
  duration: 49.4,
  attributes: {
    'db.system': 'redis',
    'db.statement': 'connect',
    'db.connection_string': 'redis://localhost:6380',
    'net.peer.name': 'localhost',
    'net.peer.port': 6380
  },
  status: { code: 0 },
  events: [],
  links: []
}
{
  resource: {
    attributes: {
      'host.name': 'Arunesh',
      'host.arch': 'amd64',
      'host.id': '961ee426-227a-4c11-9579-fdfc83a68919',
      'process.pid': 29064,
      'process.executable.name': 'Administrator:  C:\\WINDOWS\\system32\\cmd.exe ',
      'process.executable.path': 'C:\\Program Files\\nodejs\\node.exe',
      'process.command_args': [
        'C:\\Program Files\\nodejs\\node.exe',
        'C:\\Users\\Administrator\\.gemini\\antigravity_old\\scratch_old\\tallyme\\apps\\backend\\dist\\src\\main.js'
      ],
      'process.runtime.version': '24.12.0',
      'process.runtime.name': 'nodejs',
      'process.runtime.description': 'Node.js',
      'process.command': 'C:\\Users\\Administrator\\.gemini\\antigravity_old\\scratch_old\\tallyme\\apps\\backend\\dist\\src\\main.js',
      'process.owner': 'Administrator',
      'service.name': 'unknown_service:node',
      'telemetry.sdk.language': 'nodejs',
      'telemetry.sdk.name': 'opentelemetry',
      'telemetry.sdk.version': '2.10.0'
    }
  },
  instrumentationScope: {
    name: '@opentelemetry/instrumentation-ioredis',
    version: '0.68.0',
    schemaUrl: undefined
  },
  traceId: '094ea94955f8057a27ef9ef69552edce',
  parentSpanContext: {
    traceId: '094ea94955f8057a27ef9ef69552edce',
    spanId: '4c79e4b0e1921bfe',
    traceFlags: 1,
    traceState: undefined
  },
  traceState: undefined,
  name: 'connect',
  id: '36af43752892618f',
  kind: 2,
  timestamp: 1785001440320000,
  duration: 37.6,
  attributes: {
    'db.system': 'redis',
    'db.statement': 'connect',
    'db.connection_string': 'redis://localhost:6380',
    'net.peer.name': 'localhost',
    'net.peer.port': 6380
  },
  status: { code: 0 },
  events: [],
  links: []
}
{
  resource: {
    attributes: {
      'host.name': 'Arunesh',
      'host.arch': 'amd64',
      'host.id': '961ee426-227a-4c11-9579-fdfc83a68919',
      'process.pid': 29064,
      'process.executable.name': 'Administrator:  C:\\WINDOWS\\system32\\cmd.exe ',
      'process.executable.path': 'C:\\Program Files\\nodejs\\node.exe',
      'process.command_args': [
        'C:\\Program Files\\nodejs\\node.exe',
        'C:\\Users\\Administrator\\.gemini\\antigravity_old\\scratch_old\\tallyme\\apps\\backend\\dist\\src\\main.js'
      ],
      'process.runtime.version': '24.12.0',
      'process.runtime.name': 'nodejs',
      'process.runtime.description': 'Node.js',
      'process.command': 'C:\\Users\\Administrator\\.gemini\\antigravity_old\\scratch_old\\tallyme\\apps\\backend\\dist\\src\\main.js',
      'process.owner': 'Administrator',
      'service.name': 'unknown_service:node',
      'telemetry.sdk.language': 'nodejs',
      'telemetry.sdk.name': 'opentelemetry',
      'telemetry.sdk.version': '2.10.0'
    }
  },
  instrumentationScope: {
    name: '@opentelemetry/instrumentation-ioredis',
    version: '0.68.0',
    schemaUrl: undefined
  },
  traceId: '094ea94955f8057a27ef9ef69552edce',
  parentSpanContext: {
    traceId: '094ea94955f8057a27ef9ef69552edce',
    spanId: '4c79e4b0e1921bfe',
    traceFlags: 1,
    traceState: undefined
  },
  traceState: undefined,
  name: 'connect',
  id: '6842f01e708517dc',
  kind: 2,
  timestamp: 1785001440320000,
  duration: 106.9,
  attributes: {
    'db.system': 'redis',
    'db.statement': 'connect',
    'db.connection_string': 'redis://localhost:6380',
    'net.peer.name': 'localhost',
    'net.peer.port': 6380
  },
  status: { code: 0 },
  events: [],
  links: []
}
{
  resource: {
    attributes: {
      'host.name': 'Arunesh',
      'host.arch': 'amd64',
      'host.id': '961ee426-227a-4c11-9579-fdfc83a68919',
      'process.pid': 29064,
      'process.executable.name': 'Administrator:  C:\\WINDOWS\\system32\\cmd.exe ',
      'process.executable.path': 'C:\\Program Files\\nodejs\\node.exe',
      'process.command_args': [
        'C:\\Program Files\\nodejs\\node.exe',
        'C:\\Users\\Administrator\\.gemini\\antigravity_old\\scratch_old\\tallyme\\apps\\backend\\dist\\src\\main.js'
      ],
      'process.runtime.version': '24.12.0',
      'process.runtime.name': 'nodejs',
      'process.runtime.description': 'Node.js',
      'process.command': 'C:\\Users\\Administrator\\.gemini\\antigravity_old\\scratch_old\\tallyme\\apps\\backend\\dist\\src\\main.js',
      'process.owner': 'Administrator',
      'service.name': 'unknown_service:node',
      'telemetry.sdk.language': 'nodejs',
      'telemetry.sdk.name': 'opentelemetry',
      'telemetry.sdk.version': '2.10.0'
    }
  },
  instrumentationScope: {
    name: '@opentelemetry/instrumentation-dns',
    version: '0.63.0',
    schemaUrl: undefined
  },
  traceId: 'b1f0927bad547a0e8e0ec7254aa022d3',
  parentSpanContext: undefined,
  traceState: undefined,
  name: 'dns.lookup',
  id: '97b4c4571bd423a8',
  kind: 2,
  timestamp: 1785001440317000,
  duration: 3149.2,
  attributes: { 'peer.ipv6': '::1', 'peer[1].ipv4': '127.0.0.1' },
  status: { code: 0 },
  events: [],
  links: []
}
{
  resource: {
    attributes: {
      'host.name': 'Arunesh',
      'host.arch': 'amd64',
      'host.id': '961ee426-227a-4c11-9579-fdfc83a68919',
      'process.pid': 29064,
      'process.executable.name': 'Administrator:  C:\\WINDOWS\\system32\\cmd.exe ',
      'process.executable.path': 'C:\\Program Files\\nodejs\\node.exe',
      'process.command_args': [
        'C:\\Program Files\\nodejs\\node.exe',
        'C:\\Users\\Administrator\\.gemini\\antigravity_old\\scratch_old\\tallyme\\apps\\backend\\dist\\src\\main.js'
      ],
      'process.runtime.version': '24.12.0',
      'process.runtime.name': 'nodejs',
      'process.runtime.description': 'Node.js',
      'process.command': 'C:\\Users\\Administrator\\.gemini\\antigravity_old\\scratch_old\\tallyme\\apps\\backend\\dist\\src\\main.js',
      'process.owner': 'Administrator',
      'service.name': 'unknown_service:node',
      'telemetry.sdk.language': 'nodejs',
      'telemetry.sdk.name': 'opentelemetry',
      'telemetry.sdk.version': '2.10.0'
    }
  },
  instrumentationScope: {
    name: '@opentelemetry/instrumentation-dns',
    version: '0.63.0',
    schemaUrl: undefined
  },
  traceId: '094ea94955f8057a27ef9ef69552edce',
  parentSpanContext: {
    traceId: '094ea94955f8057a27ef9ef69552edce',
    spanId: '4c79e4b0e1921bfe',
    traceFlags: 1,
    traceState: undefined
  },
  traceState: undefined,
  name: 'dns.lookup',
  id: 'c0e7f1f57eec80fe',
  kind: 2,
  timestamp: 1785001440318000,
  duration: 3536.2,
  attributes: { 'peer.ipv6': '::1', 'peer[1].ipv4': '127.0.0.1' },
  status: { code: 0 },
  events: [],
  links: []
}
{
  resource: {
    attributes: {
      'host.name': 'Arunesh',
      'host.arch': 'amd64',
      'host.id': '961ee426-227a-4c11-9579-fdfc83a68919',
      'process.pid': 29064,
      'process.executable.name': 'Administrator:  C:\\WINDOWS\\system32\\cmd.exe ',
      'process.executable.path': 'C:\\Program Files\\nodejs\\node.exe',
      'process.command_args': [
        'C:\\Program Files\\nodejs\\node.exe',
        'C:\\Users\\Administrator\\.gemini\\antigravity_old\\scratch_old\\tallyme\\apps\\backend\\dist\\src\\main.js'
      ],
      'process.runtime.version': '24.12.0',
      'process.runtime.name': 'nodejs',
      'process.runtime.description': 'Node.js',
      'process.command': 'C:\\Users\\Administrator\\.gemini\\antigravity_old\\scratch_old\\tallyme\\apps\\backend\\dist\\src\\main.js',
      'process.owner': 'Administrator',
      'service.name': 'unknown_service:node',
      'telemetry.sdk.language': 'nodejs',
      'telemetry.sdk.name': 'opentelemetry',
      'telemetry.sdk.version': '2.10.0'
    }
  },
  instrumentationScope: {
    name: '@opentelemetry/instrumentation-ioredis',
    version: '0.68.0',
    schemaUrl: undefined
  },
  traceId: '094ea94955f8057a27ef9ef69552edce',
  parentSpanContext: {
    traceId: '094ea94955f8057a27ef9ef69552edce',
    spanId: '4c79e4b0e1921bfe',
    traceFlags: 1,
    traceState: undefined
  },
  traceState: undefined,
  name: 'connect',
  id: 'b01a2e7c9bad685d',
  kind: 2,
  timestamp: 1785001440325000,
  duration: 63.9,
  attributes: {
    'db.system': 'redis',
    'db.statement': 'connect',
    'db.connection_string': 'redis://localhost:6380',
    'net.peer.name': 'localhost',
    'net.peer.port': 6380
  },
  status: { code: 0 },
  events: [],
  links: []
}
{
  resource: {
    attributes: {
      'host.name': 'Arunesh',
      'host.arch': 'amd64',
      'host.id': '961ee426-227a-4c11-9579-fdfc83a68919',
      'process.pid': 29064,
      'process.executable.name': 'Administrator:  C:\\WINDOWS\\system32\\cmd.exe ',
      'process.executable.path': 'C:\\Program Files\\nodejs\\node.exe',
      'process.command_args': [
        'C:\\Program Files\\nodejs\\node.exe',
        'C:\\Users\\Administrator\\.gemini\\antigravity_old\\scratch_old\\tallyme\\apps\\backend\\dist\\src\\main.js'
      ],
      'process.runtime.version': '24.12.0',
      'process.runtime.name': 'nodejs',
      'process.runtime.description': 'Node.js',
      'process.command': 'C:\\Users\\Administrator\\.gemini\\antigravity_old\\scratch_old\\tallyme\\apps\\backend\\dist\\src\\main.js',
      'process.owner': 'Administrator',
      'service.name': 'unknown_service:node',
      'telemetry.sdk.language': 'nodejs',
      'telemetry.sdk.name': 'opentelemetry',
      'telemetry.sdk.version': '2.10.0'
    }
  },
  instrumentationScope: {
    name: '@opentelemetry/instrumentation-ioredis',
    version: '0.68.0',
    schemaUrl: undefined
  },
  traceId: '094ea94955f8057a27ef9ef69552edce',
  parentSpanContext: {
    traceId: '094ea94955f8057a27ef9ef69552edce',
    spanId: '4c79e4b0e1921bfe',
    traceFlags: 1,
    traceState: undefined
  },
  traceState: undefined,
  name: 'connect',
  id: '5956c8228a5199b3',
  kind: 2,
  timestamp: 1785001440325000,
  duration: 36.1,
  attributes: {
    'db.system': 'redis',
    'db.statement': 'connect',
    'db.connection_string': 'redis://localhost:6380',
    'net.peer.name': 'localhost',
    'net.peer.port': 6380
  },
  status: { code: 0 },
  events: [],
  links: []
}
{
  resource: {
    attributes: {
      'host.name': 'Arunesh',
      'host.arch': 'amd64',
      'host.id': '961ee426-227a-4c11-9579-fdfc83a68919',
      'process.pid': 29064,
      'process.executable.name': 'Administrator:  C:\\WINDOWS\\system32\\cmd.exe ',
      'process.executable.path': 'C:\\Program Files\\nodejs\\node.exe',
      'process.command_args': [
        'C:\\Program Files\\nodejs\\node.exe',
        'C:\\Users\\Administrator\\.gemini\\antigravity_old\\scratch_old\\tallyme\\apps\\backend\\dist\\src\\main.js'
      ],
      'process.runtime.version': '24.12.0',
      'process.runtime.name': 'nodejs',
      'process.runtime.description': 'Node.js',
      'process.command': 'C:\\Users\\Administrator\\.gemini\\antigravity_old\\scratch_old\\tallyme\\apps\\backend\\dist\\src\\main.js',
      'process.owner': 'Administrator',
      'service.name': 'unknown_service:node',
      'telemetry.sdk.language': 'nodejs',
      'telemetry.sdk.name': 'opentelemetry',
      'telemetry.sdk.version': '2.10.0'
    }
  },
  instrumentationScope: {
    name: '@opentelemetry/instrumentation-ioredis',
    version: '0.68.0',
    schemaUrl: undefined
  },
  traceId: '094ea94955f8057a27ef9ef69552edce',
  parentSpanContext: {
    traceId: '094ea94955f8057a27ef9ef69552edce',
    spanId: '4c79e4b0e1921bfe',
    traceFlags: 1,
    traceState: undefined
  },
  traceState: undefined,
  name: 'connect',
  id: '7bf7571aa7ff4acc',
  kind: 2,
  timestamp: 1785001440326000,
  duration: 28.9,
  attributes: {
    'db.system': 'redis',
    'db.statement': 'connect',
    'db.connection_string': 'redis://localhost:6380',
    'net.peer.name': 'localhost',
    'net.peer.port': 6380
  },
  status: { code: 0 },
  events: [],
  links: []
}
{
  resource: {
    attributes: {
      'host.name': 'Arunesh',
      'host.arch': 'amd64',
      'host.id': '961ee426-227a-4c11-9579-fdfc83a68919',
      'process.pid': 29064,
      'process.executable.name': 'Administrator:  C:\\WINDOWS\\system32\\cmd.exe ',
      'process.executable.path': 'C:\\Program Files\\nodejs\\node.exe',
      'process.command_args': [
        'C:\\Program Files\\nodejs\\node.exe',
        'C:\\Users\\Administrator\\.gemini\\antigravity_old\\scratch_old\\tallyme\\apps\\backend\\dist\\src\\main.js'
      ],
      'process.runtime.version': '24.12.0',
      'process.runtime.name': 'nodejs',
      'process.runtime.description': 'Node.js',
      'process.command': 'C:\\Users\\Administrator\\.gemini\\antigravity_old\\scratch_old\\tallyme\\apps\\backend\\dist\\src\\main.js',
      'process.owner': 'Administrator',
      'service.name': 'unknown_service:node',
      'telemetry.sdk.language': 'nodejs',
      'telemetry.sdk.name': 'opentelemetry',
      'telemetry.sdk.version': '2.10.0'
    }
  },
  instrumentationScope: {
    name: '@opentelemetry/instrumentation-ioredis',
    version: '0.68.0',
    schemaUrl: undefined
  },
  traceId: '094ea94955f8057a27ef9ef69552edce',
  parentSpanContext: {
    traceId: '094ea94955f8057a27ef9ef69552edce',
    spanId: '4c79e4b0e1921bfe',
    traceFlags: 1,
    traceState: undefined
  },
  traceState: undefined,
  name: 'connect',
  id: '56954b01e84d7da5',
  kind: 2,
  timestamp: 1785001440326000,
  duration: 29,
  attributes: {
    'db.system': 'redis',
    'db.statement': 'connect',
    'db.connection_string': 'redis://localhost:6380',
    'net.peer.name': 'localhost',
    'net.peer.port': 6380
  },
  status: { code: 0 },
  events: [],
  links: []
}
{
  resource: {
    attributes: {
      'host.name': 'Arunesh',
      'host.arch': 'amd64',
      'host.id': '961ee426-227a-4c11-9579-fdfc83a68919',
      'process.pid': 29064,
      'process.executable.name': 'Administrator:  C:\\WINDOWS\\system32\\cmd.exe ',
      'process.executable.path': 'C:\\Program Files\\nodejs\\node.exe',
      'process.command_args': [
        'C:\\Program Files\\nodejs\\node.exe',
        'C:\\Users\\Administrator\\.gemini\\antigravity_old\\scratch_old\\tallyme\\apps\\backend\\dist\\src\\main.js'
      ],
      'process.runtime.version': '24.12.0',
      'process.runtime.name': 'nodejs',
      'process.runtime.description': 'Node.js',
      'process.command': 'C:\\Users\\Administrator\\.gemini\\antigravity_old\\scratch_old\\tallyme\\apps\\backend\\dist\\src\\main.js',
      'process.owner': 'Administrator',
      'service.name': 'unknown_service:node',
      'telemetry.sdk.language': 'nodejs',
      'telemetry.sdk.name': 'opentelemetry',
      'telemetry.sdk.version': '2.10.0'
    }
  },
  instrumentationScope: {
    name: '@opentelemetry/instrumentation-ioredis',
    version: '0.68.0',
    schemaUrl: undefined
  },
  traceId: '094ea94955f8057a27ef9ef69552edce',
  parentSpanContext: {
    traceId: '094ea94955f8057a27ef9ef69552edce',
    spanId: '4c79e4b0e1921bfe',
    traceFlags: 1,
    traceState: undefined
  },
  traceState: undefined,
  name: 'connect',
  id: 'eefcebf5c4a32d40',
  kind: 2,
  timestamp: 1785001440326000,
  duration: 24.6,
  attributes: {
    'db.system': 'redis',
    'db.statement': 'connect',
    'db.connection_string': 'redis://localhost:6380',
    'net.peer.name': 'localhost',
    'net.peer.port': 6380
  },
  status: { code: 0 },
  events: [],
  links: []
}
{
  resource: {
    attributes: {
      'host.name': 'Arunesh',
      'host.arch': 'amd64',
      'host.id': '961ee426-227a-4c11-9579-fdfc83a68919',
      'process.pid': 29064,
      'process.executable.name': 'Administrator:  C:\\WINDOWS\\system32\\cmd.exe ',
      'process.executable.path': 'C:\\Program Files\\nodejs\\node.exe',
      'process.command_args': [
        'C:\\Program Files\\nodejs\\node.exe',
        'C:\\Users\\Administrator\\.gemini\\antigravity_old\\scratch_old\\tallyme\\apps\\backend\\dist\\src\\main.js'
      ],
      'process.runtime.version': '24.12.0',
      'process.runtime.name': 'nodejs',
      'process.runtime.description': 'Node.js',
      'process.command': 'C:\\Users\\Administrator\\.gemini\\antigravity_old\\scratch_old\\tallyme\\apps\\backend\\dist\\src\\main.js',
      'process.owner': 'Administrator',
      'service.name': 'unknown_service:node',
      'telemetry.sdk.language': 'nodejs',
      'telemetry.sdk.name': 'opentelemetry',
      'telemetry.sdk.version': '2.10.0'
    }
  },
  instrumentationScope: {
    name: '@opentelemetry/instrumentation-ioredis',
    version: '0.68.0',
    schemaUrl: undefined
  },
  traceId: '094ea94955f8057a27ef9ef69552edce',
  parentSpanContext: {
    traceId: '094ea94955f8057a27ef9ef69552edce',
    spanId: '4c79e4b0e1921bfe',
    traceFlags: 1,
    traceState: undefined
  },
  traceState: undefined,
  name: 'connect',
  id: 'e84355c2c59d9560',
  kind: 2,
  timestamp: 1785001440326000,
  duration: 21.8,
  attributes: {
    'db.system': 'redis',
    'db.statement': 'connect',
    'db.connection_string': 'redis://localhost:6380',
    'net.peer.name': 'localhost',
    'net.peer.port': 6380
  },
  status: { code: 0 },
  events: [],
  links: []
}
{
  resource: {
    attributes: {
      'host.name': 'Arunesh',
      'host.arch': 'amd64',
      'host.id': '961ee426-227a-4c11-9579-fdfc83a68919',
      'process.pid': 29064,
      'process.executable.name': 'Administrator:  C:\\WINDOWS\\system32\\cmd.exe ',
      'process.executable.path': 'C:\\Program Files\\nodejs\\node.exe',
      'process.command_args': [
        'C:\\Program Files\\nodejs\\node.exe',
        'C:\\Users\\Administrator\\.gemini\\antigravity_old\\scratch_old\\tallyme\\apps\\backend\\dist\\src\\main.js'
      ],
      'process.runtime.version': '24.12.0',
      'process.runtime.name': 'nodejs',
      'process.runtime.description': 'Node.js',
      'process.command': 'C:\\Users\\Administrator\\.gemini\\antigravity_old\\scratch_old\\tallyme\\apps\\backend\\dist\\src\\main.js',
      'process.owner': 'Administrator',
      'service.name': 'unknown_service:node',
      'telemetry.sdk.language': 'nodejs',
      'telemetry.sdk.name': 'opentelemetry',
      'telemetry.sdk.version': '2.10.0'
    }
  },
  instrumentationScope: {
    name: '@opentelemetry/instrumentation-dns',
    version: '0.63.0',
    schemaUrl: undefined
  },
  traceId: '094ea94955f8057a27ef9ef69552edce',
  parentSpanContext: {
    traceId: '094ea94955f8057a27ef9ef69552edce',
    spanId: '4c79e4b0e1921bfe',
    traceFlags: 1,
    traceState: undefined
  },
  traceState: undefined,
  name: 'dns.lookup',
  id: '6290f6021c53c875',
  kind: 2,
  timestamp: 1785001440319000,
  duration: 7567.6,
  attributes: { 'peer.ipv6': '::1', 'peer[1].ipv4': '127.0.0.1' },
  status: { code: 0 },
  events: [],
  links: []
}
{
  resource: {
    attributes: {
      'host.name': 'Arunesh',
      'host.arch': 'amd64',
      'host.id': '961ee426-227a-4c11-9579-fdfc83a68919',
      'process.pid': 29064,
      'process.executable.name': 'Administrator:  C:\\WINDOWS\\system32\\cmd.exe ',
      'process.executable.path': 'C:\\Program Files\\nodejs\\node.exe',
      'process.command_args': [
        'C:\\Program Files\\nodejs\\node.exe',
        'C:\\Users\\Administrator\\.gemini\\antigravity_old\\scratch_old\\tallyme\\apps\\backend\\dist\\src\\main.js'
      ],
      'process.runtime.version': '24.12.0',
      'process.runtime.name': 'nodejs',
      'process.runtime.description': 'Node.js',
      'process.command': 'C:\\Users\\Administrator\\.gemini\\antigravity_old\\scratch_old\\tallyme\\apps\\backend\\dist\\src\\main.js',
      'process.owner': 'Administrator',
      'service.name': 'unknown_service:node',
      'telemetry.sdk.language': 'nodejs',
      'telemetry.sdk.name': 'opentelemetry',
      'telemetry.sdk.version': '2.10.0'
    }
  },
  instrumentationScope: {
    name: '@opentelemetry/instrumentation-dns',
    version: '0.63.0',
    schemaUrl: undefined
  },
  traceId: '094ea94955f8057a27ef9ef69552edce',
  parentSpanContext: {
    traceId: '094ea94955f8057a27ef9ef69552edce',
    spanId: '4c79e4b0e1921bfe',
    traceFlags: 1,
    traceState: undefined
  },
  traceState: undefined,
  name: 'dns.lookup',
  id: '55e1317ad9b1a5fb',
  kind: 2,
  timestamp: 1785001440319000,
  duration: 8316,
  attributes: { 'peer.ipv6': '::1', 'peer[1].ipv4': '127.0.0.1' },
  status: { code: 0 },
  events: [],
  links: []
}
{
  resource: {
    attributes: {
      'host.name': 'Arunesh',
      'host.arch': 'amd64',
      'host.id': '961ee426-227a-4c11-9579-fdfc83a68919',
      'process.pid': 29064,
      'process.executable.name': 'Administrator:  C:\\WINDOWS\\system32\\cmd.exe ',
      'process.executable.path': 'C:\\Program Files\\nodejs\\node.exe',
      'process.command_args': [
        'C:\\Program Files\\nodejs\\node.exe',
        'C:\\Users\\Administrator\\.gemini\\antigravity_old\\scratch_old\\tallyme\\apps\\backend\\dist\\src\\main.js'
      ],
      'process.runtime.version': '24.12.0',
      'process.runtime.name': 'nodejs',
      'process.runtime.description': 'Node.js',
      'process.command': 'C:\\Users\\Administrator\\.gemini\\antigravity_old\\scratch_old\\tallyme\\apps\\backend\\dist\\src\\main.js',
      'process.owner': 'Administrator',
      'service.name': 'unknown_service:node',
      'telemetry.sdk.language': 'nodejs',
      'telemetry.sdk.name': 'opentelemetry',
      'telemetry.sdk.version': '2.10.0'
    }
  },
  instrumentationScope: {
    name: '@opentelemetry/instrumentation-dns',
    version: '0.63.0',
    schemaUrl: undefined
  },
  traceId: 'a28e307a2ce40eaa9192143ff6d99297',
  parentSpanContext: undefined,
  traceState: undefined,
  name: 'dns.lookup',
  id: '44ee6a04db02796c',
  kind: 2,
  timestamp: 1785001440320000,
  duration: 8590.2,
  attributes: { 'peer.ipv6': '::1', 'peer[1].ipv4': '127.0.0.1' },
  status: { code: 0 },
  events: [],
  links: []
}
{
  resource: {
    attributes: {
      'host.name': 'Arunesh',
      'host.arch': 'amd64',
      'host.id': '961ee426-227a-4c11-9579-fdfc83a68919',
      'process.pid': 29064,
      'process.executable.name': 'Administrator:  C:\\WINDOWS\\system32\\cmd.exe ',
      'process.executable.path': 'C:\\Program Files\\nodejs\\node.exe',
      'process.command_args': [
        'C:\\Program Files\\nodejs\\node.exe',
        'C:\\Users\\Administrator\\.gemini\\antigravity_old\\scratch_old\\tallyme\\apps\\backend\\dist\\src\\main.js'
      ],
      'process.runtime.version': '24.12.0',
      'process.runtime.name': 'nodejs',
      'process.runtime.description': 'Node.js',
      'process.command': 'C:\\Users\\Administrator\\.gemini\\antigravity_old\\scratch_old\\tallyme\\apps\\backend\\dist\\src\\main.js',
      'process.owner': 'Administrator',
      'service.name': 'unknown_service:node',
      'telemetry.sdk.language': 'nodejs',
      'telemetry.sdk.name': 'opentelemetry',
      'telemetry.sdk.version': '2.10.0'
    }
  },
  instrumentationScope: {
    name: '@opentelemetry/instrumentation-dns',
    version: '0.63.0',
    schemaUrl: undefined
  },
  traceId: '094ea94955f8057a27ef9ef69552edce',
  parentSpanContext: {
    traceId: '094ea94955f8057a27ef9ef69552edce',
    spanId: '4c79e4b0e1921bfe',
    traceFlags: 1,
    traceState: undefined
  },
  traceState: undefined,
  name: 'dns.lookup',
  id: '70c0d5fb3eab5c99',
  kind: 2,
  timestamp: 1785001440320000,
  duration: 9801.9,
  attributes: { 'peer.ipv6': '::1', 'peer[1].ipv4': '127.0.0.1' },
  status: { code: 0 },
  events: [],
  links: []
}
{
  resource: {
    attributes: {
      'host.name': 'Arunesh',
      'host.arch': 'amd64',
      'host.id': '961ee426-227a-4c11-9579-fdfc83a68919',
      'process.pid': 29064,
      'process.executable.name': 'Administrator:  C:\\WINDOWS\\system32\\cmd.exe ',
      'process.executable.path': 'C:\\Program Files\\nodejs\\node.exe',
      'process.command_args': [
        'C:\\Program Files\\nodejs\\node.exe',
        'C:\\Users\\Administrator\\.gemini\\antigravity_old\\scratch_old\\tallyme\\apps\\backend\\dist\\src\\main.js'
      ],
      'process.runtime.version': '24.12.0',
      'process.runtime.name': 'nodejs',
      'process.runtime.description': 'Node.js',
      'process.command': 'C:\\Users\\Administrator\\.gemini\\antigravity_old\\scratch_old\\tallyme\\apps\\backend\\dist\\src\\main.js',
      'process.owner': 'Administrator',
      'service.name': 'unknown_service:node',
      'telemetry.sdk.language': 'nodejs',
      'telemetry.sdk.name': 'opentelemetry',
      'telemetry.sdk.version': '2.10.0'
    }
  },
  instrumentationScope: {
    name: '@opentelemetry/instrumentation-dns',
    version: '0.63.0',
    schemaUrl: undefined
  },
  traceId: '094ea94955f8057a27ef9ef69552edce',
  parentSpanContext: {
    traceId: '094ea94955f8057a27ef9ef69552edce',
    spanId: '4c79e4b0e1921bfe',
    traceFlags: 1,
    traceState: undefined
  },
  traceState: undefined,
  name: 'dns.lookup',
  id: '8b60b8e9054857c6',
  kind: 2,
  timestamp: 1785001440321000,
  duration: 10197.4,
  attributes: { 'peer.ipv6': '::1', 'peer[1].ipv4': '127.0.0.1' },
  status: { code: 0 },
  events: [],
  links: []
}
{
  resource: {
    attributes: {
      'host.name': 'Arunesh',
      'host.arch': 'amd64',
      'host.id': '961ee426-227a-4c11-9579-fdfc83a68919',
      'process.pid': 29064,
      'process.executable.name': 'Administrator:  C:\\WINDOWS\\system32\\cmd.exe ',
      'process.executable.path': 'C:\\Program Files\\nodejs\\node.exe',
      'process.command_args': [
        'C:\\Program Files\\nodejs\\node.exe',
        'C:\\Users\\Administrator\\.gemini\\antigravity_old\\scratch_old\\tallyme\\apps\\backend\\dist\\src\\main.js'
      ],
      'process.runtime.version': '24.12.0',
      'process.runtime.name': 'nodejs',
      'process.runtime.description': 'Node.js',
      'process.command': 'C:\\Users\\Administrator\\.gemini\\antigravity_old\\scratch_old\\tallyme\\apps\\backend\\dist\\src\\main.js',
      'process.owner': 'Administrator',
      'service.name': 'unknown_service:node',
      'telemetry.sdk.language': 'nodejs',
      'telemetry.sdk.name': 'opentelemetry',
      'telemetry.sdk.version': '2.10.0'
    }
  },
  instrumentationScope: {
    name: '@opentelemetry/instrumentation-dns',
    version: '0.63.0',
    schemaUrl: undefined
  },
  traceId: '094ea94955f8057a27ef9ef69552edce',
  parentSpanContext: {
    traceId: '094ea94955f8057a27ef9ef69552edce',
    spanId: '4c79e4b0e1921bfe',
    traceFlags: 1,
    traceState: undefined
  },
  traceState: undefined,
  name: 'dns.lookup',
  id: '42c5c93c0a9679bb',
  kind: 2,
  timestamp: 1785001440325000,
  duration: 7296.6,
  attributes: { 'peer.ipv6': '::1', 'peer[1].ipv4': '127.0.0.1' },
  status: { code: 0 },
  events: [],
  links: []
}
{
  resource: {
    attributes: {
      'host.name': 'Arunesh',
      'host.arch': 'amd64',
      'host.id': '961ee426-227a-4c11-9579-fdfc83a68919',
      'process.pid': 29064,
      'process.executable.name': 'Administrator:  C:\\WINDOWS\\system32\\cmd.exe ',
      'process.executable.path': 'C:\\Program Files\\nodejs\\node.exe',
      'process.command_args': [
        'C:\\Program Files\\nodejs\\node.exe',
        'C:\\Users\\Administrator\\.gemini\\antigravity_old\\scratch_old\\tallyme\\apps\\backend\\dist\\src\\main.js'
      ],
      'process.runtime.version': '24.12.0',
      'process.runtime.name': 'nodejs',
      'process.runtime.description': 'Node.js',
      'process.command': 'C:\\Users\\Administrator\\.gemini\\antigravity_old\\scratch_old\\tallyme\\apps\\backend\\dist\\src\\main.js',
      'process.owner': 'Administrator',
      'service.name': 'unknown_service:node',
      'telemetry.sdk.language': 'nodejs',
      'telemetry.sdk.name': 'opentelemetry',
      'telemetry.sdk.version': '2.10.0'
    }
  },
  instrumentationScope: {
    name: '@opentelemetry/instrumentation-net',
    version: '0.64.0',
    schemaUrl: undefined
  },
  traceId: '8809875f8ed38af2e41c9fc558528465',
  parentSpanContext: undefined,
  traceState: undefined,
  name: 'tcp.connect',
  id: '585b7a767fb44af2',
  kind: 0,
  timestamp: 1785001440317000,
  duration: 15644.5,
  attributes: {
    'net.transport': 'ip_tcp',
    'net.peer.name': 'localhost',
    'net.peer.port': 6380,
    'net.peer.ip': '::1',
    'net.host.ip': '::1',
    'net.host.port': 53163
  },
  status: { code: 0 },
  events: [],
  links: []
}
{
  resource: {
    attributes: {
      'host.name': 'Arunesh',
      'host.arch': 'amd64',
      'host.id': '961ee426-227a-4c11-9579-fdfc83a68919',
      'process.pid': 29064,
      'process.executable.name': 'Administrator:  C:\\WINDOWS\\system32\\cmd.exe ',
      'process.executable.path': 'C:\\Program Files\\nodejs\\node.exe',
      'process.command_args': [
        'C:\\Program Files\\nodejs\\node.exe',
        'C:\\Users\\Administrator\\.gemini\\antigravity_old\\scratch_old\\tallyme\\apps\\backend\\dist\\src\\main.js'
      ],
      'process.runtime.version': '24.12.0',
      'process.runtime.name': 'nodejs',
      'process.runtime.description': 'Node.js',
      'process.command': 'C:\\Users\\Administrator\\.gemini\\antigravity_old\\scratch_old\\tallyme\\apps\\backend\\dist\\src\\main.js',
      'process.owner': 'Administrator',
      'service.name': 'unknown_service:node',
      'telemetry.sdk.language': 'nodejs',
      'telemetry.sdk.name': 'opentelemetry',
      'telemetry.sdk.version': '2.10.0'
    }
  },
  instrumentationScope: {
    name: '@opentelemetry/instrumentation-net',
    version: '0.64.0',
    schemaUrl: undefined
  },
  traceId: '094ea94955f8057a27ef9ef69552edce',
  parentSpanContext: {
    traceId: '094ea94955f8057a27ef9ef69552edce',
    spanId: '4c79e4b0e1921bfe',
    traceFlags: 1,
    traceState: undefined
  },
  traceState: undefined,
  name: 'tcp.connect',
  id: 'fb56f41ec1081271',
  kind: 0,
  timestamp: 1785001440318000,
  duration: 15636.2,
  attributes: {
    'net.transport': 'ip_tcp',
    'net.peer.name': 'localhost',
    'net.peer.port': 6380,
    'net.peer.ip': '::1',
    'net.host.ip': '::1',
    'net.host.port': 53164
  },
  status: { code: 0 },
  events: [],
  links: []
}
{
  resource: {
    attributes: {
      'host.name': 'Arunesh',
      'host.arch': 'amd64',
      'host.id': '961ee426-227a-4c11-9579-fdfc83a68919',
      'process.pid': 29064,
      'process.executable.name': 'Administrator:  C:\\WINDOWS\\system32\\cmd.exe ',
      'process.executable.path': 'C:\\Program Files\\nodejs\\node.exe',
      'process.command_args': [
        'C:\\Program Files\\nodejs\\node.exe',
        'C:\\Users\\Administrator\\.gemini\\antigravity_old\\scratch_old\\tallyme\\apps\\backend\\dist\\src\\main.js'
      ],
      'process.runtime.version': '24.12.0',
      'process.runtime.name': 'nodejs',
      'process.runtime.description': 'Node.js',
      'process.command': 'C:\\Users\\Administrator\\.gemini\\antigravity_old\\scratch_old\\tallyme\\apps\\backend\\dist\\src\\main.js',
      'process.owner': 'Administrator',
      'service.name': 'unknown_service:node',
      'telemetry.sdk.language': 'nodejs',
      'telemetry.sdk.name': 'opentelemetry',
      'telemetry.sdk.version': '2.10.0'
    }
  },
  instrumentationScope: {
    name: '@opentelemetry/instrumentation-ioredis',
    version: '0.68.0',
    schemaUrl: undefined
  },
  traceId: '094ea94955f8057a27ef9ef69552edce',
  parentSpanContext: {
    traceId: '094ea94955f8057a27ef9ef69552edce',
    spanId: '4c79e4b0e1921bfe',
    traceFlags: 1,
    traceState: undefined
  },
  traceState: undefined,
  name: 'connect',
  id: '6cedb309e0efcee4',
  kind: 2,
  timestamp: 1785001440334000,
  duration: 36.5,
  attributes: {
    'db.system': 'redis',
    'db.statement': 'connect',
    'db.connection_string': 'redis://localhost:6380',
    'net.peer.name': 'localhost',
    'net.peer.port': 6380
  },
  status: { code: 0 },
  events: [],
  links: []
}
{
  resource: {
    attributes: {
      'host.name': 'Arunesh',
      'host.arch': 'amd64',
      'host.id': '961ee426-227a-4c11-9579-fdfc83a68919',
      'process.pid': 29064,
      'process.executable.name': 'Administrator:  C:\\WINDOWS\\system32\\cmd.exe ',
      'process.executable.path': 'C:\\Program Files\\nodejs\\node.exe',
      'process.command_args': [
        'C:\\Program Files\\nodejs\\node.exe',
        'C:\\Users\\Administrator\\.gemini\\antigravity_old\\scratch_old\\tallyme\\apps\\backend\\dist\\src\\main.js'
      ],
      'process.runtime.version': '24.12.0',
      'process.runtime.name': 'nodejs',
      'process.runtime.description': 'Node.js',
      'process.command': 'C:\\Users\\Administrator\\.gemini\\antigravity_old\\scratch_old\\tallyme\\apps\\backend\\dist\\src\\main.js',
      'process.owner': 'Administrator',
      'service.name': 'unknown_service:node',
      'telemetry.sdk.language': 'nodejs',
      'telemetry.sdk.name': 'opentelemetry',
      'telemetry.sdk.version': '2.10.0'
    }
  },
  instrumentationScope: {
    name: '@opentelemetry/instrumentation-dns',
    version: '0.63.0',
    schemaUrl: undefined
  },
  traceId: '094ea94955f8057a27ef9ef69552edce',
  parentSpanContext: {
    traceId: '094ea94955f8057a27ef9ef69552edce',
    spanId: '4c79e4b0e1921bfe',
    traceFlags: 1,
    traceState: undefined
  },
  traceState: undefined,
  name: 'dns.lookup',
  id: '4cefc9aeba33399d',
  kind: 2,
  timestamp: 1785001440325000,
  duration: 9293.2,
  attributes: { 'peer.ipv6': '::1', 'peer[1].ipv4': '127.0.0.1' },
  status: { code: 0 },
  events: [],
  links: []
}
{
  resource: {
    attributes: {
      'host.name': 'Arunesh',
      'host.arch': 'amd64',
      'host.id': '961ee426-227a-4c11-9579-fdfc83a68919',
      'process.pid': 29064,
      'process.executable.name': 'Administrator:  C:\\WINDOWS\\system32\\cmd.exe ',
      'process.executable.path': 'C:\\Program Files\\nodejs\\node.exe',
      'process.command_args': [
        'C:\\Program Files\\nodejs\\node.exe',
        'C:\\Users\\Administrator\\.gemini\\antigravity_old\\scratch_old\\tallyme\\apps\\backend\\dist\\src\\main.js'
      ],
      'process.runtime.version': '24.12.0',
      'process.runtime.name': 'nodejs',
      'process.runtime.description': 'Node.js',
      'process.command': 'C:\\Users\\Administrator\\.gemini\\antigravity_old\\scratch_old\\tallyme\\apps\\backend\\dist\\src\\main.js',
      'process.owner': 'Administrator',
      'service.name': 'unknown_service:node',
      'telemetry.sdk.language': 'nodejs',
      'telemetry.sdk.name': 'opentelemetry',
      'telemetry.sdk.version': '2.10.0'
    }
  },
  instrumentationScope: {
    name: '@opentelemetry/instrumentation-dns',
    version: '0.63.0',
    schemaUrl: undefined
  },
  traceId: '094ea94955f8057a27ef9ef69552edce',
  parentSpanContext: {
    traceId: '094ea94955f8057a27ef9ef69552edce',
    spanId: '4c79e4b0e1921bfe',
    traceFlags: 1,
    traceState: undefined
  },
  traceState: undefined,
  name: 'dns.lookup',
  id: 'ba4601f16c07c414',
  kind: 2,
  timestamp: 1785001440326000,
  duration: 9885.7,
  attributes: { 'peer.ipv6': '::1', 'peer[1].ipv4': '127.0.0.1' },
  status: { code: 0 },
  events: [],
  links: []
}
{
  resource: {
    attributes: {
      'host.name': 'Arunesh',
      'host.arch': 'amd64',
      'host.id': '961ee426-227a-4c11-9579-fdfc83a68919',
      'process.pid': 29064,
      'process.executable.name': 'Administrator:  C:\\WINDOWS\\system32\\cmd.exe ',
      'process.executable.path': 'C:\\Program Files\\nodejs\\node.exe',
      'process.command_args': [
        'C:\\Program Files\\nodejs\\node.exe',
        'C:\\Users\\Administrator\\.gemini\\antigravity_old\\scratch_old\\tallyme\\apps\\backend\\dist\\src\\main.js'
      ],
      'process.runtime.version': '24.12.0',
      'process.runtime.name': 'nodejs',
      'process.runtime.description': 'Node.js',
      'process.command': 'C:\\Users\\Administrator\\.gemini\\antigravity_old\\scratch_old\\tallyme\\apps\\backend\\dist\\src\\main.js',
      'process.owner': 'Administrator',
      'service.name': 'unknown_service:node',
      'telemetry.sdk.language': 'nodejs',
      'telemetry.sdk.name': 'opentelemetry',
      'telemetry.sdk.version': '2.10.0'
    }
  },
  instrumentationScope: {
    name: '@opentelemetry/instrumentation-dns',
    version: '0.63.0',
    schemaUrl: undefined
  },
  traceId: '094ea94955f8057a27ef9ef69552edce',
  parentSpanContext: {
    traceId: '094ea94955f8057a27ef9ef69552edce',
    spanId: '4c79e4b0e1921bfe',
    traceFlags: 1,
    traceState: undefined
  },
  traceState: undefined,
  name: 'dns.lookup',
  id: '949a279c9dcc61b9',
  kind: 2,
  timestamp: 1785001440326000,
  duration: 10049.2,
  attributes: { 'peer.ipv6': '::1', 'peer[1].ipv4': '127.0.0.1' },
  status: { code: 0 },
  events: [],
  links: []
}
{
  resource: {
    attributes: {
      'host.name': 'Arunesh',
      'host.arch': 'amd64',
      'host.id': '961ee426-227a-4c11-9579-fdfc83a68919',
      'process.pid': 29064,
      'process.executable.name': 'Administrator:  C:\\WINDOWS\\system32\\cmd.exe ',
      'process.executable.path': 'C:\\Program Files\\nodejs\\node.exe',
      'process.command_args': [
        'C:\\Program Files\\nodejs\\node.exe',
        'C:\\Users\\Administrator\\.gemini\\antigravity_old\\scratch_old\\tallyme\\apps\\backend\\dist\\src\\main.js'
      ],
      'process.runtime.version': '24.12.0',
      'process.runtime.name': 'nodejs',
      'process.runtime.description': 'Node.js',
      'process.command': 'C:\\Users\\Administrator\\.gemini\\antigravity_old\\scratch_old\\tallyme\\apps\\backend\\dist\\src\\main.js',
      'process.owner': 'Administrator',
      'service.name': 'unknown_service:node',
      'telemetry.sdk.language': 'nodejs',
      'telemetry.sdk.name': 'opentelemetry',
      'telemetry.sdk.version': '2.10.0'
    }
  },
  instrumentationScope: {
    name: '@opentelemetry/instrumentation-dns',
    version: '0.63.0',
    schemaUrl: undefined
  },
  traceId: '094ea94955f8057a27ef9ef69552edce',
  parentSpanContext: {
    traceId: '094ea94955f8057a27ef9ef69552edce',
    spanId: '4c79e4b0e1921bfe',
    traceFlags: 1,
    traceState: undefined
  },
  traceState: undefined,
  name: 'dns.lookup',
  id: '9e71548f8a08401f',
  kind: 2,
  timestamp: 1785001440326000,
  duration: 10636.7,
  attributes: { 'peer.ipv6': '::1', 'peer[1].ipv4': '127.0.0.1' },
  status: { code: 0 },
  events: [],
  links: []
}
{
  resource: {
    attributes: {
      'host.name': 'Arunesh',
      'host.arch': 'amd64',
      'host.id': '961ee426-227a-4c11-9579-fdfc83a68919',
      'process.pid': 29064,
      'process.executable.name': 'Administrator:  C:\\WINDOWS\\system32\\cmd.exe ',
      'process.executable.path': 'C:\\Program Files\\nodejs\\node.exe',
      'process.command_args': [
        'C:\\Program Files\\nodejs\\node.exe',
        'C:\\Users\\Administrator\\.gemini\\antigravity_old\\scratch_old\\tallyme\\apps\\backend\\dist\\src\\main.js'
      ],
      'process.runtime.version': '24.12.0',
      'process.runtime.name': 'nodejs',
      'process.runtime.description': 'Node.js',
      'process.command': 'C:\\Users\\Administrator\\.gemini\\antigravity_old\\scratch_old\\tallyme\\apps\\backend\\dist\\src\\main.js',
      'process.owner': 'Administrator',
      'service.name': 'unknown_service:node',
      'telemetry.sdk.language': 'nodejs',
      'telemetry.sdk.name': 'opentelemetry',
      'telemetry.sdk.version': '2.10.0'
    }
  },
  instrumentationScope: {
    name: '@opentelemetry/instrumentation-dns',
    version: '0.63.0',
    schemaUrl: undefined
  },
  traceId: '094ea94955f8057a27ef9ef69552edce',
  parentSpanContext: {
    traceId: '094ea94955f8057a27ef9ef69552edce',
    spanId: '4c79e4b0e1921bfe',
    traceFlags: 1,
    traceState: undefined
  },
  traceState: undefined,
  name: 'dns.lookup',
  id: '91f4beac1278138e',
  kind: 2,
  timestamp: 1785001440326000,
  duration: 10571.7,
  attributes: { 'peer.ipv6': '::1', 'peer[1].ipv4': '127.0.0.1' },
  status: { code: 0 },
  events: [],
  links: []
}
{
  resource: {
    attributes: {
      'host.name': 'Arunesh',
      'host.arch': 'amd64',
      'host.id': '961ee426-227a-4c11-9579-fdfc83a68919',
      'process.pid': 29064,
      'process.executable.name': 'Administrator:  C:\\WINDOWS\\system32\\cmd.exe ',
      'process.executable.path': 'C:\\Program Files\\nodejs\\node.exe',
      'process.command_args': [
        'C:\\Program Files\\nodejs\\node.exe',
        'C:\\Users\\Administrator\\.gemini\\antigravity_old\\scratch_old\\tallyme\\apps\\backend\\dist\\src\\main.js'
      ],
      'process.runtime.version': '24.12.0',
      'process.runtime.name': 'nodejs',
      'process.runtime.description': 'Node.js',
      'process.command': 'C:\\Users\\Administrator\\.gemini\\antigravity_old\\scratch_old\\tallyme\\apps\\backend\\dist\\src\\main.js',
      'process.owner': 'Administrator',
      'service.name': 'unknown_service:node',
      'telemetry.sdk.language': 'nodejs',
      'telemetry.sdk.name': 'opentelemetry',
      'telemetry.sdk.version': '2.10.0'
    }
  },
  instrumentationScope: {
    name: '@opentelemetry/instrumentation-net',
    version: '0.64.0',
    schemaUrl: undefined
  },
  traceId: '094ea94955f8057a27ef9ef69552edce',
  parentSpanContext: {
    traceId: '094ea94955f8057a27ef9ef69552edce',
    spanId: '4c79e4b0e1921bfe',
    traceFlags: 1,
    traceState: undefined
  },
  traceState: undefined,
  name: 'tcp.connect',
  id: '2791f93b446535af',
  kind: 0,
  timestamp: 1785001440319000,
  duration: 18716.7,
  attributes: {
    'net.transport': 'ip_tcp',
    'net.peer.name': 'localhost',
    'net.peer.port': 6380,
    'net.peer.ip': '::1',
    'net.host.ip': '::1',
    'net.host.port': 53165
  },
  status: { code: 0 },
  events: [],
  links: []
}
{
  resource: {
    attributes: {
      'host.name': 'Arunesh',
      'host.arch': 'amd64',
      'host.id': '961ee426-227a-4c11-9579-fdfc83a68919',
      'process.pid': 29064,
      'process.executable.name': 'Administrator:  C:\\WINDOWS\\system32\\cmd.exe ',
      'process.executable.path': 'C:\\Program Files\\nodejs\\node.exe',
      'process.command_args': [
        'C:\\Program Files\\nodejs\\node.exe',
        'C:\\Users\\Administrator\\.gemini\\antigravity_old\\scratch_old\\tallyme\\apps\\backend\\dist\\src\\main.js'
      ],
      'process.runtime.version': '24.12.0',
      'process.runtime.name': 'nodejs',
      'process.runtime.description': 'Node.js',
      'process.command': 'C:\\Users\\Administrator\\.gemini\\antigravity_old\\scratch_old\\tallyme\\apps\\backend\\dist\\src\\main.js',
      'process.owner': 'Administrator',
      'service.name': 'unknown_service:node',
      'telemetry.sdk.language': 'nodejs',
      'telemetry.sdk.name': 'opentelemetry',
      'telemetry.sdk.version': '2.10.0'
    }
  },
  instrumentationScope: {
    name: '@opentelemetry/instrumentation-net',
    version: '0.64.0',
    schemaUrl: undefined
  },
  traceId: '094ea94955f8057a27ef9ef69552edce',
  parentSpanContext: {
    traceId: '094ea94955f8057a27ef9ef69552edce',
    spanId: '4c79e4b0e1921bfe',
    traceFlags: 1,
    traceState: undefined
  },
  traceState: undefined,
  name: 'tcp.connect',
  id: '997b810e71f04c8c',
  kind: 0,
  timestamp: 1785001440319000,
  duration: 18803.9,
  attributes: {
    'net.transport': 'ip_tcp',
    'net.peer.name': 'localhost',
    'net.peer.port': 6380,
    'net.peer.ip': '::1',
    'net.host.ip': '::1',
    'net.host.port': 53166
  },
  status: { code: 0 },
  events: [],
  links: []
}
{
  resource: {
    attributes: {
      'host.name': 'Arunesh',
      'host.arch': 'amd64',
      'host.id': '961ee426-227a-4c11-9579-fdfc83a68919',
      'process.pid': 29064,
      'process.executable.name': 'Administrator:  C:\\WINDOWS\\system32\\cmd.exe ',
      'process.executable.path': 'C:\\Program Files\\nodejs\\node.exe',
      'process.command_args': [
        'C:\\Program Files\\nodejs\\node.exe',
        'C:\\Users\\Administrator\\.gemini\\antigravity_old\\scratch_old\\tallyme\\apps\\backend\\dist\\src\\main.js'
      ],
      'process.runtime.version': '24.12.0',
      'process.runtime.name': 'nodejs',
      'process.runtime.description': 'Node.js',
      'process.command': 'C:\\Users\\Administrator\\.gemini\\antigravity_old\\scratch_old\\tallyme\\apps\\backend\\dist\\src\\main.js',
      'process.owner': 'Administrator',
      'service.name': 'unknown_service:node',
      'telemetry.sdk.language': 'nodejs',
      'telemetry.sdk.name': 'opentelemetry',
      'telemetry.sdk.version': '2.10.0'
    }
  },
  instrumentationScope: {
    name: '@opentelemetry/instrumentation-net',
    version: '0.64.0',
    schemaUrl: undefined
  },
  traceId: 'bb3897fe76925a486f37254529ec0a60',
  parentSpanContext: undefined,
  traceState: undefined,
  name: 'tcp.connect',
  id: 'adcecbc7e9f206f5',
  kind: 0,
  timestamp: 1785001440320000,
  duration: 18211.7,
  attributes: {
    'net.transport': 'ip_tcp',
    'net.peer.name': 'localhost',
    'net.peer.port': 6380,
    'net.peer.ip': '::1',
    'net.host.ip': '::1',
    'net.host.port': 53167
  },
  status: { code: 0 },
  events: [],
  links: []
}
{
  resource: {
    attributes: {
      'host.name': 'Arunesh',
      'host.arch': 'amd64',
      'host.id': '961ee426-227a-4c11-9579-fdfc83a68919',
      'process.pid': 29064,
      'process.executable.name': 'Administrator:  C:\\WINDOWS\\system32\\cmd.exe ',
      'process.executable.path': 'C:\\Program Files\\nodejs\\node.exe',
      'process.command_args': [
        'C:\\Program Files\\nodejs\\node.exe',
        'C:\\Users\\Administrator\\.gemini\\antigravity_old\\scratch_old\\tallyme\\apps\\backend\\dist\\src\\main.js'
      ],
      'process.runtime.version': '24.12.0',
      'process.runtime.name': 'nodejs',
      'process.runtime.description': 'Node.js',
      'process.command': 'C:\\Users\\Administrator\\.gemini\\antigravity_old\\scratch_old\\tallyme\\apps\\backend\\dist\\src\\main.js',
      'process.owner': 'Administrator',
      'service.name': 'unknown_service:node',
      'telemetry.sdk.language': 'nodejs',
      'telemetry.sdk.name': 'opentelemetry',
      'telemetry.sdk.version': '2.10.0'
    }
  },
  instrumentationScope: {
    name: '@opentelemetry/instrumentation-net',
    version: '0.64.0',
    schemaUrl: undefined
  },
  traceId: '094ea94955f8057a27ef9ef69552edce',
  parentSpanContext: {
    traceId: '094ea94955f8057a27ef9ef69552edce',
    spanId: '4c79e4b0e1921bfe',
    traceFlags: 1,
    traceState: undefined
  },
  traceState: undefined,
  name: 'tcp.connect',
  id: '8fe63b2302ee654b',
  kind: 0,
  timestamp: 1785001440320000,
  duration: 18661.1,
  attributes: {
    'net.transport': 'ip_tcp',
    'net.peer.name': 'localhost',
    'net.peer.port': 6380,
    'net.peer.ip': '::1',
    'net.host.ip': '::1',
    'net.host.port': 53168
  },
  status: { code: 0 },
  events: [],
  links: []
}
{
  resource: {
    attributes: {
      'host.name': 'Arunesh',
      'host.arch': 'amd64',
      'host.id': '961ee426-227a-4c11-9579-fdfc83a68919',
      'process.pid': 29064,
      'process.executable.name': 'Administrator:  C:\\WINDOWS\\system32\\cmd.exe ',
      'process.executable.path': 'C:\\Program Files\\nodejs\\node.exe',
      'process.command_args': [
        'C:\\Program Files\\nodejs\\node.exe',
        'C:\\Users\\Administrator\\.gemini\\antigravity_old\\scratch_old\\tallyme\\apps\\backend\\dist\\src\\main.js'
      ],
      'process.runtime.version': '24.12.0',
      'process.runtime.name': 'nodejs',
      'process.runtime.description': 'Node.js',
      'process.command': 'C:\\Users\\Administrator\\.gemini\\antigravity_old\\scratch_old\\tallyme\\apps\\backend\\dist\\src\\main.js',
      'process.owner': 'Administrator',
      'service.name': 'unknown_service:node',
      'telemetry.sdk.language': 'nodejs',
      'telemetry.sdk.name': 'opentelemetry',
      'telemetry.sdk.version': '2.10.0'
    }
  },
  instrumentationScope: {
    name: '@opentelemetry/instrumentation-net',
    version: '0.64.0',
    schemaUrl: undefined
  },
  traceId: '094ea94955f8057a27ef9ef69552edce',
  parentSpanContext: {
    traceId: '094ea94955f8057a27ef9ef69552edce',
    spanId: '4c79e4b0e1921bfe',
    traceFlags: 1,
    traceState: undefined
  },
  traceState: undefined,
  name: 'tcp.connect',
  id: '92a699146d455b1e',
  kind: 0,
  timestamp: 1785001440320000,
  duration: 18173.5,
  attributes: {
    'net.transport': 'ip_tcp',
    'net.peer.name': 'localhost',
    'net.peer.port': 6380,
    'net.peer.ip': '::1',
    'net.host.ip': '::1',
    'net.host.port': 53169
  },
  status: { code: 0 },
  events: [],
  links: []
}
{
  resource: {
    attributes: {
      'host.name': 'Arunesh',
      'host.arch': 'amd64',
      'host.id': '961ee426-227a-4c11-9579-fdfc83a68919',
      'process.pid': 29064,
      'process.executable.name': 'Administrator:  C:\\WINDOWS\\system32\\cmd.exe ',
      'process.executable.path': 'C:\\Program Files\\nodejs\\node.exe',
      'process.command_args': [
        'C:\\Program Files\\nodejs\\node.exe',
        'C:\\Users\\Administrator\\.gemini\\antigravity_old\\scratch_old\\tallyme\\apps\\backend\\dist\\src\\main.js'
      ],
      'process.runtime.version': '24.12.0',
      'process.runtime.name': 'nodejs',
      'process.runtime.description': 'Node.js',
      'process.command': 'C:\\Users\\Administrator\\.gemini\\antigravity_old\\scratch_old\\tallyme\\apps\\backend\\dist\\src\\main.js',
      'process.owner': 'Administrator',
      'service.name': 'unknown_service:node',
      'telemetry.sdk.language': 'nodejs',
      'telemetry.sdk.name': 'opentelemetry',
      'telemetry.sdk.version': '2.10.0'
    }
  },
  instrumentationScope: {
    name: '@opentelemetry/instrumentation-net',
    version: '0.64.0',
    schemaUrl: undefined
  },
  traceId: '094ea94955f8057a27ef9ef69552edce',
  parentSpanContext: {
    traceId: '094ea94955f8057a27ef9ef69552edce',
    spanId: '4c79e4b0e1921bfe',
    traceFlags: 1,
    traceState: undefined
  },
  traceState: undefined,
  name: 'tcp.connect',
  id: '495504c59587848e',
  kind: 0,
  timestamp: 1785001440325000,
  duration: 14528.2,
  attributes: {
    'net.transport': 'ip_tcp',
    'net.peer.name': 'localhost',
    'net.peer.port': 6380,
    'net.peer.ip': '::1',
    'net.host.ip': '::1',
    'net.host.port': 53171
  },
  status: { code: 0 },
  events: [],
  links: []
}
{
  resource: {
    attributes: {
      'host.name': 'Arunesh',
      'host.arch': 'amd64',
      'host.id': '961ee426-227a-4c11-9579-fdfc83a68919',
      'process.pid': 29064,
      'process.executable.name': 'Administrator:  C:\\WINDOWS\\system32\\cmd.exe ',
      'process.executable.path': 'C:\\Program Files\\nodejs\\node.exe',
      'process.command_args': [
        'C:\\Program Files\\nodejs\\node.exe',
        'C:\\Users\\Administrator\\.gemini\\antigravity_old\\scratch_old\\tallyme\\apps\\backend\\dist\\src\\main.js'
      ],
      'process.runtime.version': '24.12.0',
      'process.runtime.name': 'nodejs',
      'process.runtime.description': 'Node.js',
      'process.command': 'C:\\Users\\Administrator\\.gemini\\antigravity_old\\scratch_old\\tallyme\\apps\\backend\\dist\\src\\main.js',
      'process.owner': 'Administrator',
      'service.name': 'unknown_service:node',
      'telemetry.sdk.language': 'nodejs',
      'telemetry.sdk.name': 'opentelemetry',
      'telemetry.sdk.version': '2.10.0'
    }
  },
  instrumentationScope: {
    name: '@opentelemetry/instrumentation-dns',
    version: '0.63.0',
    schemaUrl: undefined
  },
  traceId: '094ea94955f8057a27ef9ef69552edce',
  parentSpanContext: {
    traceId: '094ea94955f8057a27ef9ef69552edce',
    spanId: '4c79e4b0e1921bfe',
    traceFlags: 1,
    traceState: undefined
  },
  traceState: undefined,
  name: 'dns.lookup',
  id: 'aed441165664ac29',
  kind: 2,
  timestamp: 1785001440335000,
  duration: 5362.9,
  attributes: { 'peer.ipv6': '::1', 'peer[1].ipv4': '127.0.0.1' },
  status: { code: 0 },
  events: [],
  links: []
}
{
  resource: {
    attributes: {
      'host.name': 'Arunesh',
      'host.arch': 'amd64',
      'host.id': '961ee426-227a-4c11-9579-fdfc83a68919',
      'process.pid': 29064,
      'process.executable.name': 'Administrator:  C:\\WINDOWS\\system32\\cmd.exe ',
      'process.executable.path': 'C:\\Program Files\\nodejs\\node.exe',
      'process.command_args': [
        'C:\\Program Files\\nodejs\\node.exe',
        'C:\\Users\\Administrator\\.gemini\\antigravity_old\\scratch_old\\tallyme\\apps\\backend\\dist\\src\\main.js'
      ],
      'process.runtime.version': '24.12.0',
      'process.runtime.name': 'nodejs',
      'process.runtime.description': 'Node.js',
      'process.command': 'C:\\Users\\Administrator\\.gemini\\antigravity_old\\scratch_old\\tallyme\\apps\\backend\\dist\\src\\main.js',
      'process.owner': 'Administrator',
      'service.name': 'unknown_service:node',
      'telemetry.sdk.language': 'nodejs',
      'telemetry.sdk.name': 'opentelemetry',
      'telemetry.sdk.version': '2.10.0'
    }
  },
  instrumentationScope: {
    name: '@opentelemetry/instrumentation-net',
    version: '0.64.0',
    schemaUrl: undefined
  },
  traceId: '094ea94955f8057a27ef9ef69552edce',
  parentSpanContext: {
    traceId: '094ea94955f8057a27ef9ef69552edce',
    spanId: '4c79e4b0e1921bfe',
    traceFlags: 1,
    traceState: undefined
  },
  traceState: undefined,
  name: 'tcp.connect',
  id: 'fd00da5c384d26af',
  kind: 0,
  timestamp: 1785001440325000,
  duration: 15291.7,
  attributes: {
    'net.transport': 'ip_tcp',
    'net.peer.name': 'localhost',
    'net.peer.port': 6380,
    'net.peer.ip': '::1',
    'net.host.ip': '::1',
    'net.host.port': 53173
  },
  status: { code: 0 },
  events: [],
  links: []
}
{
  resource: {
    attributes: {
      'host.name': 'Arunesh',
      'host.arch': 'amd64',
      'host.id': '961ee426-227a-4c11-9579-fdfc83a68919',
      'process.pid': 29064,
      'process.executable.name': 'Administrator:  C:\\WINDOWS\\system32\\cmd.exe ',
      'process.executable.path': 'C:\\Program Files\\nodejs\\node.exe',
      'process.command_args': [
        'C:\\Program Files\\nodejs\\node.exe',
        'C:\\Users\\Administrator\\.gemini\\antigravity_old\\scratch_old\\tallyme\\apps\\backend\\dist\\src\\main.js'
      ],
      'process.runtime.version': '24.12.0',
      'process.runtime.name': 'nodejs',
      'process.runtime.description': 'Node.js',
      'process.command': 'C:\\Users\\Administrator\\.gemini\\antigravity_old\\scratch_old\\tallyme\\apps\\backend\\dist\\src\\main.js',
      'process.owner': 'Administrator',
      'service.name': 'unknown_service:node',
      'telemetry.sdk.language': 'nodejs',
      'telemetry.sdk.name': 'opentelemetry',
      'telemetry.sdk.version': '2.10.0'
    }
  },
  instrumentationScope: {
    name: '@opentelemetry/instrumentation-net',
    version: '0.64.0',
    schemaUrl: undefined
  },
  traceId: '094ea94955f8057a27ef9ef69552edce',
  parentSpanContext: {
    traceId: '094ea94955f8057a27ef9ef69552edce',
    spanId: '4c79e4b0e1921bfe',
    traceFlags: 1,
    traceState: undefined
  },
  traceState: undefined,
  name: 'tcp.connect',
  id: '9ee8fc85dc5387ca',
  kind: 0,
  timestamp: 1785001440326000,
  duration: 15513.2,
  attributes: {
    'net.transport': 'ip_tcp',
    'net.peer.name': 'localhost',
    'net.peer.port': 6380,
    'net.peer.ip': '::1',
    'net.host.ip': '::1',
    'net.host.port': 53175
  },
  status: { code: 0 },
  events: [],
  links: []
}
{
  resource: {
    attributes: {
      'host.name': 'Arunesh',
      'host.arch': 'amd64',
      'host.id': '961ee426-227a-4c11-9579-fdfc83a68919',
      'process.pid': 29064,
      'process.executable.name': 'Administrator:  C:\\WINDOWS\\system32\\cmd.exe ',
      'process.executable.path': 'C:\\Program Files\\nodejs\\node.exe',
      'process.command_args': [
        'C:\\Program Files\\nodejs\\node.exe',
        'C:\\Users\\Administrator\\.gemini\\antigravity_old\\scratch_old\\tallyme\\apps\\backend\\dist\\src\\main.js'
      ],
      'process.runtime.version': '24.12.0',
      'process.runtime.name': 'nodejs',
      'process.runtime.description': 'Node.js',
      'process.command': 'C:\\Users\\Administrator\\.gemini\\antigravity_old\\scratch_old\\tallyme\\apps\\backend\\dist\\src\\main.js',
      'process.owner': 'Administrator',
      'service.name': 'unknown_service:node',
      'telemetry.sdk.language': 'nodejs',
      'telemetry.sdk.name': 'opentelemetry',
      'telemetry.sdk.version': '2.10.0'
    }
  },
  instrumentationScope: {
    name: '@opentelemetry/instrumentation-net',
    version: '0.64.0',
    schemaUrl: undefined
  },
  traceId: '094ea94955f8057a27ef9ef69552edce',
  parentSpanContext: {
    traceId: '094ea94955f8057a27ef9ef69552edce',
    spanId: '4c79e4b0e1921bfe',
    traceFlags: 1,
    traceState: undefined
  },
  traceState: undefined,
  name: 'tcp.connect',
  id: '8f1b9d4ad598613c',
  kind: 0,
  timestamp: 1785001440326000,
  duration: 15214.3,
  attributes: {
    'net.transport': 'ip_tcp',
    'net.peer.name': 'localhost',
    'net.peer.port': 6380,
    'net.peer.ip': '::1',
    'net.host.ip': '::1',
    'net.host.port': 53177
  },
  status: { code: 0 },
  events: [],
  links: []
}
{
  resource: {
    attributes: {
      'host.name': 'Arunesh',
      'host.arch': 'amd64',
      'host.id': '961ee426-227a-4c11-9579-fdfc83a68919',
      'process.pid': 29064,
      'process.executable.name': 'Administrator:  C:\\WINDOWS\\system32\\cmd.exe ',
      'process.executable.path': 'C:\\Program Files\\nodejs\\node.exe',
      'process.command_args': [
        'C:\\Program Files\\nodejs\\node.exe',
        'C:\\Users\\Administrator\\.gemini\\antigravity_old\\scratch_old\\tallyme\\apps\\backend\\dist\\src\\main.js'
      ],
      'process.runtime.version': '24.12.0',
      'process.runtime.name': 'nodejs',
      'process.runtime.description': 'Node.js',
      'process.command': 'C:\\Users\\Administrator\\.gemini\\antigravity_old\\scratch_old\\tallyme\\apps\\backend\\dist\\src\\main.js',
      'process.owner': 'Administrator',
      'service.name': 'unknown_service:node',
      'telemetry.sdk.language': 'nodejs',
      'telemetry.sdk.name': 'opentelemetry',
      'telemetry.sdk.version': '2.10.0'
    }
  },
  instrumentationScope: {
    name: '@opentelemetry/instrumentation-net',
    version: '0.64.0',
    schemaUrl: undefined
  },
  traceId: '094ea94955f8057a27ef9ef69552edce',
  parentSpanContext: {
    traceId: '094ea94955f8057a27ef9ef69552edce',
    spanId: '4c79e4b0e1921bfe',
    traceFlags: 1,
    traceState: undefined
  },
  traceState: undefined,
  name: 'tcp.connect',
  id: 'c212f0f91b84e063',
  kind: 0,
  timestamp: 1785001440326000,
  duration: 15769.4,
  attributes: {
    'net.transport': 'ip_tcp',
    'net.peer.name': 'localhost',
    'net.peer.port': 6380,
    'net.peer.ip': '::1',
    'net.host.ip': '::1',
    'net.host.port': 53179
  },
  status: { code: 0 },
  events: [],
  links: []
}
{
  resource: {
    attributes: {
      'host.name': 'Arunesh',
      'host.arch': 'amd64',
      'host.id': '961ee426-227a-4c11-9579-fdfc83a68919',
      'process.pid': 29064,
      'process.executable.name': 'Administrator:  C:\\WINDOWS\\system32\\cmd.exe ',
      'process.executable.path': 'C:\\Program Files\\nodejs\\node.exe',
      'process.command_args': [
        'C:\\Program Files\\nodejs\\node.exe',
        'C:\\Users\\Administrator\\.gemini\\antigravity_old\\scratch_old\\tallyme\\apps\\backend\\dist\\src\\main.js'
      ],
      'process.runtime.version': '24.12.0',
      'process.runtime.name': 'nodejs',
      'process.runtime.description': 'Node.js',
      'process.command': 'C:\\Users\\Administrator\\.gemini\\antigravity_old\\scratch_old\\tallyme\\apps\\backend\\dist\\src\\main.js',
      'process.owner': 'Administrator',
      'service.name': 'unknown_service:node',
      'telemetry.sdk.language': 'nodejs',
      'telemetry.sdk.name': 'opentelemetry',
      'telemetry.sdk.version': '2.10.0'
    }
  },
  instrumentationScope: {
    name: '@opentelemetry/instrumentation-net',
    version: '0.64.0',
    schemaUrl: undefined
  },
  traceId: '094ea94955f8057a27ef9ef69552edce',
  parentSpanContext: {
    traceId: '094ea94955f8057a27ef9ef69552edce',
    spanId: '4c79e4b0e1921bfe',
    traceFlags: 1,
    traceState: undefined
  },
  traceState: undefined,
  name: 'tcp.connect',
  id: '835cf75d44e57a04',
  kind: 0,
  timestamp: 1785001440326000,
  duration: 15692.5,
  attributes: {
    'net.transport': 'ip_tcp',
    'net.peer.name': 'localhost',
    'net.peer.port': 6380,
    'net.peer.ip': '::1',
    'net.host.ip': '::1',
    'net.host.port': 53180
  },
  status: { code: 0 },
  events: [],
  links: []
}
{
  resource: {
    attributes: {
      'host.name': 'Arunesh',
      'host.arch': 'amd64',
      'host.id': '961ee426-227a-4c11-9579-fdfc83a68919',
      'process.pid': 29064,
      'process.executable.name': 'Administrator:  C:\\WINDOWS\\system32\\cmd.exe ',
      'process.executable.path': 'C:\\Program Files\\nodejs\\node.exe',
      'process.command_args': [
        'C:\\Program Files\\nodejs\\node.exe',
        'C:\\Users\\Administrator\\.gemini\\antigravity_old\\scratch_old\\tallyme\\apps\\backend\\dist\\src\\main.js'
      ],
      'process.runtime.version': '24.12.0',
      'process.runtime.name': 'nodejs',
      'process.runtime.description': 'Node.js',
      'process.command': 'C:\\Users\\Administrator\\.gemini\\antigravity_old\\scratch_old\\tallyme\\apps\\backend\\dist\\src\\main.js',
      'process.owner': 'Administrator',
      'service.name': 'unknown_service:node',
      'telemetry.sdk.language': 'nodejs',
      'telemetry.sdk.name': 'opentelemetry',
      'telemetry.sdk.version': '2.10.0'
    }
  },
  instrumentationScope: {
    name: '@opentelemetry/instrumentation-net',
    version: '0.64.0',
    schemaUrl: undefined
  },
  traceId: '094ea94955f8057a27ef9ef69552edce',
  parentSpanContext: {
    traceId: '094ea94955f8057a27ef9ef69552edce',
    spanId: '4c79e4b0e1921bfe',
    traceFlags: 1,
    traceState: undefined
  },
  traceState: undefined,
  name: 'tcp.connect',
  id: 'c9a9a68bec49338a',
  kind: 0,
  timestamp: 1785001440334000,
  duration: 8467.9,
  attributes: {
    'net.transport': 'ip_tcp',
    'net.peer.name': 'localhost',
    'net.peer.port': 6380,
    'net.peer.ip': '::1',
    'net.host.ip': '::1',
    'net.host.port': 53189
  },
  status: { code: 0 },
  events: [],
  links: []
}
{
  resource: {
    attributes: {
      'host.name': 'Arunesh',
      'host.arch': 'amd64',
      'host.id': '961ee426-227a-4c11-9579-fdfc83a68919',
      'process.pid': 29064,
      'process.executable.name': 'Administrator:  C:\\WINDOWS\\system32\\cmd.exe ',
      'process.executable.path': 'C:\\Program Files\\nodejs\\node.exe',
      'process.command_args': [
        'C:\\Program Files\\nodejs\\node.exe',
        'C:\\Users\\Administrator\\.gemini\\antigravity_old\\scratch_old\\tallyme\\apps\\backend\\dist\\src\\main.js'
      ],
      'process.runtime.version': '24.12.0',
      'process.runtime.name': 'nodejs',
      'process.runtime.description': 'Node.js',
      'process.command': 'C:\\Users\\Administrator\\.gemini\\antigravity_old\\scratch_old\\tallyme\\apps\\backend\\dist\\src\\main.js',
      'process.owner': 'Administrator',
      'service.name': 'unknown_service:node',
      'telemetry.sdk.language': 'nodejs',
      'telemetry.sdk.name': 'opentelemetry',
      'telemetry.sdk.version': '2.10.0'
    }
  },
  instrumentationScope: {
    name: '@opentelemetry/instrumentation-dns',
    version: '0.63.0',
    schemaUrl: undefined
  },
  traceId: '061291abecaef7954f658b4b8a6fc053',
  parentSpanContext: undefined,
  traceState: undefined,
  name: 'dns.lookup',
  id: 'f3a95d68204b7b15',
  kind: 2,
  timestamp: 1785001440426000,
  duration: 663.7,
  attributes: { 'peer.ipv6': '::1', 'peer[1].ipv4': '127.0.0.1' },
  status: { code: 0 },
  events: [],
  links: []
}
{
  resource: {
    attributes: {
      'host.name': 'Arunesh',
      'host.arch': 'amd64',
      'host.id': '961ee426-227a-4c11-9579-fdfc83a68919',
      'process.pid': 29064,
      'process.executable.name': 'Administrator:  C:\\WINDOWS\\system32\\cmd.exe ',
      'process.executable.path': 'C:\\Program Files\\nodejs\\node.exe',
      'process.command_args': [
        'C:\\Program Files\\nodejs\\node.exe',
        'C:\\Users\\Administrator\\.gemini\\antigravity_old\\scratch_old\\tallyme\\apps\\backend\\dist\\src\\main.js'
      ],
      'process.runtime.version': '24.12.0',
      'process.runtime.name': 'nodejs',
      'process.runtime.description': 'Node.js',
      'process.command': 'C:\\Users\\Administrator\\.gemini\\antigravity_old\\scratch_old\\tallyme\\apps\\backend\\dist\\src\\main.js',
      'process.owner': 'Administrator',
      'service.name': 'unknown_service:node',
      'telemetry.sdk.language': 'nodejs',
      'telemetry.sdk.name': 'opentelemetry',
      'telemetry.sdk.version': '2.10.0'
    }
  },
  instrumentationScope: {
    name: '@opentelemetry/instrumentation-net',
    version: '0.64.0',
    schemaUrl: undefined
  },
  traceId: '51231c5ea89814321e845dce595b15de',
  parentSpanContext: undefined,
  traceState: undefined,
  name: 'tcp.connect',
  id: '9ec17ef7e0c58806',
  kind: 0,
  timestamp: 1785001440426000,
  duration: 1272.4,
  attributes: {
    'net.transport': 'ip_tcp',
    'net.peer.name': 'localhost',
    'net.peer.port': 6380,
    'net.peer.ip': '::1',
    'net.host.ip': '::1',
    'net.host.port': 53190
  },
  status: { code: 0 },
  events: [],
  links: []
}
{
  resource: {
    attributes: {
      'host.name': 'Arunesh',
      'host.arch': 'amd64',
      'host.id': '961ee426-227a-4c11-9579-fdfc83a68919',
      'process.pid': 29064,
      'process.executable.name': 'Administrator:  C:\\WINDOWS\\system32\\cmd.exe ',
      'process.executable.path': 'C:\\Program Files\\nodejs\\node.exe',
      'process.command_args': [
        'C:\\Program Files\\nodejs\\node.exe',
        'C:\\Users\\Administrator\\.gemini\\antigravity_old\\scratch_old\\tallyme\\apps\\backend\\dist\\src\\main.js'
      ],
      'process.runtime.version': '24.12.0',
      'process.runtime.name': 'nodejs',
      'process.runtime.description': 'Node.js',
      'process.command': 'C:\\Users\\Administrator\\.gemini\\antigravity_old\\scratch_old\\tallyme\\apps\\backend\\dist\\src\\main.js',
      'process.owner': 'Administrator',
      'service.name': 'unknown_service:node',
      'telemetry.sdk.language': 'nodejs',
      'telemetry.sdk.name': 'opentelemetry',
      'telemetry.sdk.version': '2.10.0'
    }
  },
  instrumentationScope: {
    name: '@opentelemetry/instrumentation-dns',
    version: '0.63.0',
    schemaUrl: undefined
  },
  traceId: 'a635714fedefff5d950a3fbdee4b152d',
  parentSpanContext: undefined,
  traceState: undefined,
  name: 'dns.lookup',
  id: 'e4dc44b9e55ef85f',
  kind: 2,
  timestamp: 1785001440886000,
  duration: 532.9,
  attributes: { 'peer.ipv6': '::1', 'peer[1].ipv4': '127.0.0.1' },
  status: { code: 0 },
  events: [],
  links: []
}
{
  resource: {
    attributes: {
      'host.name': 'Arunesh',
      'host.arch': 'amd64',
      'host.id': '961ee426-227a-4c11-9579-fdfc83a68919',
      'process.pid': 29064,
      'process.executable.name': 'Administrator:  C:\\WINDOWS\\system32\\cmd.exe ',
      'process.executable.path': 'C:\\Program Files\\nodejs\\node.exe',
      'process.command_args': [
        'C:\\Program Files\\nodejs\\node.exe',
        'C:\\Users\\Administrator\\.gemini\\antigravity_old\\scratch_old\\tallyme\\apps\\backend\\dist\\src\\main.js'
      ],
      'process.runtime.version': '24.12.0',
      'process.runtime.name': 'nodejs',
      'process.runtime.description': 'Node.js',
      'process.command': 'C:\\Users\\Administrator\\.gemini\\antigravity_old\\scratch_old\\tallyme\\apps\\backend\\dist\\src\\main.js',
      'process.owner': 'Administrator',
      'service.name': 'unknown_service:node',
      'telemetry.sdk.language': 'nodejs',
      'telemetry.sdk.name': 'opentelemetry',
      'telemetry.sdk.version': '2.10.0'
    }
  },
  instrumentationScope: {
    name: '@opentelemetry/instrumentation-net',
    version: '0.64.0',
    schemaUrl: undefined
  },
  traceId: '5e01a556b261ecbb964c54f42e3dce14',
  parentSpanContext: undefined,
  traceState: undefined,
  name: 'tcp.connect',
  id: '44de0b03b1ca64fe',
  kind: 0,
  timestamp: 1785001440885000,
  duration: 1213.8,
  attributes: {
    'net.transport': 'ip_tcp',
    'net.peer.name': 'localhost',
    'net.peer.port': 6380,
    'net.peer.ip': '::1',
    'net.host.ip': '::1',
    'net.host.port': 53194
  },
  status: { code: 0 },
  events: [],
  links: []
}
{
  resource: {
    attributes: {
      'host.name': 'Arunesh',
      'host.arch': 'amd64',
      'host.id': '961ee426-227a-4c11-9579-fdfc83a68919',
      'process.pid': 29064,
      'process.executable.name': 'Administrator:  C:\\WINDOWS\\system32\\cmd.exe ',
      'process.executable.path': 'C:\\Program Files\\nodejs\\node.exe',
      'process.command_args': [
        'C:\\Program Files\\nodejs\\node.exe',
        'C:\\Users\\Administrator\\.gemini\\antigravity_old\\scratch_old\\tallyme\\apps\\backend\\dist\\src\\main.js'
      ],
      'process.runtime.version': '24.12.0',
      'process.runtime.name': 'nodejs',
      'process.runtime.description': 'Node.js',
      'process.command': 'C:\\Users\\Administrator\\.gemini\\antigravity_old\\scratch_old\\tallyme\\apps\\backend\\dist\\src\\main.js',
      'process.owner': 'Administrator',
      'service.name': 'unknown_service:node',
      'telemetry.sdk.language': 'nodejs',
      'telemetry.sdk.name': 'opentelemetry',
      'telemetry.sdk.version': '2.10.0'
    }
  },
  instrumentationScope: {
    name: '@opentelemetry/instrumentation-dns',
    version: '0.63.0',
    schemaUrl: undefined
  },
  traceId: '56b48a644e37572093463717bdd8c0c1',
  parentSpanContext: undefined,
  traceState: undefined,
  name: 'dns.lookup',
  id: 'ec30c32a88963634',
  kind: 2,
  timestamp: 1785001441515000,
  duration: 453.1,
  attributes: { 'peer.ipv6': '::1', 'peer[1].ipv4': '127.0.0.1' },
  status: { code: 0 },
  events: [],
  links: []
}
{
  resource: {
    attributes: {
      'host.name': 'Arunesh',
      'host.arch': 'amd64',
      'host.id': '961ee426-227a-4c11-9579-fdfc83a68919',
      'process.pid': 29064,
      'process.executable.name': 'Administrator:  C:\\WINDOWS\\system32\\cmd.exe ',
      'process.executable.path': 'C:\\Program Files\\nodejs\\node.exe',
      'process.command_args': [
        'C:\\Program Files\\nodejs\\node.exe',
        'C:\\Users\\Administrator\\.gemini\\antigravity_old\\scratch_old\\tallyme\\apps\\backend\\dist\\src\\main.js'
      ],
      'process.runtime.version': '24.12.0',
      'process.runtime.name': 'nodejs',
      'process.runtime.description': 'Node.js',
      'process.command': 'C:\\Users\\Administrator\\.gemini\\antigravity_old\\scratch_old\\tallyme\\apps\\backend\\dist\\src\\main.js',
      'process.owner': 'Administrator',
      'service.name': 'unknown_service:node',
      'telemetry.sdk.language': 'nodejs',
      'telemetry.sdk.name': 'opentelemetry',
      'telemetry.sdk.version': '2.10.0'
    }
  },
  instrumentationScope: {
    name: '@opentelemetry/instrumentation-net',
    version: '0.64.0',
    schemaUrl: undefined
  },
  traceId: '239f30ebcbac4c8d0795d3df7eda7165',
  parentSpanContext: undefined,
  traceState: undefined,
  name: 'tcp.connect',
  id: 'f8f2206fae8800ee',
  kind: 0,
  timestamp: 1785001441515000,
  duration: 1061.1,
  attributes: {
    'net.transport': 'ip_tcp',
    'net.peer.name': 'localhost',
    'net.peer.port': 6380,
    'net.peer.ip': '::1',
    'net.host.ip': '::1',
    'net.host.port': 53198
  },
  status: { code: 0 },
  events: [],
  links: []
}
{
  resource: {
    attributes: {
      'host.name': 'Arunesh',
      'host.arch': 'amd64',
      'host.id': '961ee426-227a-4c11-9579-fdfc83a68919',
      'process.pid': 29064,
      'process.executable.name': 'Administrator:  C:\\WINDOWS\\system32\\cmd.exe ',
      'process.executable.path': 'C:\\Program Files\\nodejs\\node.exe',
      'process.command_args': [
        'C:\\Program Files\\nodejs\\node.exe',
        'C:\\Users\\Administrator\\.gemini\\antigravity_old\\scratch_old\\tallyme\\apps\\backend\\dist\\src\\main.js'
      ],
      'process.runtime.version': '24.12.0',
      'process.runtime.name': 'nodejs',
      'process.runtime.description': 'Node.js',
      'process.command': 'C:\\Users\\Administrator\\.gemini\\antigravity_old\\scratch_old\\tallyme\\apps\\backend\\dist\\src\\main.js',
      'process.owner': 'Administrator',
      'service.name': 'unknown_service:node',
      'telemetry.sdk.language': 'nodejs',
      'telemetry.sdk.name': 'opentelemetry',
      'telemetry.sdk.version': '2.10.0'
    }
  },
  instrumentationScope: {
    name: '@opentelemetry/instrumentation-ioredis',
    version: '0.68.0',
    schemaUrl: undefined
  },
  traceId: '094ea94955f8057a27ef9ef69552edce',
  parentSpanContext: {
    traceId: '094ea94955f8057a27ef9ef69552edce',
    spanId: '4c79e4b0e1921bfe',
    traceFlags: 1,
    traceState: undefined
  },
  traceState: undefined,
  name: 'connect',
  id: '9781fd7234646a3c',
  kind: 2,
  timestamp: 1785001441520000,
  duration: 26.8,
  attributes: {
    'db.system': 'redis',
    'db.statement': 'connect',
    'db.connection_string': 'redis://localhost:6380',
    'net.peer.name': 'localhost',
    'net.peer.port': 6380
  },
  status: { code: 0 },
  events: [],
  links: []
}
{
  resource: {
    attributes: {
      'host.name': 'Arunesh',
      'host.arch': 'amd64',
      'host.id': '961ee426-227a-4c11-9579-fdfc83a68919',
      'process.pid': 29064,
      'process.executable.name': 'Administrator:  C:\\WINDOWS\\system32\\cmd.exe ',
      'process.executable.path': 'C:\\Program Files\\nodejs\\node.exe',
      'process.command_args': [
        'C:\\Program Files\\nodejs\\node.exe',
        'C:\\Users\\Administrator\\.gemini\\antigravity_old\\scratch_old\\tallyme\\apps\\backend\\dist\\src\\main.js'
      ],
      'process.runtime.version': '24.12.0',
      'process.runtime.name': 'nodejs',
      'process.runtime.description': 'Node.js',
      'process.command': 'C:\\Users\\Administrator\\.gemini\\antigravity_old\\scratch_old\\tallyme\\apps\\backend\\dist\\src\\main.js',
      'process.owner': 'Administrator',
      'service.name': 'unknown_service:node',
      'telemetry.sdk.language': 'nodejs',
      'telemetry.sdk.name': 'opentelemetry',
      'telemetry.sdk.version': '2.10.0'
    }
  },
  instrumentationScope: {
    name: '@opentelemetry/instrumentation-ioredis',
    version: '0.68.0',
    schemaUrl: undefined
  },
  traceId: '094ea94955f8057a27ef9ef69552edce',
  parentSpanContext: {
    traceId: '094ea94955f8057a27ef9ef69552edce',
    spanId: '4c79e4b0e1921bfe',
    traceFlags: 1,
    traceState: undefined
  },
  traceState: undefined,
  name: 'connect',
  id: 'acac7834cc1536a6',
  kind: 2,
  timestamp: 1785001441520000,
  duration: 11.3,
  attributes: {
    'db.system': 'redis',
    'db.statement': 'connect',
    'db.connection_string': 'redis://localhost:6380',
    'net.peer.name': 'localhost',
    'net.peer.port': 6380
  },
  status: { code: 0 },
  events: [],
  links: []
}
{
  resource: {
    attributes: {
      'host.name': 'Arunesh',
      'host.arch': 'amd64',
      'host.id': '961ee426-227a-4c11-9579-fdfc83a68919',
      'process.pid': 29064,
      'process.executable.name': 'Administrator:  C:\\WINDOWS\\system32\\cmd.exe ',
      'process.executable.path': 'C:\\Program Files\\nodejs\\node.exe',
      'process.command_args': [
        'C:\\Program Files\\nodejs\\node.exe',
        'C:\\Users\\Administrator\\.gemini\\antigravity_old\\scratch_old\\tallyme\\apps\\backend\\dist\\src\\main.js'
      ],
      'process.runtime.version': '24.12.0',
      'process.runtime.name': 'nodejs',
      'process.runtime.description': 'Node.js',
      'process.command': 'C:\\Users\\Administrator\\.gemini\\antigravity_old\\scratch_old\\tallyme\\apps\\backend\\dist\\src\\main.js',
      'process.owner': 'Administrator',
      'service.name': 'unknown_service:node',
      'telemetry.sdk.language': 'nodejs',
      'telemetry.sdk.name': 'opentelemetry',
      'telemetry.sdk.version': '2.10.0'
    }
  },
  instrumentationScope: {
    name: '@opentelemetry/instrumentation-ioredis',
    version: '0.68.0',
    schemaUrl: undefined
  },
  traceId: '094ea94955f8057a27ef9ef69552edce',
  parentSpanContext: {
    traceId: '094ea94955f8057a27ef9ef69552edce',
    spanId: '4c79e4b0e1921bfe',
    traceFlags: 1,
    traceState: undefined
  },
  traceState: undefined,
  name: 'connect',
  id: '3c0f2704e19dc64c',
  kind: 2,
  timestamp: 1785001441520000,
  duration: 8.5,
  attributes: {
    'db.system': 'redis',
    'db.statement': 'connect',
    'db.connection_string': 'redis://localhost:6380',
    'net.peer.name': 'localhost',
    'net.peer.port': 6380
  },
  status: { code: 0 },
  events: [],
  links: []
}
{
  resource: {
    attributes: {
      'host.name': 'Arunesh',
      'host.arch': 'amd64',
      'host.id': '961ee426-227a-4c11-9579-fdfc83a68919',
      'process.pid': 29064,
      'process.executable.name': 'Administrator:  C:\\WINDOWS\\system32\\cmd.exe ',
      'process.executable.path': 'C:\\Program Files\\nodejs\\node.exe',
      'process.command_args': [
        'C:\\Program Files\\nodejs\\node.exe',
        'C:\\Users\\Administrator\\.gemini\\antigravity_old\\scratch_old\\tallyme\\apps\\backend\\dist\\src\\main.js'
      ],
      'process.runtime.version': '24.12.0',
      'process.runtime.name': 'nodejs',
      'process.runtime.description': 'Node.js',
      'process.command': 'C:\\Users\\Administrator\\.gemini\\antigravity_old\\scratch_old\\tallyme\\apps\\backend\\dist\\src\\main.js',
      'process.owner': 'Administrator',
      'service.name': 'unknown_service:node',
      'telemetry.sdk.language': 'nodejs',
      'telemetry.sdk.name': 'opentelemetry',
      'telemetry.sdk.version': '2.10.0'
    }
  },
  instrumentationScope: {
    name: '@opentelemetry/instrumentation-ioredis',
    version: '0.68.0',
    schemaUrl: undefined
  },
  traceId: '094ea94955f8057a27ef9ef69552edce',
  parentSpanContext: {
    traceId: '094ea94955f8057a27ef9ef69552edce',
    spanId: '4c79e4b0e1921bfe',
    traceFlags: 1,
    traceState: undefined
  },
  traceState: undefined,
  name: 'connect',
  id: '9ac082791a69e3fe',
  kind: 2,
  timestamp: 1785001441520000,
  duration: 6.5,
  attributes: {
    'db.system': 'redis',
    'db.statement': 'connect',
    'db.connection_string': 'redis://localhost:6380',
    'net.peer.name': 'localhost',
    'net.peer.port': 6380
  },
  status: { code: 0 },
  events: [],
  links: []
}
{
  resource: {
    attributes: {
      'host.name': 'Arunesh',
      'host.arch': 'amd64',
      'host.id': '961ee426-227a-4c11-9579-fdfc83a68919',
      'process.pid': 29064,
      'process.executable.name': 'Administrator:  C:\\WINDOWS\\system32\\cmd.exe ',
      'process.executable.path': 'C:\\Program Files\\nodejs\\node.exe',
      'process.command_args': [
        'C:\\Program Files\\nodejs\\node.exe',
        'C:\\Users\\Administrator\\.gemini\\antigravity_old\\scratch_old\\tallyme\\apps\\backend\\dist\\src\\main.js'
      ],
      'process.runtime.version': '24.12.0',
      'process.runtime.name': 'nodejs',
      'process.runtime.description': 'Node.js',
      'process.command': 'C:\\Users\\Administrator\\.gemini\\antigravity_old\\scratch_old\\tallyme\\apps\\backend\\dist\\src\\main.js',
      'process.owner': 'Administrator',
      'service.name': 'unknown_service:node',
      'telemetry.sdk.language': 'nodejs',
      'telemetry.sdk.name': 'opentelemetry',
      'telemetry.sdk.version': '2.10.0'
    }
  },
  instrumentationScope: {
    name: '@opentelemetry/instrumentation-ioredis',
    version: '0.68.0',
    schemaUrl: undefined
  },
  traceId: '094ea94955f8057a27ef9ef69552edce',
  parentSpanContext: {
    traceId: '094ea94955f8057a27ef9ef69552edce',
    spanId: '4c79e4b0e1921bfe',
    traceFlags: 1,
    traceState: undefined
  },
  traceState: undefined,
  name: 'connect',
  id: '04eab381d349b134',
  kind: 2,
  timestamp: 1785001441520000,
  duration: 6.5,
  attributes: {
    'db.system': 'redis',
    'db.statement': 'connect',
    'db.connection_string': 'redis://localhost:6380',
    'net.peer.name': 'localhost',
    'net.peer.port': 6380
  },
  status: { code: 0 },
  events: [],
  links: []
}
{
  resource: {
    attributes: {
      'host.name': 'Arunesh',
      'host.arch': 'amd64',
      'host.id': '961ee426-227a-4c11-9579-fdfc83a68919',
      'process.pid': 29064,
      'process.executable.name': 'Administrator:  C:\\WINDOWS\\system32\\cmd.exe ',
      'process.executable.path': 'C:\\Program Files\\nodejs\\node.exe',
      'process.command_args': [
        'C:\\Program Files\\nodejs\\node.exe',
        'C:\\Users\\Administrator\\.gemini\\antigravity_old\\scratch_old\\tallyme\\apps\\backend\\dist\\src\\main.js'
      ],
      'process.runtime.version': '24.12.0',
      'process.runtime.name': 'nodejs',
      'process.runtime.description': 'Node.js',
      'process.command': 'C:\\Users\\Administrator\\.gemini\\antigravity_old\\scratch_old\\tallyme\\apps\\backend\\dist\\src\\main.js',
      'process.owner': 'Administrator',
      'service.name': 'unknown_service:node',
      'telemetry.sdk.language': 'nodejs',
      'telemetry.sdk.name': 'opentelemetry',
      'telemetry.sdk.version': '2.10.0'
    }
  },
  instrumentationScope: {
    name: '@opentelemetry/instrumentation-ioredis',
    version: '0.68.0',
    schemaUrl: undefined
  },
  traceId: '094ea94955f8057a27ef9ef69552edce',
  parentSpanContext: {
    traceId: '094ea94955f8057a27ef9ef69552edce',
    spanId: '4c79e4b0e1921bfe',
    traceFlags: 1,
    traceState: undefined
  },
  traceState: undefined,
  name: 'connect',
  id: 'd32008574d0ddb56',
  kind: 2,
  timestamp: 1785001441521000,
  duration: 9.3,
  attributes: {
    'db.system': 'redis',
    'db.statement': 'connect',
    'db.connection_string': 'redis://localhost:6380',
    'net.peer.name': 'localhost',
    'net.peer.port': 6380
  },
  status: { code: 0 },
  events: [],
  links: []
}
{
  resource: {
    attributes: {
      'host.name': 'Arunesh',
      'host.arch': 'amd64',
      'host.id': '961ee426-227a-4c11-9579-fdfc83a68919',
      'process.pid': 29064,
      'process.executable.name': 'Administrator:  C:\\WINDOWS\\system32\\cmd.exe ',
      'process.executable.path': 'C:\\Program Files\\nodejs\\node.exe',
      'process.command_args': [
        'C:\\Program Files\\nodejs\\node.exe',
        'C:\\Users\\Administrator\\.gemini\\antigravity_old\\scratch_old\\tallyme\\apps\\backend\\dist\\src\\main.js'
      ],
      'process.runtime.version': '24.12.0',
      'process.runtime.name': 'nodejs',
      'process.runtime.description': 'Node.js',
      'process.command': 'C:\\Users\\Administrator\\.gemini\\antigravity_old\\scratch_old\\tallyme\\apps\\backend\\dist\\src\\main.js',
      'process.owner': 'Administrator',
      'service.name': 'unknown_service:node',
      'telemetry.sdk.language': 'nodejs',
      'telemetry.sdk.name': 'opentelemetry',
      'telemetry.sdk.version': '2.10.0'
    }
  },
  instrumentationScope: {
    name: '@opentelemetry/instrumentation-ioredis',
    version: '0.68.0',
    schemaUrl: undefined
  },
  traceId: '094ea94955f8057a27ef9ef69552edce',
  parentSpanContext: {
    traceId: '094ea94955f8057a27ef9ef69552edce',
    spanId: '4c79e4b0e1921bfe',
    traceFlags: 1,
    traceState: undefined
  },
  traceState: undefined,
  name: 'connect',
  id: 'e37f22eb760675bc',
  kind: 2,
  timestamp: 1785001441521000,
  duration: 5.9,
  attributes: {
    'db.system': 'redis',
    'db.statement': 'connect',
    'db.connection_string': 'redis://localhost:6380',
    'net.peer.name': 'localhost',
    'net.peer.port': 6380
  },
  status: { code: 0 },
  events: [],
  links: []
}
{
  resource: {
    attributes: {
      'host.name': 'Arunesh',
      'host.arch': 'amd64',
      'host.id': '961ee426-227a-4c11-9579-fdfc83a68919',
      'process.pid': 29064,
      'process.executable.name': 'Administrator:  C:\\WINDOWS\\system32\\cmd.exe ',
      'process.executable.path': 'C:\\Program Files\\nodejs\\node.exe',
      'process.command_args': [
        'C:\\Program Files\\nodejs\\node.exe',
        'C:\\Users\\Administrator\\.gemini\\antigravity_old\\scratch_old\\tallyme\\apps\\backend\\dist\\src\\main.js'
      ],
      'process.runtime.version': '24.12.0',
      'process.runtime.name': 'nodejs',
      'process.runtime.description': 'Node.js',
      'process.command': 'C:\\Users\\Administrator\\.gemini\\antigravity_old\\scratch_old\\tallyme\\apps\\backend\\dist\\src\\main.js',
      'process.owner': 'Administrator',
      'service.name': 'unknown_service:node',
      'telemetry.sdk.language': 'nodejs',
      'telemetry.sdk.name': 'opentelemetry',
      'telemetry.sdk.version': '2.10.0'
    }
  },
  instrumentationScope: {
    name: '@opentelemetry/instrumentation-ioredis',
    version: '0.68.0',
    schemaUrl: undefined
  },
  traceId: '094ea94955f8057a27ef9ef69552edce',
  parentSpanContext: {
    traceId: '094ea94955f8057a27ef9ef69552edce',
    spanId: '4c79e4b0e1921bfe',
    traceFlags: 1,
    traceState: undefined
  },
  traceState: undefined,
  name: 'connect',
  id: '90debbbc6540d404',
  kind: 2,
  timestamp: 1785001441521000,
  duration: 5.4,
  attributes: {
    'db.system': 'redis',
    'db.statement': 'connect',
    'db.connection_string': 'redis://localhost:6380',
    'net.peer.name': 'localhost',
    'net.peer.port': 6380
  },
  status: { code: 0 },
  events: [],
  links: []
}
{
  resource: {
    attributes: {
      'host.name': 'Arunesh',
      'host.arch': 'amd64',
      'host.id': '961ee426-227a-4c11-9579-fdfc83a68919',
      'process.pid': 29064,
      'process.executable.name': 'Administrator:  C:\\WINDOWS\\system32\\cmd.exe ',
      'process.executable.path': 'C:\\Program Files\\nodejs\\node.exe',
      'process.command_args': [
        'C:\\Program Files\\nodejs\\node.exe',
        'C:\\Users\\Administrator\\.gemini\\antigravity_old\\scratch_old\\tallyme\\apps\\backend\\dist\\src\\main.js'
      ],
      'process.runtime.version': '24.12.0',
      'process.runtime.name': 'nodejs',
      'process.runtime.description': 'Node.js',
      'process.command': 'C:\\Users\\Administrator\\.gemini\\antigravity_old\\scratch_old\\tallyme\\apps\\backend\\dist\\src\\main.js',
      'process.owner': 'Administrator',
      'service.name': 'unknown_service:node',
      'telemetry.sdk.language': 'nodejs',
      'telemetry.sdk.name': 'opentelemetry',
      'telemetry.sdk.version': '2.10.0'
    }
  },
  instrumentationScope: {
    name: '@opentelemetry/instrumentation-ioredis',
    version: '0.68.0',
    schemaUrl: undefined
  },
  traceId: '094ea94955f8057a27ef9ef69552edce',
  parentSpanContext: {
    traceId: '094ea94955f8057a27ef9ef69552edce',
    spanId: '4c79e4b0e1921bfe',
    traceFlags: 1,
    traceState: undefined
  },
  traceState: undefined,
  name: 'connect',
  id: '4f0aae145d19884b',
  kind: 2,
  timestamp: 1785001441521000,
  duration: 5.8,
  attributes: {
    'db.system': 'redis',
    'db.statement': 'connect',
    'db.connection_string': 'redis://localhost:6380',
    'net.peer.name': 'localhost',
    'net.peer.port': 6380
  },
  status: { code: 0 },
  events: [],
  links: []
}
{
  resource: {
    attributes: {
      'host.name': 'Arunesh',
      'host.arch': 'amd64',
      'host.id': '961ee426-227a-4c11-9579-fdfc83a68919',
      'process.pid': 29064,
      'process.executable.name': 'Administrator:  C:\\WINDOWS\\system32\\cmd.exe ',
      'process.executable.path': 'C:\\Program Files\\nodejs\\node.exe',
      'process.command_args': [
        'C:\\Program Files\\nodejs\\node.exe',
        'C:\\Users\\Administrator\\.gemini\\antigravity_old\\scratch_old\\tallyme\\apps\\backend\\dist\\src\\main.js'
      ],
      'process.runtime.version': '24.12.0',
      'process.runtime.name': 'nodejs',
      'process.runtime.description': 'Node.js',
      'process.command': 'C:\\Users\\Administrator\\.gemini\\antigravity_old\\scratch_old\\tallyme\\apps\\backend\\dist\\src\\main.js',
      'process.owner': 'Administrator',
      'service.name': 'unknown_service:node',
      'telemetry.sdk.language': 'nodejs',
      'telemetry.sdk.name': 'opentelemetry',
      'telemetry.sdk.version': '2.10.0'
    }
  },
  instrumentationScope: {
    name: '@opentelemetry/instrumentation-ioredis',
    version: '0.68.0',
    schemaUrl: undefined
  },
  traceId: '094ea94955f8057a27ef9ef69552edce',
  parentSpanContext: {
    traceId: '094ea94955f8057a27ef9ef69552edce',
    spanId: '4c79e4b0e1921bfe',
    traceFlags: 1,
    traceState: undefined
  },
  traceState: undefined,
  name: 'connect',
  id: 'a277809268c19a1e',
  kind: 2,
  timestamp: 1785001441521000,
  duration: 5.4,
  attributes: {
    'db.system': 'redis',
    'db.statement': 'connect',
    'db.connection_string': 'redis://localhost:6380',
    'net.peer.name': 'localhost',
    'net.peer.port': 6380
  },
  status: { code: 0 },
  events: [],
  links: []
}
{
  resource: {
    attributes: {
      'host.name': 'Arunesh',
      'host.arch': 'amd64',
      'host.id': '961ee426-227a-4c11-9579-fdfc83a68919',
      'process.pid': 29064,
      'process.executable.name': 'Administrator:  C:\\WINDOWS\\system32\\cmd.exe ',
      'process.executable.path': 'C:\\Program Files\\nodejs\\node.exe',
      'process.command_args': [
        'C:\\Program Files\\nodejs\\node.exe',
        'C:\\Users\\Administrator\\.gemini\\antigravity_old\\scratch_old\\tallyme\\apps\\backend\\dist\\src\\main.js'
      ],
      'process.runtime.version': '24.12.0',
      'process.runtime.name': 'nodejs',
      'process.runtime.description': 'Node.js',
      'process.command': 'C:\\Users\\Administrator\\.gemini\\antigravity_old\\scratch_old\\tallyme\\apps\\backend\\dist\\src\\main.js',
      'process.owner': 'Administrator',
      'service.name': 'unknown_service:node',
      'telemetry.sdk.language': 'nodejs',
      'telemetry.sdk.name': 'opentelemetry',
      'telemetry.sdk.version': '2.10.0'
    }
  },
  instrumentationScope: {
    name: '@opentelemetry/instrumentation-ioredis',
    version: '0.68.0',
    schemaUrl: undefined
  },
  traceId: '094ea94955f8057a27ef9ef69552edce',
  parentSpanContext: {
    traceId: '094ea94955f8057a27ef9ef69552edce',
    spanId: '4c79e4b0e1921bfe',
    traceFlags: 1,
    traceState: undefined
  },
  traceState: undefined,
  name: 'connect',
  id: '642509c1e52a1788',
  kind: 2,
  timestamp: 1785001441521000,
  duration: 7.5,
  attributes: {
    'db.system': 'redis',
    'db.statement': 'connect',
    'db.connection_string': 'redis://localhost:6380',
    'net.peer.name': 'localhost',
    'net.peer.port': 6380
  },
  status: { code: 0 },
  events: [],
  links: []
}
{
  resource: {
    attributes: {
      'host.name': 'Arunesh',
      'host.arch': 'amd64',
      'host.id': '961ee426-227a-4c11-9579-fdfc83a68919',
      'process.pid': 29064,
      'process.executable.name': 'Administrator:  C:\\WINDOWS\\system32\\cmd.exe ',
      'process.executable.path': 'C:\\Program Files\\nodejs\\node.exe',
      'process.command_args': [
        'C:\\Program Files\\nodejs\\node.exe',
        'C:\\Users\\Administrator\\.gemini\\antigravity_old\\scratch_old\\tallyme\\apps\\backend\\dist\\src\\main.js'
      ],
      'process.runtime.version': '24.12.0',
      'process.runtime.name': 'nodejs',
      'process.runtime.description': 'Node.js',
      'process.command': 'C:\\Users\\Administrator\\.gemini\\antigravity_old\\scratch_old\\tallyme\\apps\\backend\\dist\\src\\main.js',
      'process.owner': 'Administrator',
      'service.name': 'unknown_service:node',
      'telemetry.sdk.language': 'nodejs',
      'telemetry.sdk.name': 'opentelemetry',
      'telemetry.sdk.version': '2.10.0'
    }
  },
  instrumentationScope: {
    name: '@opentelemetry/instrumentation-ioredis',
    version: '0.68.0',
    schemaUrl: undefined
  },
  traceId: '094ea94955f8057a27ef9ef69552edce',
  parentSpanContext: {
    traceId: '094ea94955f8057a27ef9ef69552edce',
    spanId: '4c79e4b0e1921bfe',
    traceFlags: 1,
    traceState: undefined
  },
  traceState: undefined,
  name: 'connect',
  id: 'af392a0e95bff19d',
  kind: 2,
  timestamp: 1785001441521000,
  duration: 12.8,
  attributes: {
    'db.system': 'redis',
    'db.statement': 'connect',
    'db.connection_string': 'redis://localhost:6380',
    'net.peer.name': 'localhost',
    'net.peer.port': 6380
  },
  status: { code: 0 },
  events: [],
  links: []
}
{
  resource: {
    attributes: {
      'host.name': 'Arunesh',
      'host.arch': 'amd64',
      'host.id': '961ee426-227a-4c11-9579-fdfc83a68919',
      'process.pid': 29064,
      'process.executable.name': 'Administrator:  C:\\WINDOWS\\system32\\cmd.exe ',
      'process.executable.path': 'C:\\Program Files\\nodejs\\node.exe',
      'process.command_args': [
        'C:\\Program Files\\nodejs\\node.exe',
        'C:\\Users\\Administrator\\.gemini\\antigravity_old\\scratch_old\\tallyme\\apps\\backend\\dist\\src\\main.js'
      ],
      'process.runtime.version': '24.12.0',
      'process.runtime.name': 'nodejs',
      'process.runtime.description': 'Node.js',
      'process.command': 'C:\\Users\\Administrator\\.gemini\\antigravity_old\\scratch_old\\tallyme\\apps\\backend\\dist\\src\\main.js',
      'process.owner': 'Administrator',
      'service.name': 'unknown_service:node',
      'telemetry.sdk.language': 'nodejs',
      'telemetry.sdk.name': 'opentelemetry',
      'telemetry.sdk.version': '2.10.0'
    }
  },
  instrumentationScope: {
    name: '@opentelemetry/instrumentation-dns',
    version: '0.63.0',
    schemaUrl: undefined
  },
  traceId: '094ea94955f8057a27ef9ef69552edce',
  parentSpanContext: {
    traceId: '094ea94955f8057a27ef9ef69552edce',
    spanId: '4c79e4b0e1921bfe',
    traceFlags: 1,
    traceState: undefined
  },
  traceState: undefined,
  name: 'dns.lookup',
  id: '8503ac9c33e39b67',
  kind: 2,
  timestamp: 1785001441520000,
  duration: 2063.7,
  attributes: { 'peer.ipv6': '::1', 'peer[1].ipv4': '127.0.0.1' },
  status: { code: 0 },
  events: [],
  links: []
}
{
  resource: {
    attributes: {
      'host.name': 'Arunesh',
      'host.arch': 'amd64',
      'host.id': '961ee426-227a-4c11-9579-fdfc83a68919',
      'process.pid': 29064,
      'process.executable.name': 'Administrator:  C:\\WINDOWS\\system32\\cmd.exe ',
      'process.executable.path': 'C:\\Program Files\\nodejs\\node.exe',
      'process.command_args': [
        'C:\\Program Files\\nodejs\\node.exe',
        'C:\\Users\\Administrator\\.gemini\\antigravity_old\\scratch_old\\tallyme\\apps\\backend\\dist\\src\\main.js'
      ],
      'process.runtime.version': '24.12.0',
      'process.runtime.name': 'nodejs',
      'process.runtime.description': 'Node.js',
      'process.command': 'C:\\Users\\Administrator\\.gemini\\antigravity_old\\scratch_old\\tallyme\\apps\\backend\\dist\\src\\main.js',
      'process.owner': 'Administrator',
      'service.name': 'unknown_service:node',
      'telemetry.sdk.language': 'nodejs',
      'telemetry.sdk.name': 'opentelemetry',
      'telemetry.sdk.version': '2.10.0'
    }
  },
  instrumentationScope: {
    name: '@opentelemetry/instrumentation-dns',
    version: '0.63.0',
    schemaUrl: undefined
  },
  traceId: '094ea94955f8057a27ef9ef69552edce',
  parentSpanContext: {
    traceId: '094ea94955f8057a27ef9ef69552edce',
    spanId: '4c79e4b0e1921bfe',
    traceFlags: 1,
    traceState: undefined
  },
  traceState: undefined,
  name: 'dns.lookup',
  id: 'd9960ef47fe0949a',
  kind: 2,
  timestamp: 1785001441520000,
  duration: 2549.4,
  attributes: { 'peer.ipv6': '::1', 'peer[1].ipv4': '127.0.0.1' },
  status: { code: 0 },
  events: [],
  links: []
}
{
  resource: {
    attributes: {
      'host.name': 'Arunesh',
      'host.arch': 'amd64',
      'host.id': '961ee426-227a-4c11-9579-fdfc83a68919',
      'process.pid': 29064,
      'process.executable.name': 'Administrator:  C:\\WINDOWS\\system32\\cmd.exe ',
      'process.executable.path': 'C:\\Program Files\\nodejs\\node.exe',
      'process.command_args': [
        'C:\\Program Files\\nodejs\\node.exe',
        'C:\\Users\\Administrator\\.gemini\\antigravity_old\\scratch_old\\tallyme\\apps\\backend\\dist\\src\\main.js'
      ],
      'process.runtime.version': '24.12.0',
      'process.runtime.name': 'nodejs',
      'process.runtime.description': 'Node.js',
      'process.command': 'C:\\Users\\Administrator\\.gemini\\antigravity_old\\scratch_old\\tallyme\\apps\\backend\\dist\\src\\main.js',
      'process.owner': 'Administrator',
      'service.name': 'unknown_service:node',
      'telemetry.sdk.language': 'nodejs',
      'telemetry.sdk.name': 'opentelemetry',
      'telemetry.sdk.version': '2.10.0'
    }
  },
  instrumentationScope: {
    name: '@opentelemetry/instrumentation-dns',
    version: '0.63.0',
    schemaUrl: undefined
  },
  traceId: '094ea94955f8057a27ef9ef69552edce',
  parentSpanContext: {
    traceId: '094ea94955f8057a27ef9ef69552edce',
    spanId: '4c79e4b0e1921bfe',
    traceFlags: 1,
    traceState: undefined
  },
  traceState: undefined,
  name: 'dns.lookup',
  id: '45bd74a6fbe18edf',
  kind: 2,
  timestamp: 1785001441520000,
  duration: 3037.1,
  attributes: { 'peer.ipv6': '::1', 'peer[1].ipv4': '127.0.0.1' },
  status: { code: 0 },
  events: [],
  links: []
}
{
  resource: {
    attributes: {
      'host.name': 'Arunesh',
      'host.arch': 'amd64',
      'host.id': '961ee426-227a-4c11-9579-fdfc83a68919',
      'process.pid': 29064,
      'process.executable.name': 'Administrator:  C:\\WINDOWS\\system32\\cmd.exe ',
      'process.executable.path': 'C:\\Program Files\\nodejs\\node.exe',
      'process.command_args': [
        'C:\\Program Files\\nodejs\\node.exe',
        'C:\\Users\\Administrator\\.gemini\\antigravity_old\\scratch_old\\tallyme\\apps\\backend\\dist\\src\\main.js'
      ],
      'process.runtime.version': '24.12.0',
      'process.runtime.name': 'nodejs',
      'process.runtime.description': 'Node.js',
      'process.command': 'C:\\Users\\Administrator\\.gemini\\antigravity_old\\scratch_old\\tallyme\\apps\\backend\\dist\\src\\main.js',
      'process.owner': 'Administrator',
      'service.name': 'unknown_service:node',
      'telemetry.sdk.language': 'nodejs',
      'telemetry.sdk.name': 'opentelemetry',
      'telemetry.sdk.version': '2.10.0'
    }
  },
  instrumentationScope: {
    name: '@opentelemetry/instrumentation-dns',
    version: '0.63.0',
    schemaUrl: undefined
  },
  traceId: '094ea94955f8057a27ef9ef69552edce',
  parentSpanContext: {
    traceId: '094ea94955f8057a27ef9ef69552edce',
    spanId: '4c79e4b0e1921bfe',
    traceFlags: 1,
    traceState: undefined
  },
  traceState: undefined,
  name: 'dns.lookup',
  id: '89a64fc84d94d41d',
  kind: 2,
  timestamp: 1785001441520000,
  duration: 3202.5,
  attributes: { 'peer.ipv6': '::1', 'peer[1].ipv4': '127.0.0.1' },
  status: { code: 0 },
  events: [],
  links: []
}
{
  resource: {
    attributes: {
      'host.name': 'Arunesh',
      'host.arch': 'amd64',
      'host.id': '961ee426-227a-4c11-9579-fdfc83a68919',
      'process.pid': 29064,
      'process.executable.name': 'Administrator:  C:\\WINDOWS\\system32\\cmd.exe ',
      'process.executable.path': 'C:\\Program Files\\nodejs\\node.exe',
      'process.command_args': [
        'C:\\Program Files\\nodejs\\node.exe',
        'C:\\Users\\Administrator\\.gemini\\antigravity_old\\scratch_old\\tallyme\\apps\\backend\\dist\\src\\main.js'
      ],
      'process.runtime.version': '24.12.0',
      'process.runtime.name': 'nodejs',
      'process.runtime.description': 'Node.js',
      'process.command': 'C:\\Users\\Administrator\\.gemini\\antigravity_old\\scratch_old\\tallyme\\apps\\backend\\dist\\src\\main.js',
      'process.owner': 'Administrator',
      'service.name': 'unknown_service:node',
      'telemetry.sdk.language': 'nodejs',
      'telemetry.sdk.name': 'opentelemetry',
      'telemetry.sdk.version': '2.10.0'
    }
  },
  instrumentationScope: {
    name: '@opentelemetry/instrumentation-dns',
    version: '0.63.0',
    schemaUrl: undefined
  },
  traceId: '094ea94955f8057a27ef9ef69552edce',
  parentSpanContext: {
    traceId: '094ea94955f8057a27ef9ef69552edce',
    spanId: '4c79e4b0e1921bfe',
    traceFlags: 1,
    traceState: undefined
  },
  traceState: undefined,
  name: 'dns.lookup',
  id: 'cd83e0a2355c1a77',
  kind: 2,
  timestamp: 1785001441521000,
  duration: 3371.5,
  attributes: { 'peer.ipv6': '::1', 'peer[1].ipv4': '127.0.0.1' },
  status: { code: 0 },
  events: [],
  links: []
}
{
  resource: {
    attributes: {
      'host.name': 'Arunesh',
      'host.arch': 'amd64',
      'host.id': '961ee426-227a-4c11-9579-fdfc83a68919',
      'process.pid': 29064,
      'process.executable.name': 'Administrator:  C:\\WINDOWS\\system32\\cmd.exe ',
      'process.executable.path': 'C:\\Program Files\\nodejs\\node.exe',
      'process.command_args': [
        'C:\\Program Files\\nodejs\\node.exe',
        'C:\\Users\\Administrator\\.gemini\\antigravity_old\\scratch_old\\tallyme\\apps\\backend\\dist\\src\\main.js'
      ],
      'process.runtime.version': '24.12.0',
      'process.runtime.name': 'nodejs',
      'process.runtime.description': 'Node.js',
      'process.command': 'C:\\Users\\Administrator\\.gemini\\antigravity_old\\scratch_old\\tallyme\\apps\\backend\\dist\\src\\main.js',
      'process.owner': 'Administrator',
      'service.name': 'unknown_service:node',
      'telemetry.sdk.language': 'nodejs',
      'telemetry.sdk.name': 'opentelemetry',
      'telemetry.sdk.version': '2.10.0'
    }
  },
  instrumentationScope: {
    name: '@opentelemetry/instrumentation-dns',
    version: '0.63.0',
    schemaUrl: undefined
  },
  traceId: '094ea94955f8057a27ef9ef69552edce',
  parentSpanContext: {
    traceId: '094ea94955f8057a27ef9ef69552edce',
    spanId: '4c79e4b0e1921bfe',
    traceFlags: 1,
    traceState: undefined
  },
  traceState: undefined,
  name: 'dns.lookup',
  id: 'ddf853764b03c40a',
  kind: 2,
  timestamp: 1785001441521000,
  duration: 3621.1,
  attributes: { 'peer.ipv6': '::1', 'peer[1].ipv4': '127.0.0.1' },
  status: { code: 0 },
  events: [],
  links: []
}
{
  resource: {
    attributes: {
      'host.name': 'Arunesh',
      'host.arch': 'amd64',
      'host.id': '961ee426-227a-4c11-9579-fdfc83a68919',
      'process.pid': 29064,
      'process.executable.name': 'Administrator:  C:\\WINDOWS\\system32\\cmd.exe ',
      'process.executable.path': 'C:\\Program Files\\nodejs\\node.exe',
      'process.command_args': [
        'C:\\Program Files\\nodejs\\node.exe',
        'C:\\Users\\Administrator\\.gemini\\antigravity_old\\scratch_old\\tallyme\\apps\\backend\\dist\\src\\main.js'
      ],
      'process.runtime.version': '24.12.0',
      'process.runtime.name': 'nodejs',
      'process.runtime.description': 'Node.js',
      'process.command': 'C:\\Users\\Administrator\\.gemini\\antigravity_old\\scratch_old\\tallyme\\apps\\backend\\dist\\src\\main.js',
      'process.owner': 'Administrator',
      'service.name': 'unknown_service:node',
      'telemetry.sdk.language': 'nodejs',
      'telemetry.sdk.name': 'opentelemetry',
      'telemetry.sdk.version': '2.10.0'
    }
  },
  instrumentationScope: {
    name: '@opentelemetry/instrumentation-dns',
    version: '0.63.0',
    schemaUrl: undefined
  },
  traceId: '094ea94955f8057a27ef9ef69552edce',
  parentSpanContext: {
    traceId: '094ea94955f8057a27ef9ef69552edce',
    spanId: '4c79e4b0e1921bfe',
    traceFlags: 1,
    traceState: undefined
  },
  traceState: undefined,
  name: 'dns.lookup',
  id: '72f6a43b37dcd1a7',
  kind: 2,
  timestamp: 1785001441521000,
  duration: 3922.5,
  attributes: { 'peer.ipv6': '::1', 'peer[1].ipv4': '127.0.0.1' },
  status: { code: 0 },
  events: [],
  links: []
}
{
  resource: {
    attributes: {
      'host.name': 'Arunesh',
      'host.arch': 'amd64',
      'host.id': '961ee426-227a-4c11-9579-fdfc83a68919',
      'process.pid': 29064,
      'process.executable.name': 'Administrator:  C:\\WINDOWS\\system32\\cmd.exe ',
      'process.executable.path': 'C:\\Program Files\\nodejs\\node.exe',
      'process.command_args': [
        'C:\\Program Files\\nodejs\\node.exe',
        'C:\\Users\\Administrator\\.gemini\\antigravity_old\\scratch_old\\tallyme\\apps\\backend\\dist\\src\\main.js'
      ],
      'process.runtime.version': '24.12.0',
      'process.runtime.name': 'nodejs',
      'process.runtime.description': 'Node.js',
      'process.command': 'C:\\Users\\Administrator\\.gemini\\antigravity_old\\scratch_old\\tallyme\\apps\\backend\\dist\\src\\main.js',
      'process.owner': 'Administrator',
      'service.name': 'unknown_service:node',
      'telemetry.sdk.language': 'nodejs',
      'telemetry.sdk.name': 'opentelemetry',
      'telemetry.sdk.version': '2.10.0'
    }
  },
  instrumentationScope: {
    name: '@opentelemetry/instrumentation-dns',
    version: '0.63.0',
    schemaUrl: undefined
  },
  traceId: '094ea94955f8057a27ef9ef69552edce',
  parentSpanContext: {
    traceId: '094ea94955f8057a27ef9ef69552edce',
    spanId: '4c79e4b0e1921bfe',
    traceFlags: 1,
    traceState: undefined
  },
  traceState: undefined,
  name: 'dns.lookup',
  id: 'b93ba2b2f7dcef29',
  kind: 2,
  timestamp: 1785001441521000,
  duration: 4289.4,
  attributes: { 'peer.ipv6': '::1', 'peer[1].ipv4': '127.0.0.1' },
  status: { code: 0 },
  events: [],
  links: []
}
{
  resource: {
    attributes: {
      'host.name': 'Arunesh',
      'host.arch': 'amd64',
      'host.id': '961ee426-227a-4c11-9579-fdfc83a68919',
      'process.pid': 29064,
      'process.executable.name': 'Administrator:  C:\\WINDOWS\\system32\\cmd.exe ',
      'process.executable.path': 'C:\\Program Files\\nodejs\\node.exe',
      'process.command_args': [
        'C:\\Program Files\\nodejs\\node.exe',
        'C:\\Users\\Administrator\\.gemini\\antigravity_old\\scratch_old\\tallyme\\apps\\backend\\dist\\src\\main.js'
      ],
      'process.runtime.version': '24.12.0',
      'process.runtime.name': 'nodejs',
      'process.runtime.description': 'Node.js',
      'process.command': 'C:\\Users\\Administrator\\.gemini\\antigravity_old\\scratch_old\\tallyme\\apps\\backend\\dist\\src\\main.js',
      'process.owner': 'Administrator',
      'service.name': 'unknown_service:node',
      'telemetry.sdk.language': 'nodejs',
      'telemetry.sdk.name': 'opentelemetry',
      'telemetry.sdk.version': '2.10.0'
    }
  },
  instrumentationScope: {
    name: '@opentelemetry/instrumentation-dns',
    version: '0.63.0',
    schemaUrl: undefined
  },
  traceId: '094ea94955f8057a27ef9ef69552edce',
  parentSpanContext: {
    traceId: '094ea94955f8057a27ef9ef69552edce',
    spanId: '4c79e4b0e1921bfe',
    traceFlags: 1,
    traceState: undefined
  },
  traceState: undefined,
  name: 'dns.lookup',
  id: 'a581620d578a1a1d',
  kind: 2,
  timestamp: 1785001441521000,
  duration: 4466.8,
  attributes: { 'peer.ipv6': '::1', 'peer[1].ipv4': '127.0.0.1' },
  status: { code: 0 },
  events: [],
  links: []
}
{
  resource: {
    attributes: {
      'host.name': 'Arunesh',
      'host.arch': 'amd64',
      'host.id': '961ee426-227a-4c11-9579-fdfc83a68919',
      'process.pid': 29064,
      'process.executable.name': 'Administrator:  C:\\WINDOWS\\system32\\cmd.exe ',
      'process.executable.path': 'C:\\Program Files\\nodejs\\node.exe',
      'process.command_args': [
        'C:\\Program Files\\nodejs\\node.exe',
        'C:\\Users\\Administrator\\.gemini\\antigravity_old\\scratch_old\\tallyme\\apps\\backend\\dist\\src\\main.js'
      ],
      'process.runtime.version': '24.12.0',
      'process.runtime.name': 'nodejs',
      'process.runtime.description': 'Node.js',
      'process.command': 'C:\\Users\\Administrator\\.gemini\\antigravity_old\\scratch_old\\tallyme\\apps\\backend\\dist\\src\\main.js',
      'process.owner': 'Administrator',
      'service.name': 'unknown_service:node',
      'telemetry.sdk.language': 'nodejs',
      'telemetry.sdk.name': 'opentelemetry',
      'telemetry.sdk.version': '2.10.0'
    }
  },
  instrumentationScope: {
    name: '@opentelemetry/instrumentation-dns',
    version: '0.63.0',
    schemaUrl: undefined
  },
  traceId: '12507e7cf0ffc4822efee998c5f3d437',
  parentSpanContext: undefined,
  traceState: undefined,
  name: 'dns.lookup',
  id: '8fa57592a3dc8f72',
  kind: 2,
  timestamp: 1785001441521000,
  duration: 4838.3,
  attributes: { 'peer.ipv6': '::1', 'peer[1].ipv4': '127.0.0.1' },
  status: { code: 0 },
  events: [],
  links: []
}
{
  resource: {
    attributes: {
      'host.name': 'Arunesh',
      'host.arch': 'amd64',
      'host.id': '961ee426-227a-4c11-9579-fdfc83a68919',
      'process.pid': 29064,
      'process.executable.name': 'Administrator:  C:\\WINDOWS\\system32\\cmd.exe ',
      'process.executable.path': 'C:\\Program Files\\nodejs\\node.exe',
      'process.command_args': [
        'C:\\Program Files\\nodejs\\node.exe',
        'C:\\Users\\Administrator\\.gemini\\antigravity_old\\scratch_old\\tallyme\\apps\\backend\\dist\\src\\main.js'
      ],
      'process.runtime.version': '24.12.0',
      'process.runtime.name': 'nodejs',
      'process.runtime.description': 'Node.js',
      'process.command': 'C:\\Users\\Administrator\\.gemini\\antigravity_old\\scratch_old\\tallyme\\apps\\backend\\dist\\src\\main.js',
      'process.owner': 'Administrator',
      'service.name': 'unknown_service:node',
      'telemetry.sdk.language': 'nodejs',
      'telemetry.sdk.name': 'opentelemetry',
      'telemetry.sdk.version': '2.10.0'
    }
  },
  instrumentationScope: {
    name: '@opentelemetry/instrumentation-dns',
    version: '0.63.0',
    schemaUrl: undefined
  },
  traceId: '094ea94955f8057a27ef9ef69552edce',
  parentSpanContext: {
    traceId: '094ea94955f8057a27ef9ef69552edce',
    spanId: '4c79e4b0e1921bfe',
    traceFlags: 1,
    traceState: undefined
  },
  traceState: undefined,
  name: 'dns.lookup',
  id: 'c5e1567441107d6a',
  kind: 2,
  timestamp: 1785001441521000,
  duration: 5270.4,
  attributes: { 'peer.ipv6': '::1', 'peer[1].ipv4': '127.0.0.1' },
  status: { code: 0 },
  events: [],
  links: []
}
{
  resource: {
    attributes: {
      'host.name': 'Arunesh',
      'host.arch': 'amd64',
      'host.id': '961ee426-227a-4c11-9579-fdfc83a68919',
      'process.pid': 29064,
      'process.executable.name': 'Administrator:  C:\\WINDOWS\\system32\\cmd.exe ',
      'process.executable.path': 'C:\\Program Files\\nodejs\\node.exe',
      'process.command_args': [
        'C:\\Program Files\\nodejs\\node.exe',
        'C:\\Users\\Administrator\\.gemini\\antigravity_old\\scratch_old\\tallyme\\apps\\backend\\dist\\src\\main.js'
      ],
      'process.runtime.version': '24.12.0',
      'process.runtime.name': 'nodejs',
      'process.runtime.description': 'Node.js',
      'process.command': 'C:\\Users\\Administrator\\.gemini\\antigravity_old\\scratch_old\\tallyme\\apps\\backend\\dist\\src\\main.js',
      'process.owner': 'Administrator',
      'service.name': 'unknown_service:node',
      'telemetry.sdk.language': 'nodejs',
      'telemetry.sdk.name': 'opentelemetry',
      'telemetry.sdk.version': '2.10.0'
    }
  },
  instrumentationScope: {
    name: '@opentelemetry/instrumentation-dns',
    version: '0.63.0',
    schemaUrl: undefined
  },
  traceId: '094ea94955f8057a27ef9ef69552edce',
  parentSpanContext: {
    traceId: '094ea94955f8057a27ef9ef69552edce',
    spanId: '4c79e4b0e1921bfe',
    traceFlags: 1,
    traceState: undefined
  },
  traceState: undefined,
  name: 'dns.lookup',
  id: '5c0dcc1cf424caf9',
  kind: 2,
  timestamp: 1785001441521000,
  duration: 5721.9,
  attributes: { 'peer.ipv6': '::1', 'peer[1].ipv4': '127.0.0.1' },
  status: { code: 0 },
  events: [],
  links: []
}
{
  resource: {
    attributes: {
      'host.name': 'Arunesh',
      'host.arch': 'amd64',
      'host.id': '961ee426-227a-4c11-9579-fdfc83a68919',
      'process.pid': 29064,
      'process.executable.name': 'Administrator:  C:\\WINDOWS\\system32\\cmd.exe ',
      'process.executable.path': 'C:\\Program Files\\nodejs\\node.exe',
      'process.command_args': [
        'C:\\Program Files\\nodejs\\node.exe',
        'C:\\Users\\Administrator\\.gemini\\antigravity_old\\scratch_old\\tallyme\\apps\\backend\\dist\\src\\main.js'
      ],
      'process.runtime.version': '24.12.0',
      'process.runtime.name': 'nodejs',
      'process.runtime.description': 'Node.js',
      'process.command': 'C:\\Users\\Administrator\\.gemini\\antigravity_old\\scratch_old\\tallyme\\apps\\backend\\dist\\src\\main.js',
      'process.owner': 'Administrator',
      'service.name': 'unknown_service:node',
      'telemetry.sdk.language': 'nodejs',
      'telemetry.sdk.name': 'opentelemetry',
      'telemetry.sdk.version': '2.10.0'
    }
  },
  instrumentationScope: {
    name: '@opentelemetry/instrumentation-dns',
    version: '0.63.0',
    schemaUrl: undefined
  },
  traceId: '094ea94955f8057a27ef9ef69552edce',
  parentSpanContext: {
    traceId: '094ea94955f8057a27ef9ef69552edce',
    spanId: '4c79e4b0e1921bfe',
    traceFlags: 1,
    traceState: undefined
  },
  traceState: undefined,
  name: 'dns.lookup',
  id: '2b81d078e6493050',
  kind: 2,
  timestamp: 1785001441521000,
  duration: 6453.4,
  attributes: { 'peer.ipv6': '::1', 'peer[1].ipv4': '127.0.0.1' },
  status: { code: 0 },
  events: [],
  links: []
}
{
  resource: {
    attributes: {
      'host.name': 'Arunesh',
      'host.arch': 'amd64',
      'host.id': '961ee426-227a-4c11-9579-fdfc83a68919',
      'process.pid': 29064,
      'process.executable.name': 'Administrator:  C:\\WINDOWS\\system32\\cmd.exe ',
      'process.executable.path': 'C:\\Program Files\\nodejs\\node.exe',
      'process.command_args': [
        'C:\\Program Files\\nodejs\\node.exe',
        'C:\\Users\\Administrator\\.gemini\\antigravity_old\\scratch_old\\tallyme\\apps\\backend\\dist\\src\\main.js'
      ],
      'process.runtime.version': '24.12.0',
      'process.runtime.name': 'nodejs',
      'process.runtime.description': 'Node.js',
      'process.command': 'C:\\Users\\Administrator\\.gemini\\antigravity_old\\scratch_old\\tallyme\\apps\\backend\\dist\\src\\main.js',
      'process.owner': 'Administrator',
      'service.name': 'unknown_service:node',
      'telemetry.sdk.language': 'nodejs',
      'telemetry.sdk.name': 'opentelemetry',
      'telemetry.sdk.version': '2.10.0'
    }
  },
  instrumentationScope: {
    name: '@opentelemetry/instrumentation-net',
    version: '0.64.0',
    schemaUrl: undefined
  },
  traceId: '094ea94955f8057a27ef9ef69552edce',
  parentSpanContext: {
    traceId: '094ea94955f8057a27ef9ef69552edce',
    spanId: '4c79e4b0e1921bfe',
    traceFlags: 1,
    traceState: undefined
  },
  traceState: undefined,
  name: 'tcp.connect',
  id: 'ce6338db056841fe',
  kind: 0,
  timestamp: 1785001441520000,
  duration: 7876.6,
  attributes: {
    'net.transport': 'ip_tcp',
    'net.peer.name': 'localhost',
    'net.peer.port': 6380,
    'net.peer.ip': '::1',
    'net.host.ip': '::1',
    'net.host.port': 53199
  },
  status: { code: 0 },
  events: [],
  links: []
}
{
  resource: {
    attributes: {
      'host.name': 'Arunesh',
      'host.arch': 'amd64',
      'host.id': '961ee426-227a-4c11-9579-fdfc83a68919',
      'process.pid': 29064,
      'process.executable.name': 'Administrator:  C:\\WINDOWS\\system32\\cmd.exe ',
      'process.executable.path': 'C:\\Program Files\\nodejs\\node.exe',
      'process.command_args': [
        'C:\\Program Files\\nodejs\\node.exe',
        'C:\\Users\\Administrator\\.gemini\\antigravity_old\\scratch_old\\tallyme\\apps\\backend\\dist\\src\\main.js'
      ],
      'process.runtime.version': '24.12.0',
      'process.runtime.name': 'nodejs',
      'process.runtime.description': 'Node.js',
      'process.command': 'C:\\Users\\Administrator\\.gemini\\antigravity_old\\scratch_old\\tallyme\\apps\\backend\\dist\\src\\main.js',
      'process.owner': 'Administrator',
      'service.name': 'unknown_service:node',
      'telemetry.sdk.language': 'nodejs',
      'telemetry.sdk.name': 'opentelemetry',
      'telemetry.sdk.version': '2.10.0'
    }
  },
  instrumentationScope: {
    name: '@opentelemetry/instrumentation-net',
    version: '0.64.0',
    schemaUrl: undefined
  },
  traceId: '094ea94955f8057a27ef9ef69552edce',
  parentSpanContext: {
    traceId: '094ea94955f8057a27ef9ef69552edce',
    spanId: '4c79e4b0e1921bfe',
    traceFlags: 1,
    traceState: undefined
  },
  traceState: undefined,
  name: 'tcp.connect',
  id: '48ff572aeb364a84',
  kind: 0,
  timestamp: 1785001441520000,
  duration: 8347.5,
  attributes: {
    'net.transport': 'ip_tcp',
    'net.peer.name': 'localhost',
    'net.peer.port': 6380,
    'net.peer.ip': '::1',
    'net.host.ip': '::1',
    'net.host.port': 53201
  },
  status: { code: 0 },
  events: [],
  links: []
}
{
  resource: {
    attributes: {
      'host.name': 'Arunesh',
      'host.arch': 'amd64',
      'host.id': '961ee426-227a-4c11-9579-fdfc83a68919',
      'process.pid': 29064,
      'process.executable.name': 'Administrator:  C:\\WINDOWS\\system32\\cmd.exe ',
      'process.executable.path': 'C:\\Program Files\\nodejs\\node.exe',
      'process.command_args': [
        'C:\\Program Files\\nodejs\\node.exe',
        'C:\\Users\\Administrator\\.gemini\\antigravity_old\\scratch_old\\tallyme\\apps\\backend\\dist\\src\\main.js'
      ],
      'process.runtime.version': '24.12.0',
      'process.runtime.name': 'nodejs',
      'process.runtime.description': 'Node.js',
      'process.command': 'C:\\Users\\Administrator\\.gemini\\antigravity_old\\scratch_old\\tallyme\\apps\\backend\\dist\\src\\main.js',
      'process.owner': 'Administrator',
      'service.name': 'unknown_service:node',
      'telemetry.sdk.language': 'nodejs',
      'telemetry.sdk.name': 'opentelemetry',
      'telemetry.sdk.version': '2.10.0'
    }
  },
  instrumentationScope: {
    name: '@opentelemetry/instrumentation-net',
    version: '0.64.0',
    schemaUrl: undefined
  },
  traceId: '094ea94955f8057a27ef9ef69552edce',
  parentSpanContext: {
    traceId: '094ea94955f8057a27ef9ef69552edce',
    spanId: '4c79e4b0e1921bfe',
    traceFlags: 1,
    traceState: undefined
  },
  traceState: undefined,
  name: 'tcp.connect',
  id: 'a3b7a986d1c8d24a',
  kind: 0,
  timestamp: 1785001441520000,
  duration: 9178.2,
  attributes: {
    'net.transport': 'ip_tcp',
    'net.peer.name': 'localhost',
    'net.peer.port': 6380,
    'net.peer.ip': '::1',
    'net.host.ip': '::1',
    'net.host.port': 53202
  },
  status: { code: 0 },
  events: [],
  links: []
}
{
  resource: {
    attributes: {
      'host.name': 'Arunesh',
      'host.arch': 'amd64',
      'host.id': '961ee426-227a-4c11-9579-fdfc83a68919',
      'process.pid': 29064,
      'process.executable.name': 'Administrator:  C:\\WINDOWS\\system32\\cmd.exe ',
      'process.executable.path': 'C:\\Program Files\\nodejs\\node.exe',
      'process.command_args': [
        'C:\\Program Files\\nodejs\\node.exe',
        'C:\\Users\\Administrator\\.gemini\\antigravity_old\\scratch_old\\tallyme\\apps\\backend\\dist\\src\\main.js'
      ],
      'process.runtime.version': '24.12.0',
      'process.runtime.name': 'nodejs',
      'process.runtime.description': 'Node.js',
      'process.command': 'C:\\Users\\Administrator\\.gemini\\antigravity_old\\scratch_old\\tallyme\\apps\\backend\\dist\\src\\main.js',
      'process.owner': 'Administrator',
      'service.name': 'unknown_service:node',
      'telemetry.sdk.language': 'nodejs',
      'telemetry.sdk.name': 'opentelemetry',
      'telemetry.sdk.version': '2.10.0'
    }
  },
  instrumentationScope: {
    name: '@opentelemetry/instrumentation-net',
    version: '0.64.0',
    schemaUrl: undefined
  },
  traceId: '094ea94955f8057a27ef9ef69552edce',
  parentSpanContext: {
    traceId: '094ea94955f8057a27ef9ef69552edce',
    spanId: '4c79e4b0e1921bfe',
    traceFlags: 1,
    traceState: undefined
  },
  traceState: undefined,
  name: 'tcp.connect',
  id: 'a702644fcaf4dcef',
  kind: 0,
  timestamp: 1785001441520000,
  duration: 9466.1,
  attributes: {
    'net.transport': 'ip_tcp',
    'net.peer.name': 'localhost',
    'net.peer.port': 6380,
    'net.peer.ip': '::1',
    'net.host.ip': '::1',
    'net.host.port': 53203
  },
  status: { code: 0 },
  events: [],
  links: []
}
{
  resource: {
    attributes: {
      'host.name': 'Arunesh',
      'host.arch': 'amd64',
      'host.id': '961ee426-227a-4c11-9579-fdfc83a68919',
      'process.pid': 29064,
      'process.executable.name': 'Administrator:  C:\\WINDOWS\\system32\\cmd.exe ',
      'process.executable.path': 'C:\\Program Files\\nodejs\\node.exe',
      'process.command_args': [
        'C:\\Program Files\\nodejs\\node.exe',
        'C:\\Users\\Administrator\\.gemini\\antigravity_old\\scratch_old\\tallyme\\apps\\backend\\dist\\src\\main.js'
      ],
      'process.runtime.version': '24.12.0',
      'process.runtime.name': 'nodejs',
      'process.runtime.description': 'Node.js',
      'process.command': 'C:\\Users\\Administrator\\.gemini\\antigravity_old\\scratch_old\\tallyme\\apps\\backend\\dist\\src\\main.js',
      'process.owner': 'Administrator',
      'service.name': 'unknown_service:node',
      'telemetry.sdk.language': 'nodejs',
      'telemetry.sdk.name': 'opentelemetry',
      'telemetry.sdk.version': '2.10.0'
    }
  },
  instrumentationScope: {
    name: '@opentelemetry/instrumentation-net',
    version: '0.64.0',
    schemaUrl: undefined
  },
  traceId: '094ea94955f8057a27ef9ef69552edce',
  parentSpanContext: {
    traceId: '094ea94955f8057a27ef9ef69552edce',
    spanId: '4c79e4b0e1921bfe',
    traceFlags: 1,
    traceState: undefined
  },
  traceState: undefined,
  name: 'tcp.connect',
  id: '5fe9b310c34bc29f',
  kind: 0,
  timestamp: 1785001441520000,
  duration: 9859.9,
  attributes: {
    'net.transport': 'ip_tcp',
    'net.peer.name': 'localhost',
    'net.peer.port': 6380,
    'net.peer.ip': '::1',
    'net.host.ip': '::1',
    'net.host.port': 53204
  },
  status: { code: 0 },
  events: [],
  links: []
}
{
  resource: {
    attributes: {
      'host.name': 'Arunesh',
      'host.arch': 'amd64',
      'host.id': '961ee426-227a-4c11-9579-fdfc83a68919',
      'process.pid': 29064,
      'process.executable.name': 'Administrator:  C:\\WINDOWS\\system32\\cmd.exe ',
      'process.executable.path': 'C:\\Program Files\\nodejs\\node.exe',
      'process.command_args': [
        'C:\\Program Files\\nodejs\\node.exe',
        'C:\\Users\\Administrator\\.gemini\\antigravity_old\\scratch_old\\tallyme\\apps\\backend\\dist\\src\\main.js'
      ],
      'process.runtime.version': '24.12.0',
      'process.runtime.name': 'nodejs',
      'process.runtime.description': 'Node.js',
      'process.command': 'C:\\Users\\Administrator\\.gemini\\antigravity_old\\scratch_old\\tallyme\\apps\\backend\\dist\\src\\main.js',
      'process.owner': 'Administrator',
      'service.name': 'unknown_service:node',
      'telemetry.sdk.language': 'nodejs',
      'telemetry.sdk.name': 'opentelemetry',
      'telemetry.sdk.version': '2.10.0'
    }
  },
  instrumentationScope: {
    name: '@opentelemetry/instrumentation-net',
    version: '0.64.0',
    schemaUrl: undefined
  },
  traceId: '094ea94955f8057a27ef9ef69552edce',
  parentSpanContext: {
    traceId: '094ea94955f8057a27ef9ef69552edce',
    spanId: '4c79e4b0e1921bfe',
    traceFlags: 1,
    traceState: undefined
  },
  traceState: undefined,
  name: 'tcp.connect',
  id: 'f54e92d6939cd457',
  kind: 0,
  timestamp: 1785001441521000,
  duration: 9973.1,
  attributes: {
    'net.transport': 'ip_tcp',
    'net.peer.name': 'localhost',
    'net.peer.port': 6380,
    'net.peer.ip': '::1',
    'net.host.ip': '::1',
    'net.host.port': 53205
  },
  status: { code: 0 },
  events: [],
  links: []
}
{
  resource: {
    attributes: {
      'host.name': 'Arunesh',
      'host.arch': 'amd64',
      'host.id': '961ee426-227a-4c11-9579-fdfc83a68919',
      'process.pid': 29064,
      'process.executable.name': 'Administrator:  C:\\WINDOWS\\system32\\cmd.exe ',
      'process.executable.path': 'C:\\Program Files\\nodejs\\node.exe',
      'process.command_args': [
        'C:\\Program Files\\nodejs\\node.exe',
        'C:\\Users\\Administrator\\.gemini\\antigravity_old\\scratch_old\\tallyme\\apps\\backend\\dist\\src\\main.js'
      ],
      'process.runtime.version': '24.12.0',
      'process.runtime.name': 'nodejs',
      'process.runtime.description': 'Node.js',
      'process.command': 'C:\\Users\\Administrator\\.gemini\\antigravity_old\\scratch_old\\tallyme\\apps\\backend\\dist\\src\\main.js',
      'process.owner': 'Administrator',
      'service.name': 'unknown_service:node',
      'telemetry.sdk.language': 'nodejs',
      'telemetry.sdk.name': 'opentelemetry',
      'telemetry.sdk.version': '2.10.0'
    }
  },
  instrumentationScope: {
    name: '@opentelemetry/instrumentation-net',
    version: '0.64.0',
    schemaUrl: undefined
  },
  traceId: '094ea94955f8057a27ef9ef69552edce',
  parentSpanContext: {
    traceId: '094ea94955f8057a27ef9ef69552edce',
    spanId: '4c79e4b0e1921bfe',
    traceFlags: 1,
    traceState: undefined
  },
  traceState: undefined,
  name: 'tcp.connect',
  id: 'f9c3b61896d61214',
  kind: 0,
  timestamp: 1785001441521000,
  duration: 10023.7,
  attributes: {
    'net.transport': 'ip_tcp',
    'net.peer.name': 'localhost',
    'net.peer.port': 6380,
    'net.peer.ip': '::1',
    'net.host.ip': '::1',
    'net.host.port': 53206
  },
  status: { code: 0 },
  events: [],
  links: []
}
{
  resource: {
    attributes: {
      'host.name': 'Arunesh',
      'host.arch': 'amd64',
      'host.id': '961ee426-227a-4c11-9579-fdfc83a68919',
      'process.pid': 29064,
      'process.executable.name': 'Administrator:  C:\\WINDOWS\\system32\\cmd.exe ',
      'process.executable.path': 'C:\\Program Files\\nodejs\\node.exe',
      'process.command_args': [
        'C:\\Program Files\\nodejs\\node.exe',
        'C:\\Users\\Administrator\\.gemini\\antigravity_old\\scratch_old\\tallyme\\apps\\backend\\dist\\src\\main.js'
      ],
      'process.runtime.version': '24.12.0',
      'process.runtime.name': 'nodejs',
      'process.runtime.description': 'Node.js',
      'process.command': 'C:\\Users\\Administrator\\.gemini\\antigravity_old\\scratch_old\\tallyme\\apps\\backend\\dist\\src\\main.js',
      'process.owner': 'Administrator',
      'service.name': 'unknown_service:node',
      'telemetry.sdk.language': 'nodejs',
      'telemetry.sdk.name': 'opentelemetry',
      'telemetry.sdk.version': '2.10.0'
    }
  },
  instrumentationScope: {
    name: '@opentelemetry/instrumentation-net',
    version: '0.64.0',
    schemaUrl: undefined
  },
  traceId: '094ea94955f8057a27ef9ef69552edce',
  parentSpanContext: {
    traceId: '094ea94955f8057a27ef9ef69552edce',
    spanId: '4c79e4b0e1921bfe',
    traceFlags: 1,
    traceState: undefined
  },
  traceState: undefined,
  name: 'tcp.connect',
  id: '3a29975eda38c52c',
  kind: 0,
  timestamp: 1785001441521000,
  duration: 10163.9,
  attributes: {
    'net.transport': 'ip_tcp',
    'net.peer.name': 'localhost',
    'net.peer.port': 6380,
    'net.peer.ip': '::1',
    'net.host.ip': '::1',
    'net.host.port': 53207
  },
  status: { code: 0 },
  events: [],
  links: []
}
{
  resource: {
    attributes: {
      'host.name': 'Arunesh',
      'host.arch': 'amd64',
      'host.id': '961ee426-227a-4c11-9579-fdfc83a68919',
      'process.pid': 29064,
      'process.executable.name': 'Administrator:  C:\\WINDOWS\\system32\\cmd.exe ',
      'process.executable.path': 'C:\\Program Files\\nodejs\\node.exe',
      'process.command_args': [
        'C:\\Program Files\\nodejs\\node.exe',
        'C:\\Users\\Administrator\\.gemini\\antigravity_old\\scratch_old\\tallyme\\apps\\backend\\dist\\src\\main.js'
      ],
      'process.runtime.version': '24.12.0',
      'process.runtime.name': 'nodejs',
      'process.runtime.description': 'Node.js',
      'process.command': 'C:\\Users\\Administrator\\.gemini\\antigravity_old\\scratch_old\\tallyme\\apps\\backend\\dist\\src\\main.js',
      'process.owner': 'Administrator',
      'service.name': 'unknown_service:node',
      'telemetry.sdk.language': 'nodejs',
      'telemetry.sdk.name': 'opentelemetry',
      'telemetry.sdk.version': '2.10.0'
    }
  },
  instrumentationScope: {
    name: '@opentelemetry/instrumentation-net',
    version: '0.64.0',
    schemaUrl: undefined
  },
  traceId: '094ea94955f8057a27ef9ef69552edce',
  parentSpanContext: {
    traceId: '094ea94955f8057a27ef9ef69552edce',
    spanId: '4c79e4b0e1921bfe',
    traceFlags: 1,
    traceState: undefined
  },
  traceState: undefined,
  name: 'tcp.connect',
  id: '5feafc9bfcccddfc',
  kind: 0,
  timestamp: 1785001441521000,
  duration: 10228.6,
  attributes: {
    'net.transport': 'ip_tcp',
    'net.peer.name': 'localhost',
    'net.peer.port': 6380,
    'net.peer.ip': '::1',
    'net.host.ip': '::1',
    'net.host.port': 53208
  },
  status: { code: 0 },
  events: [],
  links: []
}
{
  resource: {
    attributes: {
      'host.name': 'Arunesh',
      'host.arch': 'amd64',
      'host.id': '961ee426-227a-4c11-9579-fdfc83a68919',
      'process.pid': 29064,
      'process.executable.name': 'Administrator:  C:\\WINDOWS\\system32\\cmd.exe ',
      'process.executable.path': 'C:\\Program Files\\nodejs\\node.exe',
      'process.command_args': [
        'C:\\Program Files\\nodejs\\node.exe',
        'C:\\Users\\Administrator\\.gemini\\antigravity_old\\scratch_old\\tallyme\\apps\\backend\\dist\\src\\main.js'
      ],
      'process.runtime.version': '24.12.0',
      'process.runtime.name': 'nodejs',
      'process.runtime.description': 'Node.js',
      'process.command': 'C:\\Users\\Administrator\\.gemini\\antigravity_old\\scratch_old\\tallyme\\apps\\backend\\dist\\src\\main.js',
      'process.owner': 'Administrator',
      'service.name': 'unknown_service:node',
      'telemetry.sdk.language': 'nodejs',
      'telemetry.sdk.name': 'opentelemetry',
      'telemetry.sdk.version': '2.10.0'
    }
  },
  instrumentationScope: {
    name: '@opentelemetry/instrumentation-net',
    version: '0.64.0',
    schemaUrl: undefined
  },
  traceId: '422745b606b08f91d3b35f2e9535b480',
  parentSpanContext: undefined,
  traceState: undefined,
  name: 'tcp.connect',
  id: '150b59ce8c02bd9d',
  kind: 0,
  timestamp: 1785001441521000,
  duration: 10424.4,
  attributes: {
    'net.transport': 'ip_tcp',
    'net.peer.name': 'localhost',
    'net.peer.port': 6380,
    'net.peer.ip': '::1',
    'net.host.ip': '::1',
    'net.host.port': 53209
  },
  status: { code: 0 },
  events: [],
  links: []
}
{
  resource: {
    attributes: {
      'host.name': 'Arunesh',
      'host.arch': 'amd64',
      'host.id': '961ee426-227a-4c11-9579-fdfc83a68919',
      'process.pid': 29064,
      'process.executable.name': 'Administrator:  C:\\WINDOWS\\system32\\cmd.exe ',
      'process.executable.path': 'C:\\Program Files\\nodejs\\node.exe',
      'process.command_args': [
        'C:\\Program Files\\nodejs\\node.exe',
        'C:\\Users\\Administrator\\.gemini\\antigravity_old\\scratch_old\\tallyme\\apps\\backend\\dist\\src\\main.js'
      ],
      'process.runtime.version': '24.12.0',
      'process.runtime.name': 'nodejs',
      'process.runtime.description': 'Node.js',
      'process.command': 'C:\\Users\\Administrator\\.gemini\\antigravity_old\\scratch_old\\tallyme\\apps\\backend\\dist\\src\\main.js',
      'process.owner': 'Administrator',
      'service.name': 'unknown_service:node',
      'telemetry.sdk.language': 'nodejs',
      'telemetry.sdk.name': 'opentelemetry',
      'telemetry.sdk.version': '2.10.0'
    }
  },
  instrumentationScope: {
    name: '@opentelemetry/instrumentation-net',
    version: '0.64.0',
    schemaUrl: undefined
  },
  traceId: '094ea94955f8057a27ef9ef69552edce',
  parentSpanContext: {
    traceId: '094ea94955f8057a27ef9ef69552edce',
    spanId: '4c79e4b0e1921bfe',
    traceFlags: 1,
    traceState: undefined
  },
  traceState: undefined,
  name: 'tcp.connect',
  id: 'ce74ca0931870d2e',
  kind: 0,
  timestamp: 1785001441521000,
  duration: 10550.9,
  attributes: {
    'net.transport': 'ip_tcp',
    'net.peer.name': 'localhost',
    'net.peer.port': 6380,
    'net.peer.ip': '::1',
    'net.host.ip': '::1',
    'net.host.port': 53210
  },
  status: { code: 0 },
  events: [],
  links: []
}
{
  resource: {
    attributes: {
      'host.name': 'Arunesh',
      'host.arch': 'amd64',
      'host.id': '961ee426-227a-4c11-9579-fdfc83a68919',
      'process.pid': 29064,
      'process.executable.name': 'Administrator:  C:\\WINDOWS\\system32\\cmd.exe ',
      'process.executable.path': 'C:\\Program Files\\nodejs\\node.exe',
      'process.command_args': [
        'C:\\Program Files\\nodejs\\node.exe',
        'C:\\Users\\Administrator\\.gemini\\antigravity_old\\scratch_old\\tallyme\\apps\\backend\\dist\\src\\main.js'
      ],
      'process.runtime.version': '24.12.0',
      'process.runtime.name': 'nodejs',
      'process.runtime.description': 'Node.js',
      'process.command': 'C:\\Users\\Administrator\\.gemini\\antigravity_old\\scratch_old\\tallyme\\apps\\backend\\dist\\src\\main.js',
      'process.owner': 'Administrator',
      'service.name': 'unknown_service:node',
      'telemetry.sdk.language': 'nodejs',
      'telemetry.sdk.name': 'opentelemetry',
      'telemetry.sdk.version': '2.10.0'
    }
  },
  instrumentationScope: {
    name: '@opentelemetry/instrumentation-net',
    version: '0.64.0',
    schemaUrl: undefined
  },
  traceId: '094ea94955f8057a27ef9ef69552edce',
  parentSpanContext: {
    traceId: '094ea94955f8057a27ef9ef69552edce',
    spanId: '4c79e4b0e1921bfe',
    traceFlags: 1,
    traceState: undefined
  },
  traceState: undefined,
  name: 'tcp.connect',
  id: '86b6753ad4bf776e',
  kind: 0,
  timestamp: 1785001441521000,
  duration: 10799.6,
  attributes: {
    'net.transport': 'ip_tcp',
    'net.peer.name': 'localhost',
    'net.peer.port': 6380,
    'net.peer.ip': '::1',
    'net.host.ip': '::1',
    'net.host.port': 53211
  },
  status: { code: 0 },
  events: [],
  links: []
}
{
  resource: {
    attributes: {
      'host.name': 'Arunesh',
      'host.arch': 'amd64',
      'host.id': '961ee426-227a-4c11-9579-fdfc83a68919',
      'process.pid': 29064,
      'process.executable.name': 'Administrator:  C:\\WINDOWS\\system32\\cmd.exe ',
      'process.executable.path': 'C:\\Program Files\\nodejs\\node.exe',
      'process.command_args': [
        'C:\\Program Files\\nodejs\\node.exe',
        'C:\\Users\\Administrator\\.gemini\\antigravity_old\\scratch_old\\tallyme\\apps\\backend\\dist\\src\\main.js'
      ],
      'process.runtime.version': '24.12.0',
      'process.runtime.name': 'nodejs',
      'process.runtime.description': 'Node.js',
      'process.command': 'C:\\Users\\Administrator\\.gemini\\antigravity_old\\scratch_old\\tallyme\\apps\\backend\\dist\\src\\main.js',
      'process.owner': 'Administrator',
      'service.name': 'unknown_service:node',
      'telemetry.sdk.language': 'nodejs',
      'telemetry.sdk.name': 'opentelemetry',
      'telemetry.sdk.version': '2.10.0'
    }
  },
  instrumentationScope: {
    name: '@opentelemetry/instrumentation-net',
    version: '0.64.0',
    schemaUrl: undefined
  },
  traceId: '094ea94955f8057a27ef9ef69552edce',
  parentSpanContext: {
    traceId: '094ea94955f8057a27ef9ef69552edce',
    spanId: '4c79e4b0e1921bfe',
    traceFlags: 1,
    traceState: undefined
  },
  traceState: undefined,
  name: 'tcp.connect',
  id: 'f205c191e5923b04',
  kind: 0,
  timestamp: 1785001441521000,
  duration: 10983.5,
  attributes: {
    'net.transport': 'ip_tcp',
    'net.peer.name': 'localhost',
    'net.peer.port': 6380,
    'net.peer.ip': '::1',
    'net.host.ip': '::1',
    'net.host.port': 53212
  },
  status: { code: 0 },
  events: [],
  links: []
}
{
  resource: {
    attributes: {
      'host.name': 'Arunesh',
      'host.arch': 'amd64',
      'host.id': '961ee426-227a-4c11-9579-fdfc83a68919',
      'process.pid': 29064,
      'process.executable.name': 'Administrator:  C:\\WINDOWS\\system32\\cmd.exe ',
      'process.executable.path': 'C:\\Program Files\\nodejs\\node.exe',
      'process.command_args': [
        'C:\\Program Files\\nodejs\\node.exe',
        'C:\\Users\\Administrator\\.gemini\\antigravity_old\\scratch_old\\tallyme\\apps\\backend\\dist\\src\\main.js'
      ],
      'process.runtime.version': '24.12.0',
      'process.runtime.name': 'nodejs',
      'process.runtime.description': 'Node.js',
      'process.command': 'C:\\Users\\Administrator\\.gemini\\antigravity_old\\scratch_old\\tallyme\\apps\\backend\\dist\\src\\main.js',
      'process.owner': 'Administrator',
      'service.name': 'unknown_service:node',
      'telemetry.sdk.language': 'nodejs',
      'telemetry.sdk.name': 'opentelemetry',
      'telemetry.sdk.version': '2.10.0'
    }
  },
  instrumentationScope: {
    name: '@opentelemetry/instrumentation-ioredis',
    version: '0.68.0',
    schemaUrl: undefined
  },
  traceId: '094ea94955f8057a27ef9ef69552edce',
  parentSpanContext: {
    traceId: '094ea94955f8057a27ef9ef69552edce',
    spanId: '4c79e4b0e1921bfe',
    traceFlags: 1,
    traceState: undefined
  },
  traceState: undefined,
  name: 'client',
  id: '8362c09d68647e1a',
  kind: 2,
  timestamp: 1785001441528000,
  duration: 3848.8,
  attributes: {
    'db.system': 'redis',
    'db.statement': 'client SETINFO LIB-NAME ioredis',
    'db.connection_string': 'redis://localhost:6380',
    'net.peer.name': 'localhost',
    'net.peer.port': 6380
  },
  status: { code: 0 },
  events: [],
  links: []
}
{
  resource: {
    attributes: {
      'host.name': 'Arunesh',
      'host.arch': 'amd64',
      'host.id': '961ee426-227a-4c11-9579-fdfc83a68919',
      'process.pid': 29064,
      'process.executable.name': 'Administrator:  C:\\WINDOWS\\system32\\cmd.exe ',
      'process.executable.path': 'C:\\Program Files\\nodejs\\node.exe',
      'process.command_args': [
        'C:\\Program Files\\nodejs\\node.exe',
        'C:\\Users\\Administrator\\.gemini\\antigravity_old\\scratch_old\\tallyme\\apps\\backend\\dist\\src\\main.js'
      ],
      'process.runtime.version': '24.12.0',
      'process.runtime.name': 'nodejs',
      'process.runtime.description': 'Node.js',
      'process.command': 'C:\\Users\\Administrator\\.gemini\\antigravity_old\\scratch_old\\tallyme\\apps\\backend\\dist\\src\\main.js',
      'process.owner': 'Administrator',
      'service.name': 'unknown_service:node',
      'telemetry.sdk.language': 'nodejs',
      'telemetry.sdk.name': 'opentelemetry',
      'telemetry.sdk.version': '2.10.0'
    }
  },
  instrumentationScope: {
    name: '@opentelemetry/instrumentation-ioredis',
    version: '0.68.0',
    schemaUrl: undefined
  },
  traceId: '094ea94955f8057a27ef9ef69552edce',
  parentSpanContext: {
    traceId: '094ea94955f8057a27ef9ef69552edce',
    spanId: '4c79e4b0e1921bfe',
    traceFlags: 1,
    traceState: undefined
  },
  traceState: undefined,
  name: 'client',
  id: '5635f97a33697e1a',
  kind: 2,
  timestamp: 1785001441529000,
  duration: 3552.6,
  attributes: {
    'db.system': 'redis',
    'db.statement': 'client SETINFO LIB-VER 5.11.1',
    'db.connection_string': 'redis://localhost:6380',
    'net.peer.name': 'localhost',
    'net.peer.port': 6380
  },
  status: { code: 0 },
  events: [],
  links: []
}
{
  resource: {
    attributes: {
      'host.name': 'Arunesh',
      'host.arch': 'amd64',
      'host.id': '961ee426-227a-4c11-9579-fdfc83a68919',
      'process.pid': 29064,
      'process.executable.name': 'Administrator:  C:\\WINDOWS\\system32\\cmd.exe ',
      'process.executable.path': 'C:\\Program Files\\nodejs\\node.exe',
      'process.command_args': [
        'C:\\Program Files\\nodejs\\node.exe',
        'C:\\Users\\Administrator\\.gemini\\antigravity_old\\scratch_old\\tallyme\\apps\\backend\\dist\\src\\main.js'
      ],
      'process.runtime.version': '24.12.0',
      'process.runtime.name': 'nodejs',
      'process.runtime.description': 'Node.js',
      'process.command': 'C:\\Users\\Administrator\\.gemini\\antigravity_old\\scratch_old\\tallyme\\apps\\backend\\dist\\src\\main.js',
      'process.owner': 'Administrator',
      'service.name': 'unknown_service:node',
      'telemetry.sdk.language': 'nodejs',
      'telemetry.sdk.name': 'opentelemetry',
      'telemetry.sdk.version': '2.10.0'
    }
  },
  instrumentationScope: {
    name: '@opentelemetry/instrumentation-ioredis',
    version: '0.68.0',
    schemaUrl: undefined
  },
  traceId: '094ea94955f8057a27ef9ef69552edce',
  parentSpanContext: {
    traceId: '094ea94955f8057a27ef9ef69552edce',
    spanId: '4c79e4b0e1921bfe',
    traceFlags: 1,
    traceState: undefined
  },
  traceState: undefined,
  name: 'client',
  id: '26debe87bf932354',
  kind: 2,
  timestamp: 1785001441529000,
  duration: 3221,
  attributes: {
    'db.system': 'redis',
    'db.statement': 'client SETINFO LIB-NAME ioredis',
    'db.connection_string': 'redis://localhost:6380',
    'net.peer.name': 'localhost',
    'net.peer.port': 6380
  },
  status: { code: 0 },
  events: [],
  links: []
}
{
  resource: {
    attributes: {
      'host.name': 'Arunesh',
      'host.arch': 'amd64',
      'host.id': '961ee426-227a-4c11-9579-fdfc83a68919',
      'process.pid': 29064,
      'process.executable.name': 'Administrator:  C:\\WINDOWS\\system32\\cmd.exe ',
      'process.executable.path': 'C:\\Program Files\\nodejs\\node.exe',
      'process.command_args': [
        'C:\\Program Files\\nodejs\\node.exe',
        'C:\\Users\\Administrator\\.gemini\\antigravity_old\\scratch_old\\tallyme\\apps\\backend\\dist\\src\\main.js'
      ],
      'process.runtime.version': '24.12.0',
      'process.runtime.name': 'nodejs',
      'process.runtime.description': 'Node.js',
      'process.command': 'C:\\Users\\Administrator\\.gemini\\antigravity_old\\scratch_old\\tallyme\\apps\\backend\\dist\\src\\main.js',
      'process.owner': 'Administrator',
      'service.name': 'unknown_service:node',
      'telemetry.sdk.language': 'nodejs',
      'telemetry.sdk.name': 'opentelemetry',
      'telemetry.sdk.version': '2.10.0'
    }
  },
  instrumentationScope: {
    name: '@opentelemetry/instrumentation-ioredis',
    version: '0.68.0',
    schemaUrl: undefined
  },
  traceId: '094ea94955f8057a27ef9ef69552edce',
  parentSpanContext: {
    traceId: '094ea94955f8057a27ef9ef69552edce',
    spanId: '4c79e4b0e1921bfe',
    traceFlags: 1,
    traceState: undefined
  },
  traceState: undefined,
  name: 'client',
  id: '666341fe4d098d29',
  kind: 2,
  timestamp: 1785001441529000,
  duration: 2865.4,
  attributes: {
    'db.system': 'redis',
    'db.statement': 'client SETINFO LIB-VER 5.11.1',
    'db.connection_string': 'redis://localhost:6380',
    'net.peer.name': 'localhost',
    'net.peer.port': 6380
  },
  status: { code: 0 },
  events: [],
  links: []
}
{
  resource: {
    attributes: {
      'host.name': 'Arunesh',
      'host.arch': 'amd64',
      'host.id': '961ee426-227a-4c11-9579-fdfc83a68919',
      'process.pid': 29064,
      'process.executable.name': 'Administrator:  C:\\WINDOWS\\system32\\cmd.exe ',
      'process.executable.path': 'C:\\Program Files\\nodejs\\node.exe',
      'process.command_args': [
        'C:\\Program Files\\nodejs\\node.exe',
        'C:\\Users\\Administrator\\.gemini\\antigravity_old\\scratch_old\\tallyme\\apps\\backend\\dist\\src\\main.js'
      ],
      'process.runtime.version': '24.12.0',
      'process.runtime.name': 'nodejs',
      'process.runtime.description': 'Node.js',
      'process.command': 'C:\\Users\\Administrator\\.gemini\\antigravity_old\\scratch_old\\tallyme\\apps\\backend\\dist\\src\\main.js',
      'process.owner': 'Administrator',
      'service.name': 'unknown_service:node',
      'telemetry.sdk.language': 'nodejs',
      'telemetry.sdk.name': 'opentelemetry',
      'telemetry.sdk.version': '2.10.0'
    }
  },
  instrumentationScope: {
    name: '@opentelemetry/instrumentation-ioredis',
    version: '0.68.0',
    schemaUrl: undefined
  },
  traceId: '094ea94955f8057a27ef9ef69552edce',
  parentSpanContext: {
    traceId: '094ea94955f8057a27ef9ef69552edce',
    spanId: '4c79e4b0e1921bfe',
    traceFlags: 1,
    traceState: undefined
  },
  traceState: undefined,
  name: 'client',
  id: '92186772094b49ac',
  kind: 2,
  timestamp: 1785001441530000,
  duration: 2649.4,
  attributes: {
    'db.system': 'redis',
    'db.statement': 'client SETINFO LIB-NAME ioredis',
    'db.connection_string': 'redis://localhost:6380',
    'net.peer.name': 'localhost',
    'net.peer.port': 6380
  },
  status: { code: 0 },
  events: [],
  links: []
}
{
  resource: {
    attributes: {
      'host.name': 'Arunesh',
      'host.arch': 'amd64',
      'host.id': '961ee426-227a-4c11-9579-fdfc83a68919',
      'process.pid': 29064,
      'process.executable.name': 'Administrator:  C:\\WINDOWS\\system32\\cmd.exe ',
      'process.executable.path': 'C:\\Program Files\\nodejs\\node.exe',
      'process.command_args': [
        'C:\\Program Files\\nodejs\\node.exe',
        'C:\\Users\\Administrator\\.gemini\\antigravity_old\\scratch_old\\tallyme\\apps\\backend\\dist\\src\\main.js'
      ],
      'process.runtime.version': '24.12.0',
      'process.runtime.name': 'nodejs',
      'process.runtime.description': 'Node.js',
      'process.command': 'C:\\Users\\Administrator\\.gemini\\antigravity_old\\scratch_old\\tallyme\\apps\\backend\\dist\\src\\main.js',
      'process.owner': 'Administrator',
      'service.name': 'unknown_service:node',
      'telemetry.sdk.language': 'nodejs',
      'telemetry.sdk.name': 'opentelemetry',
      'telemetry.sdk.version': '2.10.0'
    }
  },
  instrumentationScope: {
    name: '@opentelemetry/instrumentation-ioredis',
    version: '0.68.0',
    schemaUrl: undefined
  },
  traceId: '094ea94955f8057a27ef9ef69552edce',
  parentSpanContext: {
    traceId: '094ea94955f8057a27ef9ef69552edce',
    spanId: '4c79e4b0e1921bfe',
    traceFlags: 1,
    traceState: undefined
  },
  traceState: undefined,
  name: 'client',
  id: '217125748699e55d',
  kind: 2,
  timestamp: 1785001441530000,
  duration: 2507.8,
  attributes: {
    'db.system': 'redis',
    'db.statement': 'client SETINFO LIB-VER 5.11.1',
    'db.connection_string': 'redis://localhost:6380',
    'net.peer.name': 'localhost',
    'net.peer.port': 6380
  },
  status: { code: 0 },
  events: [],
  links: []
}
{
  resource: {
    attributes: {
      'host.name': 'Arunesh',
      'host.arch': 'amd64',
      'host.id': '961ee426-227a-4c11-9579-fdfc83a68919',
      'process.pid': 29064,
      'process.executable.name': 'Administrator:  C:\\WINDOWS\\system32\\cmd.exe ',
      'process.executable.path': 'C:\\Program Files\\nodejs\\node.exe',
      'process.command_args': [
        'C:\\Program Files\\nodejs\\node.exe',
        'C:\\Users\\Administrator\\.gemini\\antigravity_old\\scratch_old\\tallyme\\apps\\backend\\dist\\src\\main.js'
      ],
      'process.runtime.version': '24.12.0',
      'process.runtime.name': 'nodejs',
      'process.runtime.description': 'Node.js',
      'process.command': 'C:\\Users\\Administrator\\.gemini\\antigravity_old\\scratch_old\\tallyme\\apps\\backend\\dist\\src\\main.js',
      'process.owner': 'Administrator',
      'service.name': 'unknown_service:node',
      'telemetry.sdk.language': 'nodejs',
      'telemetry.sdk.name': 'opentelemetry',
      'telemetry.sdk.version': '2.10.0'
    }
  },
  instrumentationScope: {
    name: '@opentelemetry/instrumentation-ioredis',
    version: '0.68.0',
    schemaUrl: undefined
  },
  traceId: '094ea94955f8057a27ef9ef69552edce',
  parentSpanContext: {
    traceId: '094ea94955f8057a27ef9ef69552edce',
    spanId: '4c79e4b0e1921bfe',
    traceFlags: 1,
    traceState: undefined
  },
  traceState: undefined,
  name: 'client',
  id: '595c4bfd91d0589c',
  kind: 2,
  timestamp: 1785001441530000,
  duration: 2337.1,
  attributes: {
    'db.system': 'redis',
    'db.statement': 'client SETINFO LIB-NAME ioredis',
    'db.connection_string': 'redis://localhost:6380',
    'net.peer.name': 'localhost',
    'net.peer.port': 6380
  },
  status: { code: 0 },
  events: [],
  links: []
}
{
  resource: {
    attributes: {
      'host.name': 'Arunesh',
      'host.arch': 'amd64',
      'host.id': '961ee426-227a-4c11-9579-fdfc83a68919',
      'process.pid': 29064,
      'process.executable.name': 'Administrator:  C:\\WINDOWS\\system32\\cmd.exe ',
      'process.executable.path': 'C:\\Program Files\\nodejs\\node.exe',
      'process.command_args': [
        'C:\\Program Files\\nodejs\\node.exe',
        'C:\\Users\\Administrator\\.gemini\\antigravity_old\\scratch_old\\tallyme\\apps\\backend\\dist\\src\\main.js'
      ],
      'process.runtime.version': '24.12.0',
      'process.runtime.name': 'nodejs',
      'process.runtime.description': 'Node.js',
      'process.command': 'C:\\Users\\Administrator\\.gemini\\antigravity_old\\scratch_old\\tallyme\\apps\\backend\\dist\\src\\main.js',
      'process.owner': 'Administrator',
      'service.name': 'unknown_service:node',
      'telemetry.sdk.language': 'nodejs',
      'telemetry.sdk.name': 'opentelemetry',
      'telemetry.sdk.version': '2.10.0'
    }
  },
  instrumentationScope: {
    name: '@opentelemetry/instrumentation-ioredis',
    version: '0.68.0',
    schemaUrl: undefined
  },
  traceId: '094ea94955f8057a27ef9ef69552edce',
  parentSpanContext: {
    traceId: '094ea94955f8057a27ef9ef69552edce',
    spanId: '4c79e4b0e1921bfe',
    traceFlags: 1,
    traceState: undefined
  },
  traceState: undefined,
  name: 'client',
  id: '45f13d1acbfc1a3f',
  kind: 2,
  timestamp: 1785001441530000,
  duration: 2146.2,
  attributes: {
    'db.system': 'redis',
    'db.statement': 'client SETINFO LIB-VER 5.11.1',
    'db.connection_string': 'redis://localhost:6380',
    'net.peer.name': 'localhost',
    'net.peer.port': 6380
  },
  status: { code: 0 },
  events: [],
  links: []
}
{
  resource: {
    attributes: {
      'host.name': 'Arunesh',
      'host.arch': 'amd64',
      'host.id': '961ee426-227a-4c11-9579-fdfc83a68919',
      'process.pid': 29064,
      'process.executable.name': 'Administrator:  C:\\WINDOWS\\system32\\cmd.exe ',
      'process.executable.path': 'C:\\Program Files\\nodejs\\node.exe',
      'process.command_args': [
        'C:\\Program Files\\nodejs\\node.exe',
        'C:\\Users\\Administrator\\.gemini\\antigravity_old\\scratch_old\\tallyme\\apps\\backend\\dist\\src\\main.js'
      ],
      'process.runtime.version': '24.12.0',
      'process.runtime.name': 'nodejs',
      'process.runtime.description': 'Node.js',
      'process.command': 'C:\\Users\\Administrator\\.gemini\\antigravity_old\\scratch_old\\tallyme\\apps\\backend\\dist\\src\\main.js',
      'process.owner': 'Administrator',
      'service.name': 'unknown_service:node',
      'telemetry.sdk.language': 'nodejs',
      'telemetry.sdk.name': 'opentelemetry',
      'telemetry.sdk.version': '2.10.0'
    }
  },
  instrumentationScope: {
    name: '@opentelemetry/instrumentation-ioredis',
    version: '0.68.0',
    schemaUrl: undefined
  },
  traceId: '094ea94955f8057a27ef9ef69552edce',
  parentSpanContext: {
    traceId: '094ea94955f8057a27ef9ef69552edce',
    spanId: '4c79e4b0e1921bfe',
    traceFlags: 1,
    traceState: undefined
  },
  traceState: undefined,
  name: 'client',
  id: 'd434f8b4e171e9fd',
  kind: 2,
  timestamp: 1785001441530000,
  duration: 2264,
  attributes: {
    'db.system': 'redis',
    'db.statement': 'client SETINFO LIB-NAME ioredis',
    'db.connection_string': 'redis://localhost:6380',
    'net.peer.name': 'localhost',
    'net.peer.port': 6380
  },
  status: { code: 0 },
  events: [],
  links: []
}
{
  resource: {
    attributes: {
      'host.name': 'Arunesh',
      'host.arch': 'amd64',
      'host.id': '961ee426-227a-4c11-9579-fdfc83a68919',
      'process.pid': 29064,
      'process.executable.name': 'Administrator:  C:\\WINDOWS\\system32\\cmd.exe ',
      'process.executable.path': 'C:\\Program Files\\nodejs\\node.exe',
      'process.command_args': [
        'C:\\Program Files\\nodejs\\node.exe',
        'C:\\Users\\Administrator\\.gemini\\antigravity_old\\scratch_old\\tallyme\\apps\\backend\\dist\\src\\main.js'
      ],
      'process.runtime.version': '24.12.0',
      'process.runtime.name': 'nodejs',
      'process.runtime.description': 'Node.js',
      'process.command': 'C:\\Users\\Administrator\\.gemini\\antigravity_old\\scratch_old\\tallyme\\apps\\backend\\dist\\src\\main.js',
      'process.owner': 'Administrator',
      'service.name': 'unknown_service:node',
      'telemetry.sdk.language': 'nodejs',
      'telemetry.sdk.name': 'opentelemetry',
      'telemetry.sdk.version': '2.10.0'
    }
  },
  instrumentationScope: {
    name: '@opentelemetry/instrumentation-ioredis',
    version: '0.68.0',
    schemaUrl: undefined
  },
  traceId: '094ea94955f8057a27ef9ef69552edce',
  parentSpanContext: {
    traceId: '094ea94955f8057a27ef9ef69552edce',
    spanId: '4c79e4b0e1921bfe',
    traceFlags: 1,
    traceState: undefined
  },
  traceState: undefined,
  name: 'client',
  id: '39351e18592fdb02',
  kind: 2,
  timestamp: 1785001441530000,
  duration: 2252.2,
  attributes: {
    'db.system': 'redis',
    'db.statement': 'client SETINFO LIB-VER 5.11.1',
    'db.connection_string': 'redis://localhost:6380',
    'net.peer.name': 'localhost',
    'net.peer.port': 6380
  },
  status: { code: 0 },
  events: [],
  links: []
}
{
  resource: {
    attributes: {
      'host.name': 'Arunesh',
      'host.arch': 'amd64',
      'host.id': '961ee426-227a-4c11-9579-fdfc83a68919',
      'process.pid': 29064,
      'process.executable.name': 'Administrator:  C:\\WINDOWS\\system32\\cmd.exe ',
      'process.executable.path': 'C:\\Program Files\\nodejs\\node.exe',
      'process.command_args': [
        'C:\\Program Files\\nodejs\\node.exe',
        'C:\\Users\\Administrator\\.gemini\\antigravity_old\\scratch_old\\tallyme\\apps\\backend\\dist\\src\\main.js'
      ],
      'process.runtime.version': '24.12.0',
      'process.runtime.name': 'nodejs',
      'process.runtime.description': 'Node.js',
      'process.command': 'C:\\Users\\Administrator\\.gemini\\antigravity_old\\scratch_old\\tallyme\\apps\\backend\\dist\\src\\main.js',
      'process.owner': 'Administrator',
      'service.name': 'unknown_service:node',
      'telemetry.sdk.language': 'nodejs',
      'telemetry.sdk.name': 'opentelemetry',
      'telemetry.sdk.version': '2.10.0'
    }
  },
  instrumentationScope: {
    name: '@opentelemetry/instrumentation-ioredis',
    version: '0.68.0',
    schemaUrl: undefined
  },
  traceId: '094ea94955f8057a27ef9ef69552edce',
  parentSpanContext: {
    traceId: '094ea94955f8057a27ef9ef69552edce',
    spanId: '4c79e4b0e1921bfe',
    traceFlags: 1,
    traceState: undefined
  },
  traceState: undefined,
  name: 'info',
  id: '4081e3049aeec781',
  kind: 2,
  timestamp: 1785001441532000,
  duration: 1769.8,
  attributes: {
    'db.system': 'redis',
    'db.statement': 'info',
    'db.connection_string': 'redis://localhost:6380',
    'net.peer.name': 'localhost',
    'net.peer.port': 6380
  },
  status: { code: 0 },
  events: [],
  links: []
}
{
  resource: {
    attributes: {
      'host.name': 'Arunesh',
      'host.arch': 'amd64',
      'host.id': '961ee426-227a-4c11-9579-fdfc83a68919',
      'process.pid': 29064,
      'process.executable.name': 'Administrator:  C:\\WINDOWS\\system32\\cmd.exe ',
      'process.executable.path': 'C:\\Program Files\\nodejs\\node.exe',
      'process.command_args': [
        'C:\\Program Files\\nodejs\\node.exe',
        'C:\\Users\\Administrator\\.gemini\\antigravity_old\\scratch_old\\tallyme\\apps\\backend\\dist\\src\\main.js'
      ],
      'process.runtime.version': '24.12.0',
      'process.runtime.name': 'nodejs',
      'process.runtime.description': 'Node.js',
      'process.command': 'C:\\Users\\Administrator\\.gemini\\antigravity_old\\scratch_old\\tallyme\\apps\\backend\\dist\\src\\main.js',
      'process.owner': 'Administrator',
      'service.name': 'unknown_service:node',
      'telemetry.sdk.language': 'nodejs',
      'telemetry.sdk.name': 'opentelemetry',
      'telemetry.sdk.version': '2.10.0'
    }
  },
  instrumentationScope: {
    name: '@opentelemetry/instrumentation-ioredis',
    version: '0.68.0',
    schemaUrl: undefined
  },
  traceId: '094ea94955f8057a27ef9ef69552edce',
  parentSpanContext: {
    traceId: '094ea94955f8057a27ef9ef69552edce',
    spanId: '4c79e4b0e1921bfe',
    traceFlags: 1,
    traceState: undefined
  },
  traceState: undefined,
  name: 'info',
  id: 'd0c2941533a9f8f3',
  kind: 2,
  timestamp: 1785001441532000,
  duration: 2096.4,
  attributes: {
    'db.system': 'redis',
    'db.statement': 'info',
    'db.connection_string': 'redis://localhost:6380',
    'net.peer.name': 'localhost',
    'net.peer.port': 6380
  },
  status: { code: 0 },
  events: [],
  links: []
}
{
  resource: {
    attributes: {
      'host.name': 'Arunesh',
      'host.arch': 'amd64',
      'host.id': '961ee426-227a-4c11-9579-fdfc83a68919',
      'process.pid': 29064,
      'process.executable.name': 'Administrator:  C:\\WINDOWS\\system32\\cmd.exe ',
      'process.executable.path': 'C:\\Program Files\\nodejs\\node.exe',
      'process.command_args': [
        'C:\\Program Files\\nodejs\\node.exe',
        'C:\\Users\\Administrator\\.gemini\\antigravity_old\\scratch_old\\tallyme\\apps\\backend\\dist\\src\\main.js'
      ],
      'process.runtime.version': '24.12.0',
      'process.runtime.name': 'nodejs',
      'process.runtime.description': 'Node.js',
      'process.command': 'C:\\Users\\Administrator\\.gemini\\antigravity_old\\scratch_old\\tallyme\\apps\\backend\\dist\\src\\main.js',
      'process.owner': 'Administrator',
      'service.name': 'unknown_service:node',
      'telemetry.sdk.language': 'nodejs',
      'telemetry.sdk.name': 'opentelemetry',
      'telemetry.sdk.version': '2.10.0'
    }
  },
  instrumentationScope: {
    name: '@opentelemetry/instrumentation-ioredis',
    version: '0.68.0',
    schemaUrl: undefined
  },
  traceId: '094ea94955f8057a27ef9ef69552edce',
  parentSpanContext: {
    traceId: '094ea94955f8057a27ef9ef69552edce',
    spanId: '4c79e4b0e1921bfe',
    traceFlags: 1,
    traceState: undefined
  },
  traceState: undefined,
  name: 'info',
  id: 'c745e64847ce7b0f',
  kind: 2,
  timestamp: 1785001441532000,
  duration: 2275.7,
  attributes: {
    'db.system': 'redis',
    'db.statement': 'info',
    'db.connection_string': 'redis://localhost:6380',
    'net.peer.name': 'localhost',
    'net.peer.port': 6380
  },
  status: { code: 0 },
  events: [],
  links: []
}
{
  resource: {
    attributes: {
      'host.name': 'Arunesh',
      'host.arch': 'amd64',
      'host.id': '961ee426-227a-4c11-9579-fdfc83a68919',
      'process.pid': 29064,
      'process.executable.name': 'Administrator:  C:\\WINDOWS\\system32\\cmd.exe ',
      'process.executable.path': 'C:\\Program Files\\nodejs\\node.exe',
      'process.command_args': [
        'C:\\Program Files\\nodejs\\node.exe',
        'C:\\Users\\Administrator\\.gemini\\antigravity_old\\scratch_old\\tallyme\\apps\\backend\\dist\\src\\main.js'
      ],
      'process.runtime.version': '24.12.0',
      'process.runtime.name': 'nodejs',
      'process.runtime.description': 'Node.js',
      'process.command': 'C:\\Users\\Administrator\\.gemini\\antigravity_old\\scratch_old\\tallyme\\apps\\backend\\dist\\src\\main.js',
      'process.owner': 'Administrator',
      'service.name': 'unknown_service:node',
      'telemetry.sdk.language': 'nodejs',
      'telemetry.sdk.name': 'opentelemetry',
      'telemetry.sdk.version': '2.10.0'
    }
  },
  instrumentationScope: {
    name: '@opentelemetry/instrumentation-ioredis',
    version: '0.68.0',
    schemaUrl: undefined
  },
  traceId: '094ea94955f8057a27ef9ef69552edce',
  parentSpanContext: {
    traceId: '094ea94955f8057a27ef9ef69552edce',
    spanId: '4c79e4b0e1921bfe',
    traceFlags: 1,
    traceState: undefined
  },
  traceState: undefined,
  name: 'info',
  id: '4a94be1c305c807a',
  kind: 2,
  timestamp: 1785001441532000,
  duration: 2665.4,
  attributes: {
    'db.system': 'redis',
    'db.statement': 'info',
    'db.connection_string': 'redis://localhost:6380',
    'net.peer.name': 'localhost',
    'net.peer.port': 6380
  },
  status: { code: 0 },
  events: [],
  links: []
}
{
  resource: {
    attributes: {
      'host.name': 'Arunesh',
      'host.arch': 'amd64',
      'host.id': '961ee426-227a-4c11-9579-fdfc83a68919',
      'process.pid': 29064,
      'process.executable.name': 'Administrator:  C:\\WINDOWS\\system32\\cmd.exe ',
      'process.executable.path': 'C:\\Program Files\\nodejs\\node.exe',
      'process.command_args': [
        'C:\\Program Files\\nodejs\\node.exe',
        'C:\\Users\\Administrator\\.gemini\\antigravity_old\\scratch_old\\tallyme\\apps\\backend\\dist\\src\\main.js'
      ],
      'process.runtime.version': '24.12.0',
      'process.runtime.name': 'nodejs',
      'process.runtime.description': 'Node.js',
      'process.command': 'C:\\Users\\Administrator\\.gemini\\antigravity_old\\scratch_old\\tallyme\\apps\\backend\\dist\\src\\main.js',
      'process.owner': 'Administrator',
      'service.name': 'unknown_service:node',
      'telemetry.sdk.language': 'nodejs',
      'telemetry.sdk.name': 'opentelemetry',
      'telemetry.sdk.version': '2.10.0'
    }
  },
  instrumentationScope: {
    name: '@opentelemetry/instrumentation-ioredis',
    version: '0.68.0',
    schemaUrl: undefined
  },
  traceId: '094ea94955f8057a27ef9ef69552edce',
  parentSpanContext: {
    traceId: '094ea94955f8057a27ef9ef69552edce',
    spanId: '4c79e4b0e1921bfe',
    traceFlags: 1,
    traceState: undefined
  },
  traceState: undefined,
  name: 'client',
  id: 'f0719b20145ea57a',
  kind: 2,
  timestamp: 1785001441531000,
  duration: 6310.1,
  attributes: {
    'db.system': 'redis',
    'db.statement': 'client SETINFO LIB-NAME ioredis',
    'db.connection_string': 'redis://localhost:6380',
    'net.peer.name': 'localhost',
    'net.peer.port': 6380
  },
  status: { code: 0 },
  events: [],
  links: []
}
{
  resource: {
    attributes: {
      'host.name': 'Arunesh',
      'host.arch': 'amd64',
      'host.id': '961ee426-227a-4c11-9579-fdfc83a68919',
      'process.pid': 29064,
      'process.executable.name': 'Administrator:  C:\\WINDOWS\\system32\\cmd.exe ',
      'process.executable.path': 'C:\\Program Files\\nodejs\\node.exe',
      'process.command_args': [
        'C:\\Program Files\\nodejs\\node.exe',
        'C:\\Users\\Administrator\\.gemini\\antigravity_old\\scratch_old\\tallyme\\apps\\backend\\dist\\src\\main.js'
      ],
      'process.runtime.version': '24.12.0',
      'process.runtime.name': 'nodejs',
      'process.runtime.description': 'Node.js',
      'process.command': 'C:\\Users\\Administrator\\.gemini\\antigravity_old\\scratch_old\\tallyme\\apps\\backend\\dist\\src\\main.js',
      'process.owner': 'Administrator',
      'service.name': 'unknown_service:node',
      'telemetry.sdk.language': 'nodejs',
      'telemetry.sdk.name': 'opentelemetry',
      'telemetry.sdk.version': '2.10.0'
    }
  },
  instrumentationScope: {
    name: '@opentelemetry/instrumentation-ioredis',
    version: '0.68.0',
    schemaUrl: undefined
  },
  traceId: '094ea94955f8057a27ef9ef69552edce',
  parentSpanContext: {
    traceId: '094ea94955f8057a27ef9ef69552edce',
    spanId: '4c79e4b0e1921bfe',
    traceFlags: 1,
    traceState: undefined
  },
  traceState: undefined,
  name: 'client',
  id: '6e1915140e3ed2e8',
  kind: 2,
  timestamp: 1785001441531000,
  duration: 6304,
  attributes: {
    'db.system': 'redis',
    'db.statement': 'client SETINFO LIB-VER 5.11.1',
    'db.connection_string': 'redis://localhost:6380',
    'net.peer.name': 'localhost',
    'net.peer.port': 6380
  },
  status: { code: 0 },
  events: [],
  links: []
}
{
  resource: {
    attributes: {
      'host.name': 'Arunesh',
      'host.arch': 'amd64',
      'host.id': '961ee426-227a-4c11-9579-fdfc83a68919',
      'process.pid': 29064,
      'process.executable.name': 'Administrator:  C:\\WINDOWS\\system32\\cmd.exe ',
      'process.executable.path': 'C:\\Program Files\\nodejs\\node.exe',
      'process.command_args': [
        'C:\\Program Files\\nodejs\\node.exe',
        'C:\\Users\\Administrator\\.gemini\\antigravity_old\\scratch_old\\tallyme\\apps\\backend\\dist\\src\\main.js'
      ],
      'process.runtime.version': '24.12.0',
      'process.runtime.name': 'nodejs',
      'process.runtime.description': 'Node.js',
      'process.command': 'C:\\Users\\Administrator\\.gemini\\antigravity_old\\scratch_old\\tallyme\\apps\\backend\\dist\\src\\main.js',
      'process.owner': 'Administrator',
      'service.name': 'unknown_service:node',
      'telemetry.sdk.language': 'nodejs',
      'telemetry.sdk.name': 'opentelemetry',
      'telemetry.sdk.version': '2.10.0'
    }
  },
  instrumentationScope: {
    name: '@opentelemetry/instrumentation-ioredis',
    version: '0.68.0',
    schemaUrl: undefined
  },
  traceId: '094ea94955f8057a27ef9ef69552edce',
  parentSpanContext: {
    traceId: '094ea94955f8057a27ef9ef69552edce',
    spanId: '4c79e4b0e1921bfe',
    traceFlags: 1,
    traceState: undefined
  },
  traceState: undefined,
  name: 'info',
  id: 'a3ebf3b265e2b9ec',
  kind: 2,
  timestamp: 1785001441533000,
  duration: 4364.8,
  attributes: {
    'db.system': 'redis',
    'db.statement': 'info',
    'db.connection_string': 'redis://localhost:6380',
    'net.peer.name': 'localhost',
    'net.peer.port': 6380
  },
  status: { code: 0 },
  events: [],
  links: []
}
{
  resource: {
    attributes: {
      'host.name': 'Arunesh',
      'host.arch': 'amd64',
      'host.id': '961ee426-227a-4c11-9579-fdfc83a68919',
      'process.pid': 29064,
      'process.executable.name': 'Administrator:  C:\\WINDOWS\\system32\\cmd.exe ',
      'process.executable.path': 'C:\\Program Files\\nodejs\\node.exe',
      'process.command_args': [
        'C:\\Program Files\\nodejs\\node.exe',
        'C:\\Users\\Administrator\\.gemini\\antigravity_old\\scratch_old\\tallyme\\apps\\backend\\dist\\src\\main.js'
      ],
      'process.runtime.version': '24.12.0',
      'process.runtime.name': 'nodejs',
      'process.runtime.description': 'Node.js',
      'process.command': 'C:\\Users\\Administrator\\.gemini\\antigravity_old\\scratch_old\\tallyme\\apps\\backend\\dist\\src\\main.js',
      'process.owner': 'Administrator',
      'service.name': 'unknown_service:node',
      'telemetry.sdk.language': 'nodejs',
      'telemetry.sdk.name': 'opentelemetry',
      'telemetry.sdk.version': '2.10.0'
    }
  },
  instrumentationScope: {
    name: '@opentelemetry/instrumentation-ioredis',
    version: '0.68.0',
    schemaUrl: undefined
  },
  traceId: '094ea94955f8057a27ef9ef69552edce',
  parentSpanContext: {
    traceId: '094ea94955f8057a27ef9ef69552edce',
    spanId: '4c79e4b0e1921bfe',
    traceFlags: 1,
    traceState: undefined
  },
  traceState: undefined,
  name: 'client',
  id: '54fe906932b938d0',
  kind: 2,
  timestamp: 1785001441531000,
  duration: 7404.6,
  attributes: {
    'db.system': 'redis',
    'db.statement': 'client SETINFO LIB-NAME ioredis',
    'db.connection_string': 'redis://localhost:6380',
    'net.peer.name': 'localhost',
    'net.peer.port': 6380
  },
  status: { code: 0 },
  events: [],
  links: []
}
{
  resource: {
    attributes: {
      'host.name': 'Arunesh',
      'host.arch': 'amd64',
      'host.id': '961ee426-227a-4c11-9579-fdfc83a68919',
      'process.pid': 29064,
      'process.executable.name': 'Administrator:  C:\\WINDOWS\\system32\\cmd.exe ',
      'process.executable.path': 'C:\\Program Files\\nodejs\\node.exe',
      'process.command_args': [
        'C:\\Program Files\\nodejs\\node.exe',
        'C:\\Users\\Administrator\\.gemini\\antigravity_old\\scratch_old\\tallyme\\apps\\backend\\dist\\src\\main.js'
      ],
      'process.runtime.version': '24.12.0',
      'process.runtime.name': 'nodejs',
      'process.runtime.description': 'Node.js',
      'process.command': 'C:\\Users\\Administrator\\.gemini\\antigravity_old\\scratch_old\\tallyme\\apps\\backend\\dist\\src\\main.js',
      'process.owner': 'Administrator',
      'service.name': 'unknown_service:node',
      'telemetry.sdk.language': 'nodejs',
      'telemetry.sdk.name': 'opentelemetry',
      'telemetry.sdk.version': '2.10.0'
    }
  },
  instrumentationScope: {
    name: '@opentelemetry/instrumentation-ioredis',
    version: '0.68.0',
    schemaUrl: undefined
  },
  traceId: '094ea94955f8057a27ef9ef69552edce',
  parentSpanContext: {
    traceId: '094ea94955f8057a27ef9ef69552edce',
    spanId: '4c79e4b0e1921bfe',
    traceFlags: 1,
    traceState: undefined
  },
  traceState: undefined,
  name: 'client',
  id: 'b4d4e9a565fcf1c7',
  kind: 2,
  timestamp: 1785001441531000,
  duration: 7389.1,
  attributes: {
    'db.system': 'redis',
    'db.statement': 'client SETINFO LIB-VER 5.11.1',
    'db.connection_string': 'redis://localhost:6380',
    'net.peer.name': 'localhost',
    'net.peer.port': 6380
  },
  status: { code: 0 },
  events: [],
  links: []
}
{
  resource: {
    attributes: {
      'host.name': 'Arunesh',
      'host.arch': 'amd64',
      'host.id': '961ee426-227a-4c11-9579-fdfc83a68919',
      'process.pid': 29064,
      'process.executable.name': 'Administrator:  C:\\WINDOWS\\system32\\cmd.exe ',
      'process.executable.path': 'C:\\Program Files\\nodejs\\node.exe',
      'process.command_args': [
        'C:\\Program Files\\nodejs\\node.exe',
        'C:\\Users\\Administrator\\.gemini\\antigravity_old\\scratch_old\\tallyme\\apps\\backend\\dist\\src\\main.js'
      ],
      'process.runtime.version': '24.12.0',
      'process.runtime.name': 'nodejs',
      'process.runtime.description': 'Node.js',
      'process.command': 'C:\\Users\\Administrator\\.gemini\\antigravity_old\\scratch_old\\tallyme\\apps\\backend\\dist\\src\\main.js',
      'process.owner': 'Administrator',
      'service.name': 'unknown_service:node',
      'telemetry.sdk.language': 'nodejs',
      'telemetry.sdk.name': 'opentelemetry',
      'telemetry.sdk.version': '2.10.0'
    }
  },
  instrumentationScope: {
    name: '@opentelemetry/instrumentation-ioredis',
    version: '0.68.0',
    schemaUrl: undefined
  },
  traceId: '094ea94955f8057a27ef9ef69552edce',
  parentSpanContext: {
    traceId: '094ea94955f8057a27ef9ef69552edce',
    spanId: '4c79e4b0e1921bfe',
    traceFlags: 1,
    traceState: undefined
  },
  traceState: undefined,
  name: 'client',
  id: '9f91049d15966ddf',
  kind: 2,
  timestamp: 1785001441531000,
  duration: 7515.1,
  attributes: {
    'db.system': 'redis',
    'db.statement': 'client SETINFO LIB-NAME ioredis',
    'db.connection_string': 'redis://localhost:6380',
    'net.peer.name': 'localhost',
    'net.peer.port': 6380
  },
  status: { code: 0 },
  events: [],
  links: []
}
{
  resource: {
    attributes: {
      'host.name': 'Arunesh',
      'host.arch': 'amd64',
      'host.id': '961ee426-227a-4c11-9579-fdfc83a68919',
      'process.pid': 29064,
      'process.executable.name': 'Administrator:  C:\\WINDOWS\\system32\\cmd.exe ',
      'process.executable.path': 'C:\\Program Files\\nodejs\\node.exe',
      'process.command_args': [
        'C:\\Program Files\\nodejs\\node.exe',
        'C:\\Users\\Administrator\\.gemini\\antigravity_old\\scratch_old\\tallyme\\apps\\backend\\dist\\src\\main.js'
      ],
      'process.runtime.version': '24.12.0',
      'process.runtime.name': 'nodejs',
      'process.runtime.description': 'Node.js',
      'process.command': 'C:\\Users\\Administrator\\.gemini\\antigravity_old\\scratch_old\\tallyme\\apps\\backend\\dist\\src\\main.js',
      'process.owner': 'Administrator',
      'service.name': 'unknown_service:node',
      'telemetry.sdk.language': 'nodejs',
      'telemetry.sdk.name': 'opentelemetry',
      'telemetry.sdk.version': '2.10.0'
    }
  },
  instrumentationScope: {
    name: '@opentelemetry/instrumentation-ioredis',
    version: '0.68.0',
    schemaUrl: undefined
  },
  traceId: '094ea94955f8057a27ef9ef69552edce',
  parentSpanContext: {
    traceId: '094ea94955f8057a27ef9ef69552edce',
    spanId: '4c79e4b0e1921bfe',
    traceFlags: 1,
    traceState: undefined
  },
  traceState: undefined,
  name: 'client',
  id: '084b610483cc4b3c',
  kind: 2,
  timestamp: 1785001441531000,
  duration: 7480.9,
  attributes: {
    'db.system': 'redis',
    'db.statement': 'client SETINFO LIB-VER 5.11.1',
    'db.connection_string': 'redis://localhost:6380',
    'net.peer.name': 'localhost',
    'net.peer.port': 6380
  },
  status: { code: 0 },
  events: [],
  links: []
}
{
  resource: {
    attributes: {
      'host.name': 'Arunesh',
      'host.arch': 'amd64',
      'host.id': '961ee426-227a-4c11-9579-fdfc83a68919',
      'process.pid': 29064,
      'process.executable.name': 'Administrator:  C:\\WINDOWS\\system32\\cmd.exe ',
      'process.executable.path': 'C:\\Program Files\\nodejs\\node.exe',
      'process.command_args': [
        'C:\\Program Files\\nodejs\\node.exe',
        'C:\\Users\\Administrator\\.gemini\\antigravity_old\\scratch_old\\tallyme\\apps\\backend\\dist\\src\\main.js'
      ],
      'process.runtime.version': '24.12.0',
      'process.runtime.name': 'nodejs',
      'process.runtime.description': 'Node.js',
      'process.command': 'C:\\Users\\Administrator\\.gemini\\antigravity_old\\scratch_old\\tallyme\\apps\\backend\\dist\\src\\main.js',
      'process.owner': 'Administrator',
      'service.name': 'unknown_service:node',
      'telemetry.sdk.language': 'nodejs',
      'telemetry.sdk.name': 'opentelemetry',
      'telemetry.sdk.version': '2.10.0'
    }
  },
  instrumentationScope: {
    name: '@opentelemetry/instrumentation-ioredis',
    version: '0.68.0',
    schemaUrl: undefined
  },
  traceId: '094ea94955f8057a27ef9ef69552edce',
  parentSpanContext: {
    traceId: '094ea94955f8057a27ef9ef69552edce',
    spanId: '4c79e4b0e1921bfe',
    traceFlags: 1,
    traceState: undefined
  },
  traceState: undefined,
  name: 'client',
  id: '8ffcd4084badf28f',
  kind: 2,
  timestamp: 1785001441531000,
  duration: 7455.2,
  attributes: {
    'db.system': 'redis',
    'db.statement': 'client SETINFO LIB-NAME ioredis',
    'db.connection_string': 'redis://localhost:6380',
    'net.peer.name': 'localhost',
    'net.peer.port': 6380
  },
  status: { code: 0 },
  events: [],
  links: []
}
{
  resource: {
    attributes: {
      'host.name': 'Arunesh',
      'host.arch': 'amd64',
      'host.id': '961ee426-227a-4c11-9579-fdfc83a68919',
      'process.pid': 29064,
      'process.executable.name': 'Administrator:  C:\\WINDOWS\\system32\\cmd.exe ',
      'process.executable.path': 'C:\\Program Files\\nodejs\\node.exe',
      'process.command_args': [
        'C:\\Program Files\\nodejs\\node.exe',
        'C:\\Users\\Administrator\\.gemini\\antigravity_old\\scratch_old\\tallyme\\apps\\backend\\dist\\src\\main.js'
      ],
      'process.runtime.version': '24.12.0',
      'process.runtime.name': 'nodejs',
      'process.runtime.description': 'Node.js',
      'process.command': 'C:\\Users\\Administrator\\.gemini\\antigravity_old\\scratch_old\\tallyme\\apps\\backend\\dist\\src\\main.js',
      'process.owner': 'Administrator',
      'service.name': 'unknown_service:node',
      'telemetry.sdk.language': 'nodejs',
      'telemetry.sdk.name': 'opentelemetry',
      'telemetry.sdk.version': '2.10.0'
    }
  },
  instrumentationScope: {
    name: '@opentelemetry/instrumentation-ioredis',
    version: '0.68.0',
    schemaUrl: undefined
  },
  traceId: '094ea94955f8057a27ef9ef69552edce',
  parentSpanContext: {
    traceId: '094ea94955f8057a27ef9ef69552edce',
    spanId: '4c79e4b0e1921bfe',
    traceFlags: 1,
    traceState: undefined
  },
  traceState: undefined,
  name: 'client',
  id: '2b5a45dedbd7ad76',
  kind: 2,
  timestamp: 1785001441531000,
  duration: 7377,
  attributes: {
    'db.system': 'redis',
    'db.statement': 'client SETINFO LIB-VER 5.11.1',
    'db.connection_string': 'redis://localhost:6380',
    'net.peer.name': 'localhost',
    'net.peer.port': 6380
  },
  status: { code: 0 },
  events: [],
  links: []
}
{
  resource: {
    attributes: {
      'host.name': 'Arunesh',
      'host.arch': 'amd64',
      'host.id': '961ee426-227a-4c11-9579-fdfc83a68919',
      'process.pid': 29064,
      'process.executable.name': 'Administrator:  C:\\WINDOWS\\system32\\cmd.exe ',
      'process.executable.path': 'C:\\Program Files\\nodejs\\node.exe',
      'process.command_args': [
        'C:\\Program Files\\nodejs\\node.exe',
        'C:\\Users\\Administrator\\.gemini\\antigravity_old\\scratch_old\\tallyme\\apps\\backend\\dist\\src\\main.js'
      ],
      'process.runtime.version': '24.12.0',
      'process.runtime.name': 'nodejs',
      'process.runtime.description': 'Node.js',
      'process.command': 'C:\\Users\\Administrator\\.gemini\\antigravity_old\\scratch_old\\tallyme\\apps\\backend\\dist\\src\\main.js',
      'process.owner': 'Administrator',
      'service.name': 'unknown_service:node',
      'telemetry.sdk.language': 'nodejs',
      'telemetry.sdk.name': 'opentelemetry',
      'telemetry.sdk.version': '2.10.0'
    }
  },
  instrumentationScope: {
    name: '@opentelemetry/instrumentation-ioredis',
    version: '0.68.0',
    schemaUrl: undefined
  },
  traceId: '094ea94955f8057a27ef9ef69552edce',
  parentSpanContext: {
    traceId: '094ea94955f8057a27ef9ef69552edce',
    spanId: '4c79e4b0e1921bfe',
    traceFlags: 1,
    traceState: undefined
  },
  traceState: undefined,
  name: 'info',
  id: '2cfe1dd5edbd5b49',
  kind: 2,
  timestamp: 1785001441537000,
  duration: 1565.3,
  attributes: {
    'db.system': 'redis',
    'db.statement': 'info',
    'db.connection_string': 'redis://localhost:6380',
    'net.peer.name': 'localhost',
    'net.peer.port': 6380
  },
  status: { code: 0 },
  events: [],
  links: []
}
{
  resource: {
    attributes: {
      'host.name': 'Arunesh',
      'host.arch': 'amd64',
      'host.id': '961ee426-227a-4c11-9579-fdfc83a68919',
      'process.pid': 29064,
      'process.executable.name': 'Administrator:  C:\\WINDOWS\\system32\\cmd.exe ',
      'process.executable.path': 'C:\\Program Files\\nodejs\\node.exe',
      'process.command_args': [
        'C:\\Program Files\\nodejs\\node.exe',
        'C:\\Users\\Administrator\\.gemini\\antigravity_old\\scratch_old\\tallyme\\apps\\backend\\dist\\src\\main.js'
      ],
      'process.runtime.version': '24.12.0',
      'process.runtime.name': 'nodejs',
      'process.runtime.description': 'Node.js',
      'process.command': 'C:\\Users\\Administrator\\.gemini\\antigravity_old\\scratch_old\\tallyme\\apps\\backend\\dist\\src\\main.js',
      'process.owner': 'Administrator',
      'service.name': 'unknown_service:node',
      'telemetry.sdk.language': 'nodejs',
      'telemetry.sdk.name': 'opentelemetry',
      'telemetry.sdk.version': '2.10.0'
    }
  },
  instrumentationScope: {
    name: '@opentelemetry/instrumentation-ioredis',
    version: '0.68.0',
    schemaUrl: undefined
  },
  traceId: '094ea94955f8057a27ef9ef69552edce',
  parentSpanContext: {
    traceId: '094ea94955f8057a27ef9ef69552edce',
    spanId: '4c79e4b0e1921bfe',
    traceFlags: 1,
    traceState: undefined
  },
  traceState: undefined,
  name: 'info',
  id: '0d0563987ef3d93c',
  kind: 2,
  timestamp: 1785001441538000,
  duration: 1165,
  attributes: {
    'db.system': 'redis',
    'db.statement': 'info',
    'db.connection_string': 'redis://localhost:6380',
    'net.peer.name': 'localhost',
    'net.peer.port': 6380
  },
  status: { code: 0 },
  events: [],
  links: []
}
{
  resource: {
    attributes: {
      'host.name': 'Arunesh',
      'host.arch': 'amd64',
      'host.id': '961ee426-227a-4c11-9579-fdfc83a68919',
      'process.pid': 29064,
      'process.executable.name': 'Administrator:  C:\\WINDOWS\\system32\\cmd.exe ',
      'process.executable.path': 'C:\\Program Files\\nodejs\\node.exe',
      'process.command_args': [
        'C:\\Program Files\\nodejs\\node.exe',
        'C:\\Users\\Administrator\\.gemini\\antigravity_old\\scratch_old\\tallyme\\apps\\backend\\dist\\src\\main.js'
      ],
      'process.runtime.version': '24.12.0',
      'process.runtime.name': 'nodejs',
      'process.runtime.description': 'Node.js',
      'process.command': 'C:\\Users\\Administrator\\.gemini\\antigravity_old\\scratch_old\\tallyme\\apps\\backend\\dist\\src\\main.js',
      'process.owner': 'Administrator',
      'service.name': 'unknown_service:node',
      'telemetry.sdk.language': 'nodejs',
      'telemetry.sdk.name': 'opentelemetry',
      'telemetry.sdk.version': '2.10.0'
    }
  },
  instrumentationScope: {
    name: '@opentelemetry/instrumentation-ioredis',
    version: '0.68.0',
    schemaUrl: undefined
  },
  traceId: '094ea94955f8057a27ef9ef69552edce',
  parentSpanContext: {
    traceId: '094ea94955f8057a27ef9ef69552edce',
    spanId: '4c79e4b0e1921bfe',
    traceFlags: 1,
    traceState: undefined
  },
  traceState: undefined,
  name: 'info',
  id: '4ae37c729212eb4c',
  kind: 2,
  timestamp: 1785001441538000,
  duration: 1566.6,
  attributes: {
    'db.system': 'redis',
    'db.statement': 'info',
    'db.connection_string': 'redis://localhost:6380',
    'net.peer.name': 'localhost',
    'net.peer.port': 6380
  },
  status: { code: 0 },
  events: [],
  links: []
}
{
  resource: {
    attributes: {
      'host.name': 'Arunesh',
      'host.arch': 'amd64',
      'host.id': '961ee426-227a-4c11-9579-fdfc83a68919',
      'process.pid': 29064,
      'process.executable.name': 'Administrator:  C:\\WINDOWS\\system32\\cmd.exe ',
      'process.executable.path': 'C:\\Program Files\\nodejs\\node.exe',
      'process.command_args': [
        'C:\\Program Files\\nodejs\\node.exe',
        'C:\\Users\\Administrator\\.gemini\\antigravity_old\\scratch_old\\tallyme\\apps\\backend\\dist\\src\\main.js'
      ],
      'process.runtime.version': '24.12.0',
      'process.runtime.name': 'nodejs',
      'process.runtime.description': 'Node.js',
      'process.command': 'C:\\Users\\Administrator\\.gemini\\antigravity_old\\scratch_old\\tallyme\\apps\\backend\\dist\\src\\main.js',
      'process.owner': 'Administrator',
      'service.name': 'unknown_service:node',
      'telemetry.sdk.language': 'nodejs',
      'telemetry.sdk.name': 'opentelemetry',
      'telemetry.sdk.version': '2.10.0'
    }
  },
  instrumentationScope: {
    name: '@opentelemetry/instrumentation-ioredis',
    version: '0.68.0',
    schemaUrl: undefined
  },
  traceId: '094ea94955f8057a27ef9ef69552edce',
  parentSpanContext: {
    traceId: '094ea94955f8057a27ef9ef69552edce',
    spanId: '4c79e4b0e1921bfe',
    traceFlags: 1,
    traceState: undefined
  },
  traceState: undefined,
  name: 'info',
  id: '029815b4577a218f',
  kind: 2,
  timestamp: 1785001441538000,
  duration: 1790.2,
  attributes: {
    'db.system': 'redis',
    'db.statement': 'info',
    'db.connection_string': 'redis://localhost:6380',
    'net.peer.name': 'localhost',
    'net.peer.port': 6380
  },
  status: { code: 0 },
  events: [],
  links: []
}
{
  resource: {
    attributes: {
      'host.name': 'Arunesh',
      'host.arch': 'amd64',
      'host.id': '961ee426-227a-4c11-9579-fdfc83a68919',
      'process.pid': 29064,
      'process.executable.name': 'Administrator:  C:\\WINDOWS\\system32\\cmd.exe ',
      'process.executable.path': 'C:\\Program Files\\nodejs\\node.exe',
      'process.command_args': [
        'C:\\Program Files\\nodejs\\node.exe',
        'C:\\Users\\Administrator\\.gemini\\antigravity_old\\scratch_old\\tallyme\\apps\\backend\\dist\\src\\main.js'
      ],
      'process.runtime.version': '24.12.0',
      'process.runtime.name': 'nodejs',
      'process.runtime.description': 'Node.js',
      'process.command': 'C:\\Users\\Administrator\\.gemini\\antigravity_old\\scratch_old\\tallyme\\apps\\backend\\dist\\src\\main.js',
      'process.owner': 'Administrator',
      'service.name': 'unknown_service:node',
      'telemetry.sdk.language': 'nodejs',
      'telemetry.sdk.name': 'opentelemetry',
      'telemetry.sdk.version': '2.10.0'
    }
  },
  instrumentationScope: {
    name: '@opentelemetry/instrumentation-ioredis',
    version: '0.68.0',
    schemaUrl: undefined
  },
  traceId: '094ea94955f8057a27ef9ef69552edce',
  parentSpanContext: {
    traceId: '094ea94955f8057a27ef9ef69552edce',
    spanId: '4c79e4b0e1921bfe',
    traceFlags: 1,
    traceState: undefined
  },
  traceState: undefined,
  name: 'client',
  id: 'dc53f859dccb9db6',
  kind: 2,
  timestamp: 1785001441531000,
  duration: 9911.5,
  attributes: {
    'db.system': 'redis',
    'db.statement': 'client SETINFO LIB-NAME ioredis',
    'db.connection_string': 'redis://localhost:6380',
    'net.peer.name': 'localhost',
    'net.peer.port': 6380
  },
  status: { code: 0 },
  events: [],
  links: []
}
{
  resource: {
    attributes: {
      'host.name': 'Arunesh',
      'host.arch': 'amd64',
      'host.id': '961ee426-227a-4c11-9579-fdfc83a68919',
      'process.pid': 29064,
      'process.executable.name': 'Administrator:  C:\\WINDOWS\\system32\\cmd.exe ',
      'process.executable.path': 'C:\\Program Files\\nodejs\\node.exe',
      'process.command_args': [
        'C:\\Program Files\\nodejs\\node.exe',
        'C:\\Users\\Administrator\\.gemini\\antigravity_old\\scratch_old\\tallyme\\apps\\backend\\dist\\src\\main.js'
      ],
      'process.runtime.version': '24.12.0',
      'process.runtime.name': 'nodejs',
      'process.runtime.description': 'Node.js',
      'process.command': 'C:\\Users\\Administrator\\.gemini\\antigravity_old\\scratch_old\\tallyme\\apps\\backend\\dist\\src\\main.js',
      'process.owner': 'Administrator',
      'service.name': 'unknown_service:node',
      'telemetry.sdk.language': 'nodejs',
      'telemetry.sdk.name': 'opentelemetry',
      'telemetry.sdk.version': '2.10.0'
    }
  },
  instrumentationScope: {
    name: '@opentelemetry/instrumentation-ioredis',
    version: '0.68.0',
    schemaUrl: undefined
  },
  traceId: '094ea94955f8057a27ef9ef69552edce',
  parentSpanContext: {
    traceId: '094ea94955f8057a27ef9ef69552edce',
    spanId: '4c79e4b0e1921bfe',
    traceFlags: 1,
    traceState: undefined
  },
  traceState: undefined,
  name: 'client',
  id: '634890c7f095549e',
  kind: 2,
  timestamp: 1785001441531000,
  duration: 9807.8,
  attributes: {
    'db.system': 'redis',
    'db.statement': 'client SETINFO LIB-VER 5.11.1',
    'db.connection_string': 'redis://localhost:6380',
    'net.peer.name': 'localhost',
    'net.peer.port': 6380
  },
  status: { code: 0 },
  events: [],
  links: []
}
{
  resource: {
    attributes: {
      'host.name': 'Arunesh',
      'host.arch': 'amd64',
      'host.id': '961ee426-227a-4c11-9579-fdfc83a68919',
      'process.pid': 29064,
      'process.executable.name': 'Administrator:  C:\\WINDOWS\\system32\\cmd.exe ',
      'process.executable.path': 'C:\\Program Files\\nodejs\\node.exe',
      'process.command_args': [
        'C:\\Program Files\\nodejs\\node.exe',
        'C:\\Users\\Administrator\\.gemini\\antigravity_old\\scratch_old\\tallyme\\apps\\backend\\dist\\src\\main.js'
      ],
      'process.runtime.version': '24.12.0',
      'process.runtime.name': 'nodejs',
      'process.runtime.description': 'Node.js',
      'process.command': 'C:\\Users\\Administrator\\.gemini\\antigravity_old\\scratch_old\\tallyme\\apps\\backend\\dist\\src\\main.js',
      'process.owner': 'Administrator',
      'service.name': 'unknown_service:node',
      'telemetry.sdk.language': 'nodejs',
      'telemetry.sdk.name': 'opentelemetry',
      'telemetry.sdk.version': '2.10.0'
    }
  },
  instrumentationScope: {
    name: '@opentelemetry/instrumentation-ioredis',
    version: '0.68.0',
    schemaUrl: undefined
  },
  traceId: '094ea94955f8057a27ef9ef69552edce',
  parentSpanContext: {
    traceId: '094ea94955f8057a27ef9ef69552edce',
    spanId: '4c79e4b0e1921bfe',
    traceFlags: 1,
    traceState: undefined
  },
  traceState: undefined,
  name: 'client',
  id: 'c0b376a6a243ef24',
  kind: 2,
  timestamp: 1785001441532000,
  duration: 10333.2,
  attributes: {
    'db.system': 'redis',
    'db.statement': 'client SETINFO LIB-NAME ioredis',
    'db.connection_string': 'redis://localhost:6380',
    'net.peer.name': 'localhost',
    'net.peer.port': 6380
  },
  status: { code: 0 },
  events: [],
  links: []
}
{
  resource: {
    attributes: {
      'host.name': 'Arunesh',
      'host.arch': 'amd64',
      'host.id': '961ee426-227a-4c11-9579-fdfc83a68919',
      'process.pid': 29064,
      'process.executable.name': 'Administrator:  C:\\WINDOWS\\system32\\cmd.exe ',
      'process.executable.path': 'C:\\Program Files\\nodejs\\node.exe',
      'process.command_args': [
        'C:\\Program Files\\nodejs\\node.exe',
        'C:\\Users\\Administrator\\.gemini\\antigravity_old\\scratch_old\\tallyme\\apps\\backend\\dist\\src\\main.js'
      ],
      'process.runtime.version': '24.12.0',
      'process.runtime.name': 'nodejs',
      'process.runtime.description': 'Node.js',
      'process.command': 'C:\\Users\\Administrator\\.gemini\\antigravity_old\\scratch_old\\tallyme\\apps\\backend\\dist\\src\\main.js',
      'process.owner': 'Administrator',
      'service.name': 'unknown_service:node',
      'telemetry.sdk.language': 'nodejs',
      'telemetry.sdk.name': 'opentelemetry',
      'telemetry.sdk.version': '2.10.0'
    }
  },
  instrumentationScope: {
    name: '@opentelemetry/instrumentation-ioredis',
    version: '0.68.0',
    schemaUrl: undefined
  },
  traceId: '094ea94955f8057a27ef9ef69552edce',
  parentSpanContext: {
    traceId: '094ea94955f8057a27ef9ef69552edce',
    spanId: '4c79e4b0e1921bfe',
    traceFlags: 1,
    traceState: undefined
  },
  traceState: undefined,
  name: 'client',
  id: 'aad08f905528b2bb',
  kind: 2,
  timestamp: 1785001441532000,
  duration: 10293.9,
  attributes: {
    'db.system': 'redis',
    'db.statement': 'client SETINFO LIB-VER 5.11.1',
    'db.connection_string': 'redis://localhost:6380',
    'net.peer.name': 'localhost',
    'net.peer.port': 6380
  },
  status: { code: 0 },
  events: [],
  links: []
}
{
  resource: {
    attributes: {
      'host.name': 'Arunesh',
      'host.arch': 'amd64',
      'host.id': '961ee426-227a-4c11-9579-fdfc83a68919',
      'process.pid': 29064,
      'process.executable.name': 'Administrator:  C:\\WINDOWS\\system32\\cmd.exe ',
      'process.executable.path': 'C:\\Program Files\\nodejs\\node.exe',
      'process.command_args': [
        'C:\\Program Files\\nodejs\\node.exe',
        'C:\\Users\\Administrator\\.gemini\\antigravity_old\\scratch_old\\tallyme\\apps\\backend\\dist\\src\\main.js'
      ],
      'process.runtime.version': '24.12.0',
      'process.runtime.name': 'nodejs',
      'process.runtime.description': 'Node.js',
      'process.command': 'C:\\Users\\Administrator\\.gemini\\antigravity_old\\scratch_old\\tallyme\\apps\\backend\\dist\\src\\main.js',
      'process.owner': 'Administrator',
      'service.name': 'unknown_service:node',
      'telemetry.sdk.language': 'nodejs',
      'telemetry.sdk.name': 'opentelemetry',
      'telemetry.sdk.version': '2.10.0'
    }
  },
  instrumentationScope: {
    name: '@opentelemetry/instrumentation-ioredis',
    version: '0.68.0',
    schemaUrl: undefined
  },
  traceId: '094ea94955f8057a27ef9ef69552edce',
  parentSpanContext: {
    traceId: '094ea94955f8057a27ef9ef69552edce',
    spanId: '4c79e4b0e1921bfe',
    traceFlags: 1,
    traceState: undefined
  },
  traceState: undefined,
  name: 'client',
  id: '69c0d52c7aa8dc8c',
  kind: 2,
  timestamp: 1785001441532000,
  duration: 10656.3,
  attributes: {
    'db.system': 'redis',
    'db.statement': 'client SETINFO LIB-NAME ioredis',
    'db.connection_string': 'redis://localhost:6380',
    'net.peer.name': 'localhost',
    'net.peer.port': 6380
  },
  status: { code: 0 },
  events: [],
  links: []
}
{
  resource: {
    attributes: {
      'host.name': 'Arunesh',
      'host.arch': 'amd64',
      'host.id': '961ee426-227a-4c11-9579-fdfc83a68919',
      'process.pid': 29064,
      'process.executable.name': 'Administrator:  C:\\WINDOWS\\system32\\cmd.exe ',
      'process.executable.path': 'C:\\Program Files\\nodejs\\node.exe',
      'process.command_args': [
        'C:\\Program Files\\nodejs\\node.exe',
        'C:\\Users\\Administrator\\.gemini\\antigravity_old\\scratch_old\\tallyme\\apps\\backend\\dist\\src\\main.js'
      ],
      'process.runtime.version': '24.12.0',
      'process.runtime.name': 'nodejs',
      'process.runtime.description': 'Node.js',
      'process.command': 'C:\\Users\\Administrator\\.gemini\\antigravity_old\\scratch_old\\tallyme\\apps\\backend\\dist\\src\\main.js',
      'process.owner': 'Administrator',
      'service.name': 'unknown_service:node',
      'telemetry.sdk.language': 'nodejs',
      'telemetry.sdk.name': 'opentelemetry',
      'telemetry.sdk.version': '2.10.0'
    }
  },
  instrumentationScope: {
    name: '@opentelemetry/instrumentation-ioredis',
    version: '0.68.0',
    schemaUrl: undefined
  },
  traceId: '094ea94955f8057a27ef9ef69552edce',
  parentSpanContext: {
    traceId: '094ea94955f8057a27ef9ef69552edce',
    spanId: '4c79e4b0e1921bfe',
    traceFlags: 1,
    traceState: undefined
  },
  traceState: undefined,
  name: 'client',
  id: 'd834ab961ab06570',
  kind: 2,
  timestamp: 1785001441532000,
  duration: 10629.6,
  attributes: {
    'db.system': 'redis',
    'db.statement': 'client SETINFO LIB-VER 5.11.1',
    'db.connection_string': 'redis://localhost:6380',
    'net.peer.name': 'localhost',
    'net.peer.port': 6380
  },
  status: { code: 0 },
  events: [],
  links: []
}
{
  resource: {
    attributes: {
      'host.name': 'Arunesh',
      'host.arch': 'amd64',
      'host.id': '961ee426-227a-4c11-9579-fdfc83a68919',
      'process.pid': 29064,
      'process.executable.name': 'Administrator:  C:\\WINDOWS\\system32\\cmd.exe ',
      'process.executable.path': 'C:\\Program Files\\nodejs\\node.exe',
      'process.command_args': [
        'C:\\Program Files\\nodejs\\node.exe',
        'C:\\Users\\Administrator\\.gemini\\antigravity_old\\scratch_old\\tallyme\\apps\\backend\\dist\\src\\main.js'
      ],
      'process.runtime.version': '24.12.0',
      'process.runtime.name': 'nodejs',
      'process.runtime.description': 'Node.js',
      'process.command': 'C:\\Users\\Administrator\\.gemini\\antigravity_old\\scratch_old\\tallyme\\apps\\backend\\dist\\src\\main.js',
      'process.owner': 'Administrator',
      'service.name': 'unknown_service:node',
      'telemetry.sdk.language': 'nodejs',
      'telemetry.sdk.name': 'opentelemetry',
      'telemetry.sdk.version': '2.10.0'
    }
  },
  instrumentationScope: {
    name: '@opentelemetry/instrumentation-ioredis',
    version: '0.68.0',
    schemaUrl: undefined
  },
  traceId: '094ea94955f8057a27ef9ef69552edce',
  parentSpanContext: {
    traceId: '094ea94955f8057a27ef9ef69552edce',
    spanId: '4c79e4b0e1921bfe',
    traceFlags: 1,
    traceState: undefined
  },
  traceState: undefined,
  name: 'info',
  id: '2ca854f21be4b8c0',
  kind: 2,
  timestamp: 1785001441541000,
  duration: 1350.5,
  attributes: {
    'db.system': 'redis',
    'db.statement': 'info',
    'db.connection_string': 'redis://localhost:6380',
    'net.peer.name': 'localhost',
    'net.peer.port': 6380
  },
  status: { code: 0 },
  events: [],
  links: []
}
{
  resource: {
    attributes: {
      'host.name': 'Arunesh',
      'host.arch': 'amd64',
      'host.id': '961ee426-227a-4c11-9579-fdfc83a68919',
      'process.pid': 29064,
      'process.executable.name': 'Administrator:  C:\\WINDOWS\\system32\\cmd.exe ',
      'process.executable.path': 'C:\\Program Files\\nodejs\\node.exe',
      'process.command_args': [
        'C:\\Program Files\\nodejs\\node.exe',
        'C:\\Users\\Administrator\\.gemini\\antigravity_old\\scratch_old\\tallyme\\apps\\backend\\dist\\src\\main.js'
      ],
      'process.runtime.version': '24.12.0',
      'process.runtime.name': 'nodejs',
      'process.runtime.description': 'Node.js',
      'process.command': 'C:\\Users\\Administrator\\.gemini\\antigravity_old\\scratch_old\\tallyme\\apps\\backend\\dist\\src\\main.js',
      'process.owner': 'Administrator',
      'service.name': 'unknown_service:node',
      'telemetry.sdk.language': 'nodejs',
      'telemetry.sdk.name': 'opentelemetry',
      'telemetry.sdk.version': '2.10.0'
    }
  },
  instrumentationScope: {
    name: '@opentelemetry/instrumentation-ioredis',
    version: '0.68.0',
    schemaUrl: undefined
  },
  traceId: '094ea94955f8057a27ef9ef69552edce',
  parentSpanContext: {
    traceId: '094ea94955f8057a27ef9ef69552edce',
    spanId: '4c79e4b0e1921bfe',
    traceFlags: 1,
    traceState: undefined
  },
  traceState: undefined,
  name: 'info',
  id: '04357e66652b4cf5',
  kind: 2,
  timestamp: 1785001441542000,
  duration: 1106.1,
  attributes: {
    'db.system': 'redis',
    'db.statement': 'info',
    'db.connection_string': 'redis://localhost:6380',
    'net.peer.name': 'localhost',
    'net.peer.port': 6380
  },
  status: { code: 0 },
  events: [],
  links: []
}
{
  resource: {
    attributes: {
      'host.name': 'Arunesh',
      'host.arch': 'amd64',
      'host.id': '961ee426-227a-4c11-9579-fdfc83a68919',
      'process.pid': 29064,
      'process.executable.name': 'Administrator:  C:\\WINDOWS\\system32\\cmd.exe ',
      'process.executable.path': 'C:\\Program Files\\nodejs\\node.exe',
      'process.command_args': [
        'C:\\Program Files\\nodejs\\node.exe',
        'C:\\Users\\Administrator\\.gemini\\antigravity_old\\scratch_old\\tallyme\\apps\\backend\\dist\\src\\main.js'
      ],
      'process.runtime.version': '24.12.0',
      'process.runtime.name': 'nodejs',
      'process.runtime.description': 'Node.js',
      'process.command': 'C:\\Users\\Administrator\\.gemini\\antigravity_old\\scratch_old\\tallyme\\apps\\backend\\dist\\src\\main.js',
      'process.owner': 'Administrator',
      'service.name': 'unknown_service:node',
      'telemetry.sdk.language': 'nodejs',
      'telemetry.sdk.name': 'opentelemetry',
      'telemetry.sdk.version': '2.10.0'
    }
  },
  instrumentationScope: {
    name: '@opentelemetry/instrumentation-ioredis',
    version: '0.68.0',
    schemaUrl: undefined
  },
  traceId: '094ea94955f8057a27ef9ef69552edce',
  parentSpanContext: {
    traceId: '094ea94955f8057a27ef9ef69552edce',
    spanId: '4c79e4b0e1921bfe',
    traceFlags: 1,
    traceState: undefined
  },
  traceState: undefined,
  name: 'info',
  id: '225be68627f724c1',
  kind: 2,
  timestamp: 1785001441543000,
  duration: 1140.7,
  attributes: {
    'db.system': 'redis',
    'db.statement': 'info',
    'db.connection_string': 'redis://localhost:6380',
    'net.peer.name': 'localhost',
    'net.peer.port': 6380
  },
  status: { code: 0 },
  events: [],
  links: []
}
{
  resource: {
    attributes: {
      'host.name': 'Arunesh',
      'host.arch': 'amd64',
      'host.id': '961ee426-227a-4c11-9579-fdfc83a68919',
      'process.pid': 29064,
      'process.executable.name': 'Administrator:  C:\\WINDOWS\\system32\\cmd.exe ',
      'process.executable.path': 'C:\\Program Files\\nodejs\\node.exe',
      'process.command_args': [
        'C:\\Program Files\\nodejs\\node.exe',
        'C:\\Users\\Administrator\\.gemini\\antigravity_old\\scratch_old\\tallyme\\apps\\backend\\dist\\src\\main.js'
      ],
      'process.runtime.version': '24.12.0',
      'process.runtime.name': 'nodejs',
      'process.runtime.description': 'Node.js',
      'process.command': 'C:\\Users\\Administrator\\.gemini\\antigravity_old\\scratch_old\\tallyme\\apps\\backend\\dist\\src\\main.js',
      'process.owner': 'Administrator',
      'service.name': 'unknown_service:node',
      'telemetry.sdk.language': 'nodejs',
      'telemetry.sdk.name': 'opentelemetry',
      'telemetry.sdk.version': '2.10.0'
    }
  },
  instrumentationScope: {
    name: '@opentelemetry/instrumentation-dns',
    version: '0.63.0',
    schemaUrl: undefined
  },
  traceId: '9e4afa88e0fd0c50b5b0d99691762f88',
  parentSpanContext: undefined,
  traceState: undefined,
  name: 'dns.lookup',
  id: '8ca31a6856a3da3c',
  kind: 2,
  timestamp: 1785001445240000,
  duration: 602.7,
  attributes: { 'peer.ipv6': '::1', 'peer[1].ipv4': '127.0.0.1' },
  status: { code: 0 },
  events: [],
  links: []
}
{
  resource: {
    attributes: {
      'host.name': 'Arunesh',
      'host.arch': 'amd64',
      'host.id': '961ee426-227a-4c11-9579-fdfc83a68919',
      'process.pid': 29064,
      'process.executable.name': 'Administrator:  C:\\WINDOWS\\system32\\cmd.exe ',
      'process.executable.path': 'C:\\Program Files\\nodejs\\node.exe',
      'process.command_args': [
        'C:\\Program Files\\nodejs\\node.exe',
        'C:\\Users\\Administrator\\.gemini\\antigravity_old\\scratch_old\\tallyme\\apps\\backend\\dist\\src\\main.js'
      ],
      'process.runtime.version': '24.12.0',
      'process.runtime.name': 'nodejs',
      'process.runtime.description': 'Node.js',
      'process.command': 'C:\\Users\\Administrator\\.gemini\\antigravity_old\\scratch_old\\tallyme\\apps\\backend\\dist\\src\\main.js',
      'process.owner': 'Administrator',
      'service.name': 'unknown_service:node',
      'telemetry.sdk.language': 'nodejs',
      'telemetry.sdk.name': 'opentelemetry',
      'telemetry.sdk.version': '2.10.0'
    }
  },
  instrumentationScope: {
    name: '@opentelemetry/instrumentation-net',
    version: '0.64.0',
    schemaUrl: undefined
  },
  traceId: '5bbea13948d1f2ca7cc5dedfc457dde0',
  parentSpanContext: undefined,
  traceState: undefined,
  name: 'tcp.connect',
  id: 'b12fe8c0765751a0',
  kind: 0,
  timestamp: 1785001445240000,
  duration: 1168.6,
  attributes: {
    'net.transport': 'ip_tcp',
    'net.peer.name': 'localhost',
    'net.peer.port': 6380,
    'net.peer.ip': '::1',
    'net.host.ip': '::1',
    'net.host.port': 53228
  },
  status: { code: 0 },
  events: [],
  links: []
}
[23:14:59.657] [33mWARN[39m (29064): [36mRedis connection closed[39m [90m{"context":"RedisProvider"}[39m
[23:14:59.718] [33mWARN[39m (29064): [36mRedis connection closed[39m [90m{"context":"RedisProvider"}[39m
{
  resource: {
    attributes: {
      'host.name': 'Arunesh',
      'host.arch': 'amd64',
      'host.id': '961ee426-227a-4c11-9579-fdfc83a68919',
      'process.pid': 29064,
      'process.executable.name': 'Administrator:  C:\\WINDOWS\\system32\\cmd.exe ',
      'process.executable.path': 'C:\\Program Files\\nodejs\\node.exe',
      'process.command_args': [
        'C:\\Program Files\\nodejs\\node.exe',
        'C:\\Users\\Administrator\\.gemini\\antigravity_old\\scratch_old\\tallyme\\apps\\backend\\dist\\src\\main.js'
      ],
      'process.runtime.version': '24.12.0',
      'process.runtime.name': 'nodejs',
      'process.runtime.description': 'Node.js',
      'process.command': 'C:\\Users\\Administrator\\.gemini\\antigravity_old\\scratch_old\\tallyme\\apps\\backend\\dist\\src\\main.js',
      'process.owner': 'Administrator',
      'service.name': 'unknown_service:node',
      'telemetry.sdk.language': 'nodejs',
      'telemetry.sdk.name': 'opentelemetry',
      'telemetry.sdk.version': '2.10.0'
    }
  },
  instrumentationScope: {
    name: '@opentelemetry/instrumentation-dns',
    version: '0.63.0',
    schemaUrl: undefined
  },
  traceId: 'b1db66b989e332d9be12670c9f475551',
  parentSpanContext: undefined,
  traceState: undefined,
  name: 'dns.lookup',
  id: 'b9a4e86254fcde80',
  kind: 2,
  timestamp: 1785001499712000,
  duration: 1088.5,
  attributes: { 'peer.ipv6': '::1', 'peer[1].ipv4': '127.0.0.1' },
  status: { code: 0 },
  events: [],
  links: []
}
{
  resource: {
    attributes: {
      'host.name': 'Arunesh',
      'host.arch': 'amd64',
      'host.id': '961ee426-227a-4c11-9579-fdfc83a68919',
      'process.pid': 29064,
      'process.executable.name': 'Administrator:  C:\\WINDOWS\\system32\\cmd.exe ',
      'process.executable.path': 'C:\\Program Files\\nodejs\\node.exe',
      'process.command_args': [
        'C:\\Program Files\\nodejs\\node.exe',
        'C:\\Users\\Administrator\\.gemini\\antigravity_old\\scratch_old\\tallyme\\apps\\backend\\dist\\src\\main.js'
      ],
      'process.runtime.version': '24.12.0',
      'process.runtime.name': 'nodejs',
      'process.runtime.description': 'Node.js',
      'process.command': 'C:\\Users\\Administrator\\.gemini\\antigravity_old\\scratch_old\\tallyme\\apps\\backend\\dist\\src\\main.js',
      'process.owner': 'Administrator',
      'service.name': 'unknown_service:node',
      'telemetry.sdk.language': 'nodejs',
      'telemetry.sdk.name': 'opentelemetry',
      'telemetry.sdk.version': '2.10.0'
    }
  },
  instrumentationScope: {
    name: '@opentelemetry/instrumentation-net',
    version: '0.64.0',
    schemaUrl: undefined
  },
  traceId: 'bdbceef9363af81e25c9fb5cad5f2f7d',
  parentSpanContext: undefined,
  traceState: undefined,
  name: 'tcp.connect',
  id: '45f1390c84dc141e',
  kind: 0,
  timestamp: 1785001499711000,
  duration: 2410.4,
  attributes: {
    'net.transport': 'ip_tcp',
    'net.peer.name': 'localhost',
    'net.peer.port': 6380,
    'net.peer.ip': '::1',
    'net.host.ip': '::1',
    'net.host.port': 64255
  },
  status: { code: 0 },
  events: [],
  links: []
}
{
  resource: {
    attributes: {
      'host.name': 'Arunesh',
      'host.arch': 'amd64',
      'host.id': '961ee426-227a-4c11-9579-fdfc83a68919',
      'process.pid': 29064,
      'process.executable.name': 'Administrator:  C:\\WINDOWS\\system32\\cmd.exe ',
      'process.executable.path': 'C:\\Program Files\\nodejs\\node.exe',
      'process.command_args': [
        'C:\\Program Files\\nodejs\\node.exe',
        'C:\\Users\\Administrator\\.gemini\\antigravity_old\\scratch_old\\tallyme\\apps\\backend\\dist\\src\\main.js'
      ],
      'process.runtime.version': '24.12.0',
      'process.runtime.name': 'nodejs',
      'process.runtime.description': 'Node.js',
      'process.command': 'C:\\Users\\Administrator\\.gemini\\antigravity_old\\scratch_old\\tallyme\\apps\\backend\\dist\\src\\main.js',
      'process.owner': 'Administrator',
      'service.name': 'unknown_service:node',
      'telemetry.sdk.language': 'nodejs',
      'telemetry.sdk.name': 'opentelemetry',
      'telemetry.sdk.version': '2.10.0'
    }
  },
  instrumentationScope: {
    name: '@opentelemetry/instrumentation-dns',
    version: '0.63.0',
    schemaUrl: undefined
  },
  traceId: '6da85bbc806f3acd36cacdb67e7b8591',
  parentSpanContext: undefined,
  traceState: undefined,
  name: 'dns.lookup',
  id: 'df84d587fe975b88',
  kind: 2,
  timestamp: 1785001499818000,
  duration: 879.2,
  attributes: { 'peer.ipv6': '::1', 'peer[1].ipv4': '127.0.0.1' },
  status: { code: 0 },
  events: [],
  links: []
}
{
  resource: {
    attributes: {
      'host.name': 'Arunesh',
      'host.arch': 'amd64',
      'host.id': '961ee426-227a-4c11-9579-fdfc83a68919',
      'process.pid': 29064,
      'process.executable.name': 'Administrator:  C:\\WINDOWS\\system32\\cmd.exe ',
      'process.executable.path': 'C:\\Program Files\\nodejs\\node.exe',
      'process.command_args': [
        'C:\\Program Files\\nodejs\\node.exe',
        'C:\\Users\\Administrator\\.gemini\\antigravity_old\\scratch_old\\tallyme\\apps\\backend\\dist\\src\\main.js'
      ],
      'process.runtime.version': '24.12.0',
      'process.runtime.name': 'nodejs',
      'process.runtime.description': 'Node.js',
      'process.command': 'C:\\Users\\Administrator\\.gemini\\antigravity_old\\scratch_old\\tallyme\\apps\\backend\\dist\\src\\main.js',
      'process.owner': 'Administrator',
      'service.name': 'unknown_service:node',
      'telemetry.sdk.language': 'nodejs',
      'telemetry.sdk.name': 'opentelemetry',
      'telemetry.sdk.version': '2.10.0'
    }
  },
  instrumentationScope: {
    name: '@opentelemetry/instrumentation-net',
    version: '0.64.0',
    schemaUrl: undefined
  },
  traceId: '4ba9270cd81a829bf94f84d5e55bd588',
  parentSpanContext: undefined,
  traceState: undefined,
  name: 'tcp.connect',
  id: '13ef8865de01c2a5',
  kind: 0,
  timestamp: 1785001499818000,
  duration: 1659.9,
  attributes: {
    'net.transport': 'ip_tcp',
    'net.peer.name': 'localhost',
    'net.peer.port': 6380,
    'net.peer.ip': '::1',
    'net.host.ip': '::1',
    'net.host.port': 64256
  },
  status: { code: 0 },
  events: [],
  links: []
}
{
  resource: {
    attributes: {
      'host.name': 'Arunesh',
      'host.arch': 'amd64',
      'host.id': '961ee426-227a-4c11-9579-fdfc83a68919',
      'process.pid': 29064,
      'process.executable.name': 'Administrator:  C:\\WINDOWS\\system32\\cmd.exe ',
      'process.executable.path': 'C:\\Program Files\\nodejs\\node.exe',
      'process.command_args': [
        'C:\\Program Files\\nodejs\\node.exe',
        'C:\\Users\\Administrator\\.gemini\\antigravity_old\\scratch_old\\tallyme\\apps\\backend\\dist\\src\\main.js'
      ],
      'process.runtime.version': '24.12.0',
      'process.runtime.name': 'nodejs',
      'process.runtime.description': 'Node.js',
      'process.command': 'C:\\Users\\Administrator\\.gemini\\antigravity_old\\scratch_old\\tallyme\\apps\\backend\\dist\\src\\main.js',
      'process.owner': 'Administrator',
      'service.name': 'unknown_service:node',
      'telemetry.sdk.language': 'nodejs',
      'telemetry.sdk.name': 'opentelemetry',
      'telemetry.sdk.version': '2.10.0'
    }
  },
  instrumentationScope: {
    name: '@opentelemetry/instrumentation-ioredis',
    version: '0.68.0',
    schemaUrl: undefined
  },
  traceId: '094ea94955f8057a27ef9ef69552edce',
  parentSpanContext: {
    traceId: '094ea94955f8057a27ef9ef69552edce',
    spanId: '4c79e4b0e1921bfe',
    traceFlags: 1,
    traceState: undefined
  },
  traceState: undefined,
  name: 'connect',
  id: 'e8d7b740d9a7d29e',
  kind: 2,
  timestamp: 1785001500656000,
  duration: 234.1,
  attributes: {
    'db.system': 'redis',
    'db.statement': 'connect',
    'db.connection_string': 'redis://localhost:6380',
    'net.peer.name': 'localhost',
    'net.peer.port': 6380
  },
  status: { code: 0 },
  events: [],
  links: []
}
{
  resource: {
    attributes: {
      'host.name': 'Arunesh',
      'host.arch': 'amd64',
      'host.id': '961ee426-227a-4c11-9579-fdfc83a68919',
      'process.pid': 29064,
      'process.executable.name': 'Administrator:  C:\\WINDOWS\\system32\\cmd.exe ',
      'process.executable.path': 'C:\\Program Files\\nodejs\\node.exe',
      'process.command_args': [
        'C:\\Program Files\\nodejs\\node.exe',
        'C:\\Users\\Administrator\\.gemini\\antigravity_old\\scratch_old\\tallyme\\apps\\backend\\dist\\src\\main.js'
      ],
      'process.runtime.version': '24.12.0',
      'process.runtime.name': 'nodejs',
      'process.runtime.description': 'Node.js',
      'process.command': 'C:\\Users\\Administrator\\.gemini\\antigravity_old\\scratch_old\\tallyme\\apps\\backend\\dist\\src\\main.js',
      'process.owner': 'Administrator',
      'service.name': 'unknown_service:node',
      'telemetry.sdk.language': 'nodejs',
      'telemetry.sdk.name': 'opentelemetry',
      'telemetry.sdk.version': '2.10.0'
    }
  },
  instrumentationScope: {
    name: '@opentelemetry/instrumentation-ioredis',
    version: '0.68.0',
    schemaUrl: undefined
  },
  traceId: '094ea94955f8057a27ef9ef69552edce',
  parentSpanContext: {
    traceId: '094ea94955f8057a27ef9ef69552edce',
    spanId: '4c79e4b0e1921bfe',
    traceFlags: 1,
    traceState: undefined
  },
  traceState: undefined,
  name: 'connect',
  id: '4ce1151856fdcbed',
  kind: 2,
  timestamp: 1785001500657000,
  duration: 110.6,
  attributes: {
    'db.system': 'redis',
    'db.statement': 'connect',
    'db.connection_string': 'redis://localhost:6380',
    'net.peer.name': 'localhost',
    'net.peer.port': 6380
  },
  status: { code: 0 },
  events: [],
  links: []
}
{
  resource: {
    attributes: {
      'host.name': 'Arunesh',
      'host.arch': 'amd64',
      'host.id': '961ee426-227a-4c11-9579-fdfc83a68919',
      'process.pid': 29064,
      'process.executable.name': 'Administrator:  C:\\WINDOWS\\system32\\cmd.exe ',
      'process.executable.path': 'C:\\Program Files\\nodejs\\node.exe',
      'process.command_args': [
        'C:\\Program Files\\nodejs\\node.exe',
        'C:\\Users\\Administrator\\.gemini\\antigravity_old\\scratch_old\\tallyme\\apps\\backend\\dist\\src\\main.js'
      ],
      'process.runtime.version': '24.12.0',
      'process.runtime.name': 'nodejs',
      'process.runtime.description': 'Node.js',
      'process.command': 'C:\\Users\\Administrator\\.gemini\\antigravity_old\\scratch_old\\tallyme\\apps\\backend\\dist\\src\\main.js',
      'process.owner': 'Administrator',
      'service.name': 'unknown_service:node',
      'telemetry.sdk.language': 'nodejs',
      'telemetry.sdk.name': 'opentelemetry',
      'telemetry.sdk.version': '2.10.0'
    }
  },
  instrumentationScope: {
    name: '@opentelemetry/instrumentation-ioredis',
    version: '0.68.0',
    schemaUrl: undefined
  },
  traceId: '094ea94955f8057a27ef9ef69552edce',
  parentSpanContext: {
    traceId: '094ea94955f8057a27ef9ef69552edce',
    spanId: '4c79e4b0e1921bfe',
    traceFlags: 1,
    traceState: undefined
  },
  traceState: undefined,
  name: 'connect',
  id: 'febf2f956e143556',
  kind: 2,
  timestamp: 1785001500657000,
  duration: 22.5,
  attributes: {
    'db.system': 'redis',
    'db.statement': 'connect',
    'db.connection_string': 'redis://localhost:6380',
    'net.peer.name': 'localhost',
    'net.peer.port': 6380
  },
  status: { code: 0 },
  events: [],
  links: []
}
{
  resource: {
    attributes: {
      'host.name': 'Arunesh',
      'host.arch': 'amd64',
      'host.id': '961ee426-227a-4c11-9579-fdfc83a68919',
      'process.pid': 29064,
      'process.executable.name': 'Administrator:  C:\\WINDOWS\\system32\\cmd.exe ',
      'process.executable.path': 'C:\\Program Files\\nodejs\\node.exe',
      'process.command_args': [
        'C:\\Program Files\\nodejs\\node.exe',
        'C:\\Users\\Administrator\\.gemini\\antigravity_old\\scratch_old\\tallyme\\apps\\backend\\dist\\src\\main.js'
      ],
      'process.runtime.version': '24.12.0',
      'process.runtime.name': 'nodejs',
      'process.runtime.description': 'Node.js',
      'process.command': 'C:\\Users\\Administrator\\.gemini\\antigravity_old\\scratch_old\\tallyme\\apps\\backend\\dist\\src\\main.js',
      'process.owner': 'Administrator',
      'service.name': 'unknown_service:node',
      'telemetry.sdk.language': 'nodejs',
      'telemetry.sdk.name': 'opentelemetry',
      'telemetry.sdk.version': '2.10.0'
    }
  },
  instrumentationScope: {
    name: '@opentelemetry/instrumentation-ioredis',
    version: '0.68.0',
    schemaUrl: undefined
  },
  traceId: '094ea94955f8057a27ef9ef69552edce',
  parentSpanContext: {
    traceId: '094ea94955f8057a27ef9ef69552edce',
    spanId: '4c79e4b0e1921bfe',
    traceFlags: 1,
    traceState: undefined
  },
  traceState: undefined,
  name: 'connect',
  id: 'c984bd9f41cd9cb1',
  kind: 2,
  timestamp: 1785001500657000,
  duration: 14.5,
  attributes: {
    'db.system': 'redis',
    'db.statement': 'connect',
    'db.connection_string': 'redis://localhost:6380',
    'net.peer.name': 'localhost',
    'net.peer.port': 6380
  },
  status: { code: 0 },
  events: [],
  links: []
}
{
  resource: {
    attributes: {
      'host.name': 'Arunesh',
      'host.arch': 'amd64',
      'host.id': '961ee426-227a-4c11-9579-fdfc83a68919',
      'process.pid': 29064,
      'process.executable.name': 'Administrator:  C:\\WINDOWS\\system32\\cmd.exe ',
      'process.executable.path': 'C:\\Program Files\\nodejs\\node.exe',
      'process.command_args': [
        'C:\\Program Files\\nodejs\\node.exe',
        'C:\\Users\\Administrator\\.gemini\\antigravity_old\\scratch_old\\tallyme\\apps\\backend\\dist\\src\\main.js'
      ],
      'process.runtime.version': '24.12.0',
      'process.runtime.name': 'nodejs',
      'process.runtime.description': 'Node.js',
      'process.command': 'C:\\Users\\Administrator\\.gemini\\antigravity_old\\scratch_old\\tallyme\\apps\\backend\\dist\\src\\main.js',
      'process.owner': 'Administrator',
      'service.name': 'unknown_service:node',
      'telemetry.sdk.language': 'nodejs',
      'telemetry.sdk.name': 'opentelemetry',
      'telemetry.sdk.version': '2.10.0'
    }
  },
  instrumentationScope: {
    name: '@opentelemetry/instrumentation-ioredis',
    version: '0.68.0',
    schemaUrl: undefined
  },
  traceId: '094ea94955f8057a27ef9ef69552edce',
  parentSpanContext: {
    traceId: '094ea94955f8057a27ef9ef69552edce',
    spanId: '4c79e4b0e1921bfe',
    traceFlags: 1,
    traceState: undefined
  },
  traceState: undefined,
  name: 'connect',
  id: 'adee63327e81a628',
  kind: 2,
  timestamp: 1785001500657000,
  duration: 12.8,
  attributes: {
    'db.system': 'redis',
    'db.statement': 'connect',
    'db.connection_string': 'redis://localhost:6380',
    'net.peer.name': 'localhost',
    'net.peer.port': 6380
  },
  status: { code: 0 },
  events: [],
  links: []
}
{
  resource: {
    attributes: {
      'host.name': 'Arunesh',
      'host.arch': 'amd64',
      'host.id': '961ee426-227a-4c11-9579-fdfc83a68919',
      'process.pid': 29064,
      'process.executable.name': 'Administrator:  C:\\WINDOWS\\system32\\cmd.exe ',
      'process.executable.path': 'C:\\Program Files\\nodejs\\node.exe',
      'process.command_args': [
        'C:\\Program Files\\nodejs\\node.exe',
        'C:\\Users\\Administrator\\.gemini\\antigravity_old\\scratch_old\\tallyme\\apps\\backend\\dist\\src\\main.js'
      ],
      'process.runtime.version': '24.12.0',
      'process.runtime.name': 'nodejs',
      'process.runtime.description': 'Node.js',
      'process.command': 'C:\\Users\\Administrator\\.gemini\\antigravity_old\\scratch_old\\tallyme\\apps\\backend\\dist\\src\\main.js',
      'process.owner': 'Administrator',
      'service.name': 'unknown_service:node',
      'telemetry.sdk.language': 'nodejs',
      'telemetry.sdk.name': 'opentelemetry',
      'telemetry.sdk.version': '2.10.0'
    }
  },
  instrumentationScope: {
    name: '@opentelemetry/instrumentation-ioredis',
    version: '0.68.0',
    schemaUrl: undefined
  },
  traceId: '094ea94955f8057a27ef9ef69552edce',
  parentSpanContext: {
    traceId: '094ea94955f8057a27ef9ef69552edce',
    spanId: '4c79e4b0e1921bfe',
    traceFlags: 1,
    traceState: undefined
  },
  traceState: undefined,
  name: 'connect',
  id: 'e03193c4116776d6',
  kind: 2,
  timestamp: 1785001500658000,
  duration: 14,
  attributes: {
    'db.system': 'redis',
    'db.statement': 'connect',
    'db.connection_string': 'redis://localhost:6380',
    'net.peer.name': 'localhost',
    'net.peer.port': 6380
  },
  status: { code: 0 },
  events: [],
  links: []
}
{
  resource: {
    attributes: {
      'host.name': 'Arunesh',
      'host.arch': 'amd64',
      'host.id': '961ee426-227a-4c11-9579-fdfc83a68919',
      'process.pid': 29064,
      'process.executable.name': 'Administrator:  C:\\WINDOWS\\system32\\cmd.exe ',
      'process.executable.path': 'C:\\Program Files\\nodejs\\node.exe',
      'process.command_args': [
        'C:\\Program Files\\nodejs\\node.exe',
        'C:\\Users\\Administrator\\.gemini\\antigravity_old\\scratch_old\\tallyme\\apps\\backend\\dist\\src\\main.js'
      ],
      'process.runtime.version': '24.12.0',
      'process.runtime.name': 'nodejs',
      'process.runtime.description': 'Node.js',
      'process.command': 'C:\\Users\\Administrator\\.gemini\\antigravity_old\\scratch_old\\tallyme\\apps\\backend\\dist\\src\\main.js',
      'process.owner': 'Administrator',
      'service.name': 'unknown_service:node',
      'telemetry.sdk.language': 'nodejs',
      'telemetry.sdk.name': 'opentelemetry',
      'telemetry.sdk.version': '2.10.0'
    }
  },
  instrumentationScope: {
    name: '@opentelemetry/instrumentation-ioredis',
    version: '0.68.0',
    schemaUrl: undefined
  },
  traceId: '094ea94955f8057a27ef9ef69552edce',
  parentSpanContext: {
    traceId: '094ea94955f8057a27ef9ef69552edce',
    spanId: '4c79e4b0e1921bfe',
    traceFlags: 1,
    traceState: undefined
  },
  traceState: undefined,
  name: 'connect',
  id: '25dbfecb6506a0d0',
  kind: 2,
  timestamp: 1785001500658000,
  duration: 16.8,
  attributes: {
    'db.system': 'redis',
    'db.statement': 'connect',
    'db.connection_string': 'redis://localhost:6380',
    'net.peer.name': 'localhost',
    'net.peer.port': 6380
  },
  status: { code: 0 },
  events: [],
  links: []
}
{
  resource: {
    attributes: {
      'host.name': 'Arunesh',
      'host.arch': 'amd64',
      'host.id': '961ee426-227a-4c11-9579-fdfc83a68919',
      'process.pid': 29064,
      'process.executable.name': 'Administrator:  C:\\WINDOWS\\system32\\cmd.exe ',
      'process.executable.path': 'C:\\Program Files\\nodejs\\node.exe',
      'process.command_args': [
        'C:\\Program Files\\nodejs\\node.exe',
        'C:\\Users\\Administrator\\.gemini\\antigravity_old\\scratch_old\\tallyme\\apps\\backend\\dist\\src\\main.js'
      ],
      'process.runtime.version': '24.12.0',
      'process.runtime.name': 'nodejs',
      'process.runtime.description': 'Node.js',
      'process.command': 'C:\\Users\\Administrator\\.gemini\\antigravity_old\\scratch_old\\tallyme\\apps\\backend\\dist\\src\\main.js',
      'process.owner': 'Administrator',
      'service.name': 'unknown_service:node',
      'telemetry.sdk.language': 'nodejs',
      'telemetry.sdk.name': 'opentelemetry',
      'telemetry.sdk.version': '2.10.0'
    }
  },
  instrumentationScope: {
    name: '@opentelemetry/instrumentation-ioredis',
    version: '0.68.0',
    schemaUrl: undefined
  },
  traceId: '094ea94955f8057a27ef9ef69552edce',
  parentSpanContext: {
    traceId: '094ea94955f8057a27ef9ef69552edce',
    spanId: '4c79e4b0e1921bfe',
    traceFlags: 1,
    traceState: undefined
  },
  traceState: undefined,
  name: 'connect',
  id: 'a52e3bbbb849576b',
  kind: 2,
  timestamp: 1785001500658000,
  duration: 24.6,
  attributes: {
    'db.system': 'redis',
    'db.statement': 'connect',
    'db.connection_string': 'redis://localhost:6380',
    'net.peer.name': 'localhost',
    'net.peer.port': 6380
  },
  status: { code: 0 },
  events: [],
  links: []
}
{
  resource: {
    attributes: {
      'host.name': 'Arunesh',
      'host.arch': 'amd64',
      'host.id': '961ee426-227a-4c11-9579-fdfc83a68919',
      'process.pid': 29064,
      'process.executable.name': 'Administrator:  C:\\WINDOWS\\system32\\cmd.exe ',
      'process.executable.path': 'C:\\Program Files\\nodejs\\node.exe',
      'process.command_args': [
        'C:\\Program Files\\nodejs\\node.exe',
        'C:\\Users\\Administrator\\.gemini\\antigravity_old\\scratch_old\\tallyme\\apps\\backend\\dist\\src\\main.js'
      ],
      'process.runtime.version': '24.12.0',
      'process.runtime.name': 'nodejs',
      'process.runtime.description': 'Node.js',
      'process.command': 'C:\\Users\\Administrator\\.gemini\\antigravity_old\\scratch_old\\tallyme\\apps\\backend\\dist\\src\\main.js',
      'process.owner': 'Administrator',
      'service.name': 'unknown_service:node',
      'telemetry.sdk.language': 'nodejs',
      'telemetry.sdk.name': 'opentelemetry',
      'telemetry.sdk.version': '2.10.0'
    }
  },
  instrumentationScope: {
    name: '@opentelemetry/instrumentation-ioredis',
    version: '0.68.0',
    schemaUrl: undefined
  },
  traceId: '094ea94955f8057a27ef9ef69552edce',
  parentSpanContext: {
    traceId: '094ea94955f8057a27ef9ef69552edce',
    spanId: '4c79e4b0e1921bfe',
    traceFlags: 1,
    traceState: undefined
  },
  traceState: undefined,
  name: 'connect',
  id: '1354365f39e6cb19',
  kind: 2,
  timestamp: 1785001500659000,
  duration: 30.4,
  attributes: {
    'db.system': 'redis',
    'db.statement': 'connect',
    'db.connection_string': 'redis://localhost:6380',
    'net.peer.name': 'localhost',
    'net.peer.port': 6380
  },
  status: { code: 0 },
  events: [],
  links: []
}
{
  resource: {
    attributes: {
      'host.name': 'Arunesh',
      'host.arch': 'amd64',
      'host.id': '961ee426-227a-4c11-9579-fdfc83a68919',
      'process.pid': 29064,
      'process.executable.name': 'Administrator:  C:\\WINDOWS\\system32\\cmd.exe ',
      'process.executable.path': 'C:\\Program Files\\nodejs\\node.exe',
      'process.command_args': [
        'C:\\Program Files\\nodejs\\node.exe',
        'C:\\Users\\Administrator\\.gemini\\antigravity_old\\scratch_old\\tallyme\\apps\\backend\\dist\\src\\main.js'
      ],
      'process.runtime.version': '24.12.0',
      'process.runtime.name': 'nodejs',
      'process.runtime.description': 'Node.js',
      'process.command': 'C:\\Users\\Administrator\\.gemini\\antigravity_old\\scratch_old\\tallyme\\apps\\backend\\dist\\src\\main.js',
      'process.owner': 'Administrator',
      'service.name': 'unknown_service:node',
      'telemetry.sdk.language': 'nodejs',
      'telemetry.sdk.name': 'opentelemetry',
      'telemetry.sdk.version': '2.10.0'
    }
  },
  instrumentationScope: {
    name: '@opentelemetry/instrumentation-ioredis',
    version: '0.68.0',
    schemaUrl: undefined
  },
  traceId: '094ea94955f8057a27ef9ef69552edce',
  parentSpanContext: {
    traceId: '094ea94955f8057a27ef9ef69552edce',
    spanId: '4c79e4b0e1921bfe',
    traceFlags: 1,
    traceState: undefined
  },
  traceState: undefined,
  name: 'connect',
  id: '84fe7d6c0ddd5e61',
  kind: 2,
  timestamp: 1785001500659000,
  duration: 12.1,
  attributes: {
    'db.system': 'redis',
    'db.statement': 'connect',
    'db.connection_string': 'redis://localhost:6380',
    'net.peer.name': 'localhost',
    'net.peer.port': 6380
  },
  status: { code: 0 },
  events: [],
  links: []
}
{
  resource: {
    attributes: {
      'host.name': 'Arunesh',
      'host.arch': 'amd64',
      'host.id': '961ee426-227a-4c11-9579-fdfc83a68919',
      'process.pid': 29064,
      'process.executable.name': 'Administrator:  C:\\WINDOWS\\system32\\cmd.exe ',
      'process.executable.path': 'C:\\Program Files\\nodejs\\node.exe',
      'process.command_args': [
        'C:\\Program Files\\nodejs\\node.exe',
        'C:\\Users\\Administrator\\.gemini\\antigravity_old\\scratch_old\\tallyme\\apps\\backend\\dist\\src\\main.js'
      ],
      'process.runtime.version': '24.12.0',
      'process.runtime.name': 'nodejs',
      'process.runtime.description': 'Node.js',
      'process.command': 'C:\\Users\\Administrator\\.gemini\\antigravity_old\\scratch_old\\tallyme\\apps\\backend\\dist\\src\\main.js',
      'process.owner': 'Administrator',
      'service.name': 'unknown_service:node',
      'telemetry.sdk.language': 'nodejs',
      'telemetry.sdk.name': 'opentelemetry',
      'telemetry.sdk.version': '2.10.0'
    }
  },
  instrumentationScope: {
    name: '@opentelemetry/instrumentation-dns',
    version: '0.63.0',
    schemaUrl: undefined
  },
  traceId: '094ea94955f8057a27ef9ef69552edce',
  parentSpanContext: {
    traceId: '094ea94955f8057a27ef9ef69552edce',
    spanId: '4c79e4b0e1921bfe',
    traceFlags: 1,
    traceState: undefined
  },
  traceState: undefined,
  name: 'dns.lookup',
  id: '2c40568aecf7c412',
  kind: 2,
  timestamp: 1785001500657000,
  duration: 2261.6,
  attributes: { 'peer.ipv6': '::1', 'peer[1].ipv4': '127.0.0.1' },
  status: { code: 0 },
  events: [],
  links: []
}
{
  resource: {
    attributes: {
      'host.name': 'Arunesh',
      'host.arch': 'amd64',
      'host.id': '961ee426-227a-4c11-9579-fdfc83a68919',
      'process.pid': 29064,
      'process.executable.name': 'Administrator:  C:\\WINDOWS\\system32\\cmd.exe ',
      'process.executable.path': 'C:\\Program Files\\nodejs\\node.exe',
      'process.command_args': [
        'C:\\Program Files\\nodejs\\node.exe',
        'C:\\Users\\Administrator\\.gemini\\antigravity_old\\scratch_old\\tallyme\\apps\\backend\\dist\\src\\main.js'
      ],
      'process.runtime.version': '24.12.0',
      'process.runtime.name': 'nodejs',
      'process.runtime.description': 'Node.js',
      'process.command': 'C:\\Users\\Administrator\\.gemini\\antigravity_old\\scratch_old\\tallyme\\apps\\backend\\dist\\src\\main.js',
      'process.owner': 'Administrator',
      'service.name': 'unknown_service:node',
      'telemetry.sdk.language': 'nodejs',
      'telemetry.sdk.name': 'opentelemetry',
      'telemetry.sdk.version': '2.10.0'
    }
  },
  instrumentationScope: {
    name: '@opentelemetry/instrumentation-dns',
    version: '0.63.0',
    schemaUrl: undefined
  },
  traceId: '094ea94955f8057a27ef9ef69552edce',
  parentSpanContext: {
    traceId: '094ea94955f8057a27ef9ef69552edce',
    spanId: '4c79e4b0e1921bfe',
    traceFlags: 1,
    traceState: undefined
  },
  traceState: undefined,
  name: 'dns.lookup',
  id: '0fbd13ea3bb2118e',
  kind: 2,
  timestamp: 1785001500657000,
  duration: 2441.3,
  attributes: { 'peer.ipv6': '::1', 'peer[1].ipv4': '127.0.0.1' },
  status: { code: 0 },
  events: [],
  links: []
}
{
  resource: {
    attributes: {
      'host.name': 'Arunesh',
      'host.arch': 'amd64',
      'host.id': '961ee426-227a-4c11-9579-fdfc83a68919',
      'process.pid': 29064,
      'process.executable.name': 'Administrator:  C:\\WINDOWS\\system32\\cmd.exe ',
      'process.executable.path': 'C:\\Program Files\\nodejs\\node.exe',
      'process.command_args': [
        'C:\\Program Files\\nodejs\\node.exe',
        'C:\\Users\\Administrator\\.gemini\\antigravity_old\\scratch_old\\tallyme\\apps\\backend\\dist\\src\\main.js'
      ],
      'process.runtime.version': '24.12.0',
      'process.runtime.name': 'nodejs',
      'process.runtime.description': 'Node.js',
      'process.command': 'C:\\Users\\Administrator\\.gemini\\antigravity_old\\scratch_old\\tallyme\\apps\\backend\\dist\\src\\main.js',
      'process.owner': 'Administrator',
      'service.name': 'unknown_service:node',
      'telemetry.sdk.language': 'nodejs',
      'telemetry.sdk.name': 'opentelemetry',
      'telemetry.sdk.version': '2.10.0'
    }
  },
  instrumentationScope: {
    name: '@opentelemetry/instrumentation-dns',
    version: '0.63.0',
    schemaUrl: undefined
  },
  traceId: '094ea94955f8057a27ef9ef69552edce',
  parentSpanContext: {
    traceId: '094ea94955f8057a27ef9ef69552edce',
    spanId: '4c79e4b0e1921bfe',
    traceFlags: 1,
    traceState: undefined
  },
  traceState: undefined,
  name: 'dns.lookup',
  id: 'f38a7a88c7054038',
  kind: 2,
  timestamp: 1785001500657000,
  duration: 2569.1,
  attributes: { 'peer.ipv6': '::1', 'peer[1].ipv4': '127.0.0.1' },
  status: { code: 0 },
  events: [],
  links: []
}
{
  resource: {
    attributes: {
      'host.name': 'Arunesh',
      'host.arch': 'amd64',
      'host.id': '961ee426-227a-4c11-9579-fdfc83a68919',
      'process.pid': 29064,
      'process.executable.name': 'Administrator:  C:\\WINDOWS\\system32\\cmd.exe ',
      'process.executable.path': 'C:\\Program Files\\nodejs\\node.exe',
      'process.command_args': [
        'C:\\Program Files\\nodejs\\node.exe',
        'C:\\Users\\Administrator\\.gemini\\antigravity_old\\scratch_old\\tallyme\\apps\\backend\\dist\\src\\main.js'
      ],
      'process.runtime.version': '24.12.0',
      'process.runtime.name': 'nodejs',
      'process.runtime.description': 'Node.js',
      'process.command': 'C:\\Users\\Administrator\\.gemini\\antigravity_old\\scratch_old\\tallyme\\apps\\backend\\dist\\src\\main.js',
      'process.owner': 'Administrator',
      'service.name': 'unknown_service:node',
      'telemetry.sdk.language': 'nodejs',
      'telemetry.sdk.name': 'opentelemetry',
      'telemetry.sdk.version': '2.10.0'
    }
  },
  instrumentationScope: {
    name: '@opentelemetry/instrumentation-dns',
    version: '0.63.0',
    schemaUrl: undefined
  },
  traceId: '094ea94955f8057a27ef9ef69552edce',
  parentSpanContext: {
    traceId: '094ea94955f8057a27ef9ef69552edce',
    spanId: '4c79e4b0e1921bfe',
    traceFlags: 1,
    traceState: undefined
  },
  traceState: undefined,
  name: 'dns.lookup',
  id: 'd6b8ef01d0ddd2f5',
  kind: 2,
  timestamp: 1785001500657000,
  duration: 3041.7,
  attributes: { 'peer.ipv6': '::1', 'peer[1].ipv4': '127.0.0.1' },
  status: { code: 0 },
  events: [],
  links: []
}
{
  resource: {
    attributes: {
      'host.name': 'Arunesh',
      'host.arch': 'amd64',
      'host.id': '961ee426-227a-4c11-9579-fdfc83a68919',
      'process.pid': 29064,
      'process.executable.name': 'Administrator:  C:\\WINDOWS\\system32\\cmd.exe ',
      'process.executable.path': 'C:\\Program Files\\nodejs\\node.exe',
      'process.command_args': [
        'C:\\Program Files\\nodejs\\node.exe',
        'C:\\Users\\Administrator\\.gemini\\antigravity_old\\scratch_old\\tallyme\\apps\\backend\\dist\\src\\main.js'
      ],
      'process.runtime.version': '24.12.0',
      'process.runtime.name': 'nodejs',
      'process.runtime.description': 'Node.js',
      'process.command': 'C:\\Users\\Administrator\\.gemini\\antigravity_old\\scratch_old\\tallyme\\apps\\backend\\dist\\src\\main.js',
      'process.owner': 'Administrator',
      'service.name': 'unknown_service:node',
      'telemetry.sdk.language': 'nodejs',
      'telemetry.sdk.name': 'opentelemetry',
      'telemetry.sdk.version': '2.10.0'
    }
  },
  instrumentationScope: {
    name: '@opentelemetry/instrumentation-dns',
    version: '0.63.0',
    schemaUrl: undefined
  },
  traceId: '094ea94955f8057a27ef9ef69552edce',
  parentSpanContext: {
    traceId: '094ea94955f8057a27ef9ef69552edce',
    spanId: '4c79e4b0e1921bfe',
    traceFlags: 1,
    traceState: undefined
  },
  traceState: undefined,
  name: 'dns.lookup',
  id: '986e820e9a54c3fb',
  kind: 2,
  timestamp: 1785001500658000,
  duration: 2991.5,
  attributes: { 'peer.ipv6': '::1', 'peer[1].ipv4': '127.0.0.1' },
  status: { code: 0 },
  events: [],
  links: []
}
{
  resource: {
    attributes: {
      'host.name': 'Arunesh',
      'host.arch': 'amd64',
      'host.id': '961ee426-227a-4c11-9579-fdfc83a68919',
      'process.pid': 29064,
      'process.executable.name': 'Administrator:  C:\\WINDOWS\\system32\\cmd.exe ',
      'process.executable.path': 'C:\\Program Files\\nodejs\\node.exe',
      'process.command_args': [
        'C:\\Program Files\\nodejs\\node.exe',
        'C:\\Users\\Administrator\\.gemini\\antigravity_old\\scratch_old\\tallyme\\apps\\backend\\dist\\src\\main.js'
      ],
      'process.runtime.version': '24.12.0',
      'process.runtime.name': 'nodejs',
      'process.runtime.description': 'Node.js',
      'process.command': 'C:\\Users\\Administrator\\.gemini\\antigravity_old\\scratch_old\\tallyme\\apps\\backend\\dist\\src\\main.js',
      'process.owner': 'Administrator',
      'service.name': 'unknown_service:node',
      'telemetry.sdk.language': 'nodejs',
      'telemetry.sdk.name': 'opentelemetry',
      'telemetry.sdk.version': '2.10.0'
    }
  },
  instrumentationScope: {
    name: '@opentelemetry/instrumentation-dns',
    version: '0.63.0',
    schemaUrl: undefined
  },
  traceId: '094ea94955f8057a27ef9ef69552edce',
  parentSpanContext: {
    traceId: '094ea94955f8057a27ef9ef69552edce',
    spanId: '4c79e4b0e1921bfe',
    traceFlags: 1,
    traceState: undefined
  },
  traceState: undefined,
  name: 'dns.lookup',
  id: '68b79a4228cded3e',
  kind: 2,
  timestamp: 1785001500658000,
  duration: 3005.6,
  attributes: { 'peer.ipv6': '::1', 'peer[1].ipv4': '127.0.0.1' },
  status: { code: 0 },
  events: [],
  links: []
}
{
  resource: {
    attributes: {
      'host.name': 'Arunesh',
      'host.arch': 'amd64',
      'host.id': '961ee426-227a-4c11-9579-fdfc83a68919',
      'process.pid': 29064,
      'process.executable.name': 'Administrator:  C:\\WINDOWS\\system32\\cmd.exe ',
      'process.executable.path': 'C:\\Program Files\\nodejs\\node.exe',
      'process.command_args': [
        'C:\\Program Files\\nodejs\\node.exe',
        'C:\\Users\\Administrator\\.gemini\\antigravity_old\\scratch_old\\tallyme\\apps\\backend\\dist\\src\\main.js'
      ],
      'process.runtime.version': '24.12.0',
      'process.runtime.name': 'nodejs',
      'process.runtime.description': 'Node.js',
      'process.command': 'C:\\Users\\Administrator\\.gemini\\antigravity_old\\scratch_old\\tallyme\\apps\\backend\\dist\\src\\main.js',
      'process.owner': 'Administrator',
      'service.name': 'unknown_service:node',
      'telemetry.sdk.language': 'nodejs',
      'telemetry.sdk.name': 'opentelemetry',
      'telemetry.sdk.version': '2.10.0'
    }
  },
  instrumentationScope: {
    name: '@opentelemetry/instrumentation-dns',
    version: '0.63.0',
    schemaUrl: undefined
  },
  traceId: '094ea94955f8057a27ef9ef69552edce',
  parentSpanContext: {
    traceId: '094ea94955f8057a27ef9ef69552edce',
    spanId: '4c79e4b0e1921bfe',
    traceFlags: 1,
    traceState: undefined
  },
  traceState: undefined,
  name: 'dns.lookup',
  id: 'd063fc88a8f3962e',
  kind: 2,
  timestamp: 1785001500658000,
  duration: 3052.5,
  attributes: { 'peer.ipv6': '::1', 'peer[1].ipv4': '127.0.0.1' },
  status: { code: 0 },
  events: [],
  links: []
}
{
  resource: {
    attributes: {
      'host.name': 'Arunesh',
      'host.arch': 'amd64',
      'host.id': '961ee426-227a-4c11-9579-fdfc83a68919',
      'process.pid': 29064,
      'process.executable.name': 'Administrator:  C:\\WINDOWS\\system32\\cmd.exe ',
      'process.executable.path': 'C:\\Program Files\\nodejs\\node.exe',
      'process.command_args': [
        'C:\\Program Files\\nodejs\\node.exe',
        'C:\\Users\\Administrator\\.gemini\\antigravity_old\\scratch_old\\tallyme\\apps\\backend\\dist\\src\\main.js'
      ],
      'process.runtime.version': '24.12.0',
      'process.runtime.name': 'nodejs',
      'process.runtime.description': 'Node.js',
      'process.command': 'C:\\Users\\Administrator\\.gemini\\antigravity_old\\scratch_old\\tallyme\\apps\\backend\\dist\\src\\main.js',
      'process.owner': 'Administrator',
      'service.name': 'unknown_service:node',
      'telemetry.sdk.language': 'nodejs',
      'telemetry.sdk.name': 'opentelemetry',
      'telemetry.sdk.version': '2.10.0'
    }
  },
  instrumentationScope: {
    name: '@opentelemetry/instrumentation-dns',
    version: '0.63.0',
    schemaUrl: undefined
  },
  traceId: '748796c615c669a0c3648344031707ab',
  parentSpanContext: undefined,
  traceState: undefined,
  name: 'dns.lookup',
  id: 'a6dd31e7b12f262d',
  kind: 2,
  timestamp: 1785001500658000,
  duration: 2885.6,
  attributes: { 'peer.ipv6': '::1', 'peer[1].ipv4': '127.0.0.1' },
  status: { code: 0 },
  events: [],
  links: []
}
{
  resource: {
    attributes: {
      'host.name': 'Arunesh',
      'host.arch': 'amd64',
      'host.id': '961ee426-227a-4c11-9579-fdfc83a68919',
      'process.pid': 29064,
      'process.executable.name': 'Administrator:  C:\\WINDOWS\\system32\\cmd.exe ',
      'process.executable.path': 'C:\\Program Files\\nodejs\\node.exe',
      'process.command_args': [
        'C:\\Program Files\\nodejs\\node.exe',
        'C:\\Users\\Administrator\\.gemini\\antigravity_old\\scratch_old\\tallyme\\apps\\backend\\dist\\src\\main.js'
      ],
      'process.runtime.version': '24.12.0',
      'process.runtime.name': 'nodejs',
      'process.runtime.description': 'Node.js',
      'process.command': 'C:\\Users\\Administrator\\.gemini\\antigravity_old\\scratch_old\\tallyme\\apps\\backend\\dist\\src\\main.js',
      'process.owner': 'Administrator',
      'service.name': 'unknown_service:node',
      'telemetry.sdk.language': 'nodejs',
      'telemetry.sdk.name': 'opentelemetry',
      'telemetry.sdk.version': '2.10.0'
    }
  },
  instrumentationScope: {
    name: '@opentelemetry/instrumentation-dns',
    version: '0.63.0',
    schemaUrl: undefined
  },
  traceId: '094ea94955f8057a27ef9ef69552edce',
  parentSpanContext: {
    traceId: '094ea94955f8057a27ef9ef69552edce',
    spanId: '4c79e4b0e1921bfe',
    traceFlags: 1,
    traceState: undefined
  },
  traceState: undefined,
  name: 'dns.lookup',
  id: 'ff93e749186a1bd8',
  kind: 2,
  timestamp: 1785001500658000,
  duration: 3259.6,
  attributes: { 'peer.ipv6': '::1', 'peer[1].ipv4': '127.0.0.1' },
  status: { code: 0 },
  events: [],
  links: []
}
{
  resource: {
    attributes: {
      'host.name': 'Arunesh',
      'host.arch': 'amd64',
      'host.id': '961ee426-227a-4c11-9579-fdfc83a68919',
      'process.pid': 29064,
      'process.executable.name': 'Administrator:  C:\\WINDOWS\\system32\\cmd.exe ',
      'process.executable.path': 'C:\\Program Files\\nodejs\\node.exe',
      'process.command_args': [
        'C:\\Program Files\\nodejs\\node.exe',
        'C:\\Users\\Administrator\\.gemini\\antigravity_old\\scratch_old\\tallyme\\apps\\backend\\dist\\src\\main.js'
      ],
      'process.runtime.version': '24.12.0',
      'process.runtime.name': 'nodejs',
      'process.runtime.description': 'Node.js',
      'process.command': 'C:\\Users\\Administrator\\.gemini\\antigravity_old\\scratch_old\\tallyme\\apps\\backend\\dist\\src\\main.js',
      'process.owner': 'Administrator',
      'service.name': 'unknown_service:node',
      'telemetry.sdk.language': 'nodejs',
      'telemetry.sdk.name': 'opentelemetry',
      'telemetry.sdk.version': '2.10.0'
    }
  },
  instrumentationScope: {
    name: '@opentelemetry/instrumentation-ioredis',
    version: '0.68.0',
    schemaUrl: undefined
  },
  traceId: '094ea94955f8057a27ef9ef69552edce',
  parentSpanContext: {
    traceId: '094ea94955f8057a27ef9ef69552edce',
    spanId: '4c79e4b0e1921bfe',
    traceFlags: 1,
    traceState: undefined
  },
  traceState: undefined,
  name: 'connect',
  id: '32dd57ab0c6be921',
  kind: 2,
  timestamp: 1785001500665000,
  duration: 34.8,
  attributes: {
    'db.system': 'redis',
    'db.statement': 'connect',
    'db.connection_string': 'redis://localhost:6380',
    'net.peer.name': 'localhost',
    'net.peer.port': 6380
  },
  status: { code: 0 },
  events: [],
  links: []
}
{
  resource: {
    attributes: {
      'host.name': 'Arunesh',
      'host.arch': 'amd64',
      'host.id': '961ee426-227a-4c11-9579-fdfc83a68919',
      'process.pid': 29064,
      'process.executable.name': 'Administrator:  C:\\WINDOWS\\system32\\cmd.exe ',
      'process.executable.path': 'C:\\Program Files\\nodejs\\node.exe',
      'process.command_args': [
        'C:\\Program Files\\nodejs\\node.exe',
        'C:\\Users\\Administrator\\.gemini\\antigravity_old\\scratch_old\\tallyme\\apps\\backend\\dist\\src\\main.js'
      ],
      'process.runtime.version': '24.12.0',
      'process.runtime.name': 'nodejs',
      'process.runtime.description': 'Node.js',
      'process.command': 'C:\\Users\\Administrator\\.gemini\\antigravity_old\\scratch_old\\tallyme\\apps\\backend\\dist\\src\\main.js',
      'process.owner': 'Administrator',
      'service.name': 'unknown_service:node',
      'telemetry.sdk.language': 'nodejs',
      'telemetry.sdk.name': 'opentelemetry',
      'telemetry.sdk.version': '2.10.0'
    }
  },
  instrumentationScope: {
    name: '@opentelemetry/instrumentation-ioredis',
    version: '0.68.0',
    schemaUrl: undefined
  },
  traceId: '094ea94955f8057a27ef9ef69552edce',
  parentSpanContext: {
    traceId: '094ea94955f8057a27ef9ef69552edce',
    spanId: '4c79e4b0e1921bfe',
    traceFlags: 1,
    traceState: undefined
  },
  traceState: undefined,
  name: 'connect',
  id: 'c41f19a45b53ba2d',
  kind: 2,
  timestamp: 1785001500665000,
  duration: 15.7,
  attributes: {
    'db.system': 'redis',
    'db.statement': 'connect',
    'db.connection_string': 'redis://localhost:6380',
    'net.peer.name': 'localhost',
    'net.peer.port': 6380
  },
  status: { code: 0 },
  events: [],
  links: []
}
{
  resource: {
    attributes: {
      'host.name': 'Arunesh',
      'host.arch': 'amd64',
      'host.id': '961ee426-227a-4c11-9579-fdfc83a68919',
      'process.pid': 29064,
      'process.executable.name': 'Administrator:  C:\\WINDOWS\\system32\\cmd.exe ',
      'process.executable.path': 'C:\\Program Files\\nodejs\\node.exe',
      'process.command_args': [
        'C:\\Program Files\\nodejs\\node.exe',
        'C:\\Users\\Administrator\\.gemini\\antigravity_old\\scratch_old\\tallyme\\apps\\backend\\dist\\src\\main.js'
      ],
      'process.runtime.version': '24.12.0',
      'process.runtime.name': 'nodejs',
      'process.runtime.description': 'Node.js',
      'process.command': 'C:\\Users\\Administrator\\.gemini\\antigravity_old\\scratch_old\\tallyme\\apps\\backend\\dist\\src\\main.js',
      'process.owner': 'Administrator',
      'service.name': 'unknown_service:node',
      'telemetry.sdk.language': 'nodejs',
      'telemetry.sdk.name': 'opentelemetry',
      'telemetry.sdk.version': '2.10.0'
    }
  },
  instrumentationScope: {
    name: '@opentelemetry/instrumentation-dns',
    version: '0.63.0',
    schemaUrl: undefined
  },
  traceId: '094ea94955f8057a27ef9ef69552edce',
  parentSpanContext: {
    traceId: '094ea94955f8057a27ef9ef69552edce',
    spanId: '4c79e4b0e1921bfe',
    traceFlags: 1,
    traceState: undefined
  },
  traceState: undefined,
  name: 'dns.lookup',
  id: '8b5554f9b9df840e',
  kind: 2,
  timestamp: 1785001500659000,
  duration: 6439.7,
  attributes: { 'peer.ipv6': '::1', 'peer[1].ipv4': '127.0.0.1' },
  status: { code: 0 },
  events: [],
  links: []
}
{
  resource: {
    attributes: {
      'host.name': 'Arunesh',
      'host.arch': 'amd64',
      'host.id': '961ee426-227a-4c11-9579-fdfc83a68919',
      'process.pid': 29064,
      'process.executable.name': 'Administrator:  C:\\WINDOWS\\system32\\cmd.exe ',
      'process.executable.path': 'C:\\Program Files\\nodejs\\node.exe',
      'process.command_args': [
        'C:\\Program Files\\nodejs\\node.exe',
        'C:\\Users\\Administrator\\.gemini\\antigravity_old\\scratch_old\\tallyme\\apps\\backend\\dist\\src\\main.js'
      ],
      'process.runtime.version': '24.12.0',
      'process.runtime.name': 'nodejs',
      'process.runtime.description': 'Node.js',
      'process.command': 'C:\\Users\\Administrator\\.gemini\\antigravity_old\\scratch_old\\tallyme\\apps\\backend\\dist\\src\\main.js',
      'process.owner': 'Administrator',
      'service.name': 'unknown_service:node',
      'telemetry.sdk.language': 'nodejs',
      'telemetry.sdk.name': 'opentelemetry',
      'telemetry.sdk.version': '2.10.0'
    }
  },
  instrumentationScope: {
    name: '@opentelemetry/instrumentation-dns',
    version: '0.63.0',
    schemaUrl: undefined
  },
  traceId: '094ea94955f8057a27ef9ef69552edce',
  parentSpanContext: {
    traceId: '094ea94955f8057a27ef9ef69552edce',
    spanId: '4c79e4b0e1921bfe',
    traceFlags: 1,
    traceState: undefined
  },
  traceState: undefined,
  name: 'dns.lookup',
  id: '1c0301a2d4e68bfd',
  kind: 2,
  timestamp: 1785001500659000,
  duration: 7126.3,
  attributes: { 'peer.ipv6': '::1', 'peer[1].ipv4': '127.0.0.1' },
  status: { code: 0 },
  events: [],
  links: []
}
{
  resource: {
    attributes: {
      'host.name': 'Arunesh',
      'host.arch': 'amd64',
      'host.id': '961ee426-227a-4c11-9579-fdfc83a68919',
      'process.pid': 29064,
      'process.executable.name': 'Administrator:  C:\\WINDOWS\\system32\\cmd.exe ',
      'process.executable.path': 'C:\\Program Files\\nodejs\\node.exe',
      'process.command_args': [
        'C:\\Program Files\\nodejs\\node.exe',
        'C:\\Users\\Administrator\\.gemini\\antigravity_old\\scratch_old\\tallyme\\apps\\backend\\dist\\src\\main.js'
      ],
      'process.runtime.version': '24.12.0',
      'process.runtime.name': 'nodejs',
      'process.runtime.description': 'Node.js',
      'process.command': 'C:\\Users\\Administrator\\.gemini\\antigravity_old\\scratch_old\\tallyme\\apps\\backend\\dist\\src\\main.js',
      'process.owner': 'Administrator',
      'service.name': 'unknown_service:node',
      'telemetry.sdk.language': 'nodejs',
      'telemetry.sdk.name': 'opentelemetry',
      'telemetry.sdk.version': '2.10.0'
    }
  },
  instrumentationScope: {
    name: '@opentelemetry/instrumentation-dns',
    version: '0.63.0',
    schemaUrl: undefined
  },
  traceId: 'e9393c10bb43545e495d4636ae2c4ab8',
  parentSpanContext: undefined,
  traceState: undefined,
  name: 'dns.lookup',
  id: '9c20d45a7d1df17e',
  kind: 2,
  timestamp: 1785001500665000,
  duration: 2499.6,
  attributes: { 'peer.ipv6': '::1', 'peer[1].ipv4': '127.0.0.1' },
  status: { code: 0 },
  events: [],
  links: []
}
{
  resource: {
    attributes: {
      'host.name': 'Arunesh',
      'host.arch': 'amd64',
      'host.id': '961ee426-227a-4c11-9579-fdfc83a68919',
      'process.pid': 29064,
      'process.executable.name': 'Administrator:  C:\\WINDOWS\\system32\\cmd.exe ',
      'process.executable.path': 'C:\\Program Files\\nodejs\\node.exe',
      'process.command_args': [
        'C:\\Program Files\\nodejs\\node.exe',
        'C:\\Users\\Administrator\\.gemini\\antigravity_old\\scratch_old\\tallyme\\apps\\backend\\dist\\src\\main.js'
      ],
      'process.runtime.version': '24.12.0',
      'process.runtime.name': 'nodejs',
      'process.runtime.description': 'Node.js',
      'process.command': 'C:\\Users\\Administrator\\.gemini\\antigravity_old\\scratch_old\\tallyme\\apps\\backend\\dist\\src\\main.js',
      'process.owner': 'Administrator',
      'service.name': 'unknown_service:node',
      'telemetry.sdk.language': 'nodejs',
      'telemetry.sdk.name': 'opentelemetry',
      'telemetry.sdk.version': '2.10.0'
    }
  },
  instrumentationScope: {
    name: '@opentelemetry/instrumentation-net',
    version: '0.64.0',
    schemaUrl: undefined
  },
  traceId: '094ea94955f8057a27ef9ef69552edce',
  parentSpanContext: {
    traceId: '094ea94955f8057a27ef9ef69552edce',
    spanId: '4c79e4b0e1921bfe',
    traceFlags: 1,
    traceState: undefined
  },
  traceState: undefined,
  name: 'tcp.connect',
  id: 'a0f6e323c9ef6b61',
  kind: 0,
  timestamp: 1785001500657000,
  duration: 10945.9,
  attributes: {
    'net.transport': 'ip_tcp',
    'net.peer.name': 'localhost',
    'net.peer.port': 6380,
    'net.peer.ip': '::1',
    'net.host.ip': '::1',
    'net.host.port': 64259
  },
  status: { code: 0 },
  events: [],
  links: []
}
{
  resource: {
    attributes: {
      'host.name': 'Arunesh',
      'host.arch': 'amd64',
      'host.id': '961ee426-227a-4c11-9579-fdfc83a68919',
      'process.pid': 29064,
      'process.executable.name': 'Administrator:  C:\\WINDOWS\\system32\\cmd.exe ',
      'process.executable.path': 'C:\\Program Files\\nodejs\\node.exe',
      'process.command_args': [
        'C:\\Program Files\\nodejs\\node.exe',
        'C:\\Users\\Administrator\\.gemini\\antigravity_old\\scratch_old\\tallyme\\apps\\backend\\dist\\src\\main.js'
      ],
      'process.runtime.version': '24.12.0',
      'process.runtime.name': 'nodejs',
      'process.runtime.description': 'Node.js',
      'process.command': 'C:\\Users\\Administrator\\.gemini\\antigravity_old\\scratch_old\\tallyme\\apps\\backend\\dist\\src\\main.js',
      'process.owner': 'Administrator',
      'service.name': 'unknown_service:node',
      'telemetry.sdk.language': 'nodejs',
      'telemetry.sdk.name': 'opentelemetry',
      'telemetry.sdk.version': '2.10.0'
    }
  },
  instrumentationScope: {
    name: '@opentelemetry/instrumentation-net',
    version: '0.64.0',
    schemaUrl: undefined
  },
  traceId: '094ea94955f8057a27ef9ef69552edce',
  parentSpanContext: {
    traceId: '094ea94955f8057a27ef9ef69552edce',
    spanId: '4c79e4b0e1921bfe',
    traceFlags: 1,
    traceState: undefined
  },
  traceState: undefined,
  name: 'tcp.connect',
  id: '09c03c27f3016f58',
  kind: 0,
  timestamp: 1785001500657000,
  duration: 10886.9,
  attributes: {
    'net.transport': 'ip_tcp',
    'net.peer.name': 'localhost',
    'net.peer.port': 6380,
    'net.peer.ip': '::1',
    'net.host.ip': '::1',
    'net.host.port': 64260
  },
  status: { code: 0 },
  events: [],
  links: []
}
{
  resource: {
    attributes: {
      'host.name': 'Arunesh',
      'host.arch': 'amd64',
      'host.id': '961ee426-227a-4c11-9579-fdfc83a68919',
      'process.pid': 29064,
      'process.executable.name': 'Administrator:  C:\\WINDOWS\\system32\\cmd.exe ',
      'process.executable.path': 'C:\\Program Files\\nodejs\\node.exe',
      'process.command_args': [
        'C:\\Program Files\\nodejs\\node.exe',
        'C:\\Users\\Administrator\\.gemini\\antigravity_old\\scratch_old\\tallyme\\apps\\backend\\dist\\src\\main.js'
      ],
      'process.runtime.version': '24.12.0',
      'process.runtime.name': 'nodejs',
      'process.runtime.description': 'Node.js',
      'process.command': 'C:\\Users\\Administrator\\.gemini\\antigravity_old\\scratch_old\\tallyme\\apps\\backend\\dist\\src\\main.js',
      'process.owner': 'Administrator',
      'service.name': 'unknown_service:node',
      'telemetry.sdk.language': 'nodejs',
      'telemetry.sdk.name': 'opentelemetry',
      'telemetry.sdk.version': '2.10.0'
    }
  },
  instrumentationScope: {
    name: '@opentelemetry/instrumentation-net',
    version: '0.64.0',
    schemaUrl: undefined
  },
  traceId: '094ea94955f8057a27ef9ef69552edce',
  parentSpanContext: {
    traceId: '094ea94955f8057a27ef9ef69552edce',
    spanId: '4c79e4b0e1921bfe',
    traceFlags: 1,
    traceState: undefined
  },
  traceState: undefined,
  name: 'tcp.connect',
  id: '9f332c2e2882fdec',
  kind: 0,
  timestamp: 1785001500657000,
  duration: 10644.3,
  attributes: {
    'net.transport': 'ip_tcp',
    'net.peer.name': 'localhost',
    'net.peer.port': 6380,
    'net.peer.ip': '::1',
    'net.host.ip': '::1',
    'net.host.port': 64261
  },
  status: { code: 0 },
  events: [],
  links: []
}
{
  resource: {
    attributes: {
      'host.name': 'Arunesh',
      'host.arch': 'amd64',
      'host.id': '961ee426-227a-4c11-9579-fdfc83a68919',
      'process.pid': 29064,
      'process.executable.name': 'Administrator:  C:\\WINDOWS\\system32\\cmd.exe ',
      'process.executable.path': 'C:\\Program Files\\nodejs\\node.exe',
      'process.command_args': [
        'C:\\Program Files\\nodejs\\node.exe',
        'C:\\Users\\Administrator\\.gemini\\antigravity_old\\scratch_old\\tallyme\\apps\\backend\\dist\\src\\main.js'
      ],
      'process.runtime.version': '24.12.0',
      'process.runtime.name': 'nodejs',
      'process.runtime.description': 'Node.js',
      'process.command': 'C:\\Users\\Administrator\\.gemini\\antigravity_old\\scratch_old\\tallyme\\apps\\backend\\dist\\src\\main.js',
      'process.owner': 'Administrator',
      'service.name': 'unknown_service:node',
      'telemetry.sdk.language': 'nodejs',
      'telemetry.sdk.name': 'opentelemetry',
      'telemetry.sdk.version': '2.10.0'
    }
  },
  instrumentationScope: {
    name: '@opentelemetry/instrumentation-net',
    version: '0.64.0',
    schemaUrl: undefined
  },
  traceId: '094ea94955f8057a27ef9ef69552edce',
  parentSpanContext: {
    traceId: '094ea94955f8057a27ef9ef69552edce',
    spanId: '4c79e4b0e1921bfe',
    traceFlags: 1,
    traceState: undefined
  },
  traceState: undefined,
  name: 'tcp.connect',
  id: '2afc29747cf37e70',
  kind: 0,
  timestamp: 1785001500657000,
  duration: 10880.2,
  attributes: {
    'net.transport': 'ip_tcp',
    'net.peer.name': 'localhost',
    'net.peer.port': 6380,
    'net.peer.ip': '::1',
    'net.host.ip': '::1',
    'net.host.port': 64262
  },
  status: { code: 0 },
  events: [],
  links: []
}
{
  resource: {
    attributes: {
      'host.name': 'Arunesh',
      'host.arch': 'amd64',
      'host.id': '961ee426-227a-4c11-9579-fdfc83a68919',
      'process.pid': 29064,
      'process.executable.name': 'Administrator:  C:\\WINDOWS\\system32\\cmd.exe ',
      'process.executable.path': 'C:\\Program Files\\nodejs\\node.exe',
      'process.command_args': [
        'C:\\Program Files\\nodejs\\node.exe',
        'C:\\Users\\Administrator\\.gemini\\antigravity_old\\scratch_old\\tallyme\\apps\\backend\\dist\\src\\main.js'
      ],
      'process.runtime.version': '24.12.0',
      'process.runtime.name': 'nodejs',
      'process.runtime.description': 'Node.js',
      'process.command': 'C:\\Users\\Administrator\\.gemini\\antigravity_old\\scratch_old\\tallyme\\apps\\backend\\dist\\src\\main.js',
      'process.owner': 'Administrator',
      'service.name': 'unknown_service:node',
      'telemetry.sdk.language': 'nodejs',
      'telemetry.sdk.name': 'opentelemetry',
      'telemetry.sdk.version': '2.10.0'
    }
  },
  instrumentationScope: {
    name: '@opentelemetry/instrumentation-net',
    version: '0.64.0',
    schemaUrl: undefined
  },
  traceId: '094ea94955f8057a27ef9ef69552edce',
  parentSpanContext: {
    traceId: '094ea94955f8057a27ef9ef69552edce',
    spanId: '4c79e4b0e1921bfe',
    traceFlags: 1,
    traceState: undefined
  },
  traceState: undefined,
  name: 'tcp.connect',
  id: '60e94767ffa005c3',
  kind: 0,
  timestamp: 1785001500658000,
  duration: 10920.4,
  attributes: {
    'net.transport': 'ip_tcp',
    'net.peer.name': 'localhost',
    'net.peer.port': 6380,
    'net.peer.ip': '::1',
    'net.host.ip': '::1',
    'net.host.port': 64263
  },
  status: { code: 0 },
  events: [],
  links: []
}
{
  resource: {
    attributes: {
      'host.name': 'Arunesh',
      'host.arch': 'amd64',
      'host.id': '961ee426-227a-4c11-9579-fdfc83a68919',
      'process.pid': 29064,
      'process.executable.name': 'Administrator:  C:\\WINDOWS\\system32\\cmd.exe ',
      'process.executable.path': 'C:\\Program Files\\nodejs\\node.exe',
      'process.command_args': [
        'C:\\Program Files\\nodejs\\node.exe',
        'C:\\Users\\Administrator\\.gemini\\antigravity_old\\scratch_old\\tallyme\\apps\\backend\\dist\\src\\main.js'
      ],
      'process.runtime.version': '24.12.0',
      'process.runtime.name': 'nodejs',
      'process.runtime.description': 'Node.js',
      'process.command': 'C:\\Users\\Administrator\\.gemini\\antigravity_old\\scratch_old\\tallyme\\apps\\backend\\dist\\src\\main.js',
      'process.owner': 'Administrator',
      'service.name': 'unknown_service:node',
      'telemetry.sdk.language': 'nodejs',
      'telemetry.sdk.name': 'opentelemetry',
      'telemetry.sdk.version': '2.10.0'
    }
  },
  instrumentationScope: {
    name: '@opentelemetry/instrumentation-net',
    version: '0.64.0',
    schemaUrl: undefined
  },
  traceId: '094ea94955f8057a27ef9ef69552edce',
  parentSpanContext: {
    traceId: '094ea94955f8057a27ef9ef69552edce',
    spanId: '4c79e4b0e1921bfe',
    traceFlags: 1,
    traceState: undefined
  },
  traceState: undefined,
  name: 'tcp.connect',
  id: '968494cfdf5352b1',
  kind: 0,
  timestamp: 1785001500658000,
  duration: 11243.7,
  attributes: {
    'net.transport': 'ip_tcp',
    'net.peer.name': 'localhost',
    'net.peer.port': 6380,
    'net.peer.ip': '::1',
    'net.host.ip': '::1',
    'net.host.port': 64264
  },
  status: { code: 0 },
  events: [],
  links: []
}
{
  resource: {
    attributes: {
      'host.name': 'Arunesh',
      'host.arch': 'amd64',
      'host.id': '961ee426-227a-4c11-9579-fdfc83a68919',
      'process.pid': 29064,
      'process.executable.name': 'Administrator:  C:\\WINDOWS\\system32\\cmd.exe ',
      'process.executable.path': 'C:\\Program Files\\nodejs\\node.exe',
      'process.command_args': [
        'C:\\Program Files\\nodejs\\node.exe',
        'C:\\Users\\Administrator\\.gemini\\antigravity_old\\scratch_old\\tallyme\\apps\\backend\\dist\\src\\main.js'
      ],
      'process.runtime.version': '24.12.0',
      'process.runtime.name': 'nodejs',
      'process.runtime.description': 'Node.js',
      'process.command': 'C:\\Users\\Administrator\\.gemini\\antigravity_old\\scratch_old\\tallyme\\apps\\backend\\dist\\src\\main.js',
      'process.owner': 'Administrator',
      'service.name': 'unknown_service:node',
      'telemetry.sdk.language': 'nodejs',
      'telemetry.sdk.name': 'opentelemetry',
      'telemetry.sdk.version': '2.10.0'
    }
  },
  instrumentationScope: {
    name: '@opentelemetry/instrumentation-net',
    version: '0.64.0',
    schemaUrl: undefined
  },
  traceId: '094ea94955f8057a27ef9ef69552edce',
  parentSpanContext: {
    traceId: '094ea94955f8057a27ef9ef69552edce',
    spanId: '4c79e4b0e1921bfe',
    traceFlags: 1,
    traceState: undefined
  },
  traceState: undefined,
  name: 'tcp.connect',
  id: 'fbc76d766fff77e2',
  kind: 0,
  timestamp: 1785001500658000,
  duration: 11412.8,
  attributes: {
    'net.transport': 'ip_tcp',
    'net.peer.name': 'localhost',
    'net.peer.port': 6380,
    'net.peer.ip': '::1',
    'net.host.ip': '::1',
    'net.host.port': 64265
  },
  status: { code: 0 },
  events: [],
  links: []
}
{
  resource: {
    attributes: {
      'host.name': 'Arunesh',
      'host.arch': 'amd64',
      'host.id': '961ee426-227a-4c11-9579-fdfc83a68919',
      'process.pid': 29064,
      'process.executable.name': 'Administrator:  C:\\WINDOWS\\system32\\cmd.exe ',
      'process.executable.path': 'C:\\Program Files\\nodejs\\node.exe',
      'process.command_args': [
        'C:\\Program Files\\nodejs\\node.exe',
        'C:\\Users\\Administrator\\.gemini\\antigravity_old\\scratch_old\\tallyme\\apps\\backend\\dist\\src\\main.js'
      ],
      'process.runtime.version': '24.12.0',
      'process.runtime.name': 'nodejs',
      'process.runtime.description': 'Node.js',
      'process.command': 'C:\\Users\\Administrator\\.gemini\\antigravity_old\\scratch_old\\tallyme\\apps\\backend\\dist\\src\\main.js',
      'process.owner': 'Administrator',
      'service.name': 'unknown_service:node',
      'telemetry.sdk.language': 'nodejs',
      'telemetry.sdk.name': 'opentelemetry',
      'telemetry.sdk.version': '2.10.0'
    }
  },
  instrumentationScope: {
    name: '@opentelemetry/instrumentation-net',
    version: '0.64.0',
    schemaUrl: undefined
  },
  traceId: 'd6c69755dadbff0a544176b0010fcf1f',
  parentSpanContext: undefined,
  traceState: undefined,
  name: 'tcp.connect',
  id: 'f5165025895b08c8',
  kind: 0,
  timestamp: 1785001500658000,
  duration: 11192.4,
  attributes: {
    'net.transport': 'ip_tcp',
    'net.peer.name': 'localhost',
    'net.peer.port': 6380,
    'net.peer.ip': '::1',
    'net.host.ip': '::1',
    'net.host.port': 64266
  },
  status: { code: 0 },
  events: [],
  links: []
}
{
  resource: {
    attributes: {
      'host.name': 'Arunesh',
      'host.arch': 'amd64',
      'host.id': '961ee426-227a-4c11-9579-fdfc83a68919',
      'process.pid': 29064,
      'process.executable.name': 'Administrator:  C:\\WINDOWS\\system32\\cmd.exe ',
      'process.executable.path': 'C:\\Program Files\\nodejs\\node.exe',
      'process.command_args': [
        'C:\\Program Files\\nodejs\\node.exe',
        'C:\\Users\\Administrator\\.gemini\\antigravity_old\\scratch_old\\tallyme\\apps\\backend\\dist\\src\\main.js'
      ],
      'process.runtime.version': '24.12.0',
      'process.runtime.name': 'nodejs',
      'process.runtime.description': 'Node.js',
      'process.command': 'C:\\Users\\Administrator\\.gemini\\antigravity_old\\scratch_old\\tallyme\\apps\\backend\\dist\\src\\main.js',
      'process.owner': 'Administrator',
      'service.name': 'unknown_service:node',
      'telemetry.sdk.language': 'nodejs',
      'telemetry.sdk.name': 'opentelemetry',
      'telemetry.sdk.version': '2.10.0'
    }
  },
  instrumentationScope: {
    name: '@opentelemetry/instrumentation-net',
    version: '0.64.0',
    schemaUrl: undefined
  },
  traceId: '094ea94955f8057a27ef9ef69552edce',
  parentSpanContext: {
    traceId: '094ea94955f8057a27ef9ef69552edce',
    spanId: '4c79e4b0e1921bfe',
    traceFlags: 1,
    traceState: undefined
  },
  traceState: undefined,
  name: 'tcp.connect',
  id: '50ef4a9b0ba1f9c6',
  kind: 0,
  timestamp: 1785001500658000,
  duration: 11471.5,
  attributes: {
    'net.transport': 'ip_tcp',
    'net.peer.name': 'localhost',
    'net.peer.port': 6380,
    'net.peer.ip': '::1',
    'net.host.ip': '::1',
    'net.host.port': 64267
  },
  status: { code: 0 },
  events: [],
  links: []
}
{
  resource: {
    attributes: {
      'host.name': 'Arunesh',
      'host.arch': 'amd64',
      'host.id': '961ee426-227a-4c11-9579-fdfc83a68919',
      'process.pid': 29064,
      'process.executable.name': 'Administrator:  C:\\WINDOWS\\system32\\cmd.exe ',
      'process.executable.path': 'C:\\Program Files\\nodejs\\node.exe',
      'process.command_args': [
        'C:\\Program Files\\nodejs\\node.exe',
        'C:\\Users\\Administrator\\.gemini\\antigravity_old\\scratch_old\\tallyme\\apps\\backend\\dist\\src\\main.js'
      ],
      'process.runtime.version': '24.12.0',
      'process.runtime.name': 'nodejs',
      'process.runtime.description': 'Node.js',
      'process.command': 'C:\\Users\\Administrator\\.gemini\\antigravity_old\\scratch_old\\tallyme\\apps\\backend\\dist\\src\\main.js',
      'process.owner': 'Administrator',
      'service.name': 'unknown_service:node',
      'telemetry.sdk.language': 'nodejs',
      'telemetry.sdk.name': 'opentelemetry',
      'telemetry.sdk.version': '2.10.0'
    }
  },
  instrumentationScope: {
    name: '@opentelemetry/instrumentation-dns',
    version: '0.63.0',
    schemaUrl: undefined
  },
  traceId: '094ea94955f8057a27ef9ef69552edce',
  parentSpanContext: {
    traceId: '094ea94955f8057a27ef9ef69552edce',
    spanId: '4c79e4b0e1921bfe',
    traceFlags: 1,
    traceState: undefined
  },
  traceState: undefined,
  name: 'dns.lookup',
  id: '9fc7601489f269f5',
  kind: 2,
  timestamp: 1785001500665000,
  duration: 4974.4,
  attributes: { 'peer.ipv6': '::1', 'peer[1].ipv4': '127.0.0.1' },
  status: { code: 0 },
  events: [],
  links: []
}
{
  resource: {
    attributes: {
      'host.name': 'Arunesh',
      'host.arch': 'amd64',
      'host.id': '961ee426-227a-4c11-9579-fdfc83a68919',
      'process.pid': 29064,
      'process.executable.name': 'Administrator:  C:\\WINDOWS\\system32\\cmd.exe ',
      'process.executable.path': 'C:\\Program Files\\nodejs\\node.exe',
      'process.command_args': [
        'C:\\Program Files\\nodejs\\node.exe',
        'C:\\Users\\Administrator\\.gemini\\antigravity_old\\scratch_old\\tallyme\\apps\\backend\\dist\\src\\main.js'
      ],
      'process.runtime.version': '24.12.0',
      'process.runtime.name': 'nodejs',
      'process.runtime.description': 'Node.js',
      'process.command': 'C:\\Users\\Administrator\\.gemini\\antigravity_old\\scratch_old\\tallyme\\apps\\backend\\dist\\src\\main.js',
      'process.owner': 'Administrator',
      'service.name': 'unknown_service:node',
      'telemetry.sdk.language': 'nodejs',
      'telemetry.sdk.name': 'opentelemetry',
      'telemetry.sdk.version': '2.10.0'
    }
  },
  instrumentationScope: {
    name: '@opentelemetry/instrumentation-dns',
    version: '0.63.0',
    schemaUrl: undefined
  },
  traceId: '094ea94955f8057a27ef9ef69552edce',
  parentSpanContext: {
    traceId: '094ea94955f8057a27ef9ef69552edce',
    spanId: '4c79e4b0e1921bfe',
    traceFlags: 1,
    traceState: undefined
  },
  traceState: undefined,
  name: 'dns.lookup',
  id: '8a34c70cf4936903',
  kind: 2,
  timestamp: 1785001500665000,
  duration: 5196.7,
  attributes: { 'peer.ipv6': '::1', 'peer[1].ipv4': '127.0.0.1' },
  status: { code: 0 },
  events: [],
  links: []
}
{
  resource: {
    attributes: {
      'host.name': 'Arunesh',
      'host.arch': 'amd64',
      'host.id': '961ee426-227a-4c11-9579-fdfc83a68919',
      'process.pid': 29064,
      'process.executable.name': 'Administrator:  C:\\WINDOWS\\system32\\cmd.exe ',
      'process.executable.path': 'C:\\Program Files\\nodejs\\node.exe',
      'process.command_args': [
        'C:\\Program Files\\nodejs\\node.exe',
        'C:\\Users\\Administrator\\.gemini\\antigravity_old\\scratch_old\\tallyme\\apps\\backend\\dist\\src\\main.js'
      ],
      'process.runtime.version': '24.12.0',
      'process.runtime.name': 'nodejs',
      'process.runtime.description': 'Node.js',
      'process.command': 'C:\\Users\\Administrator\\.gemini\\antigravity_old\\scratch_old\\tallyme\\apps\\backend\\dist\\src\\main.js',
      'process.owner': 'Administrator',
      'service.name': 'unknown_service:node',
      'telemetry.sdk.language': 'nodejs',
      'telemetry.sdk.name': 'opentelemetry',
      'telemetry.sdk.version': '2.10.0'
    }
  },
  instrumentationScope: {
    name: '@opentelemetry/instrumentation-net',
    version: '0.64.0',
    schemaUrl: undefined
  },
  traceId: '094ea94955f8057a27ef9ef69552edce',
  parentSpanContext: {
    traceId: '094ea94955f8057a27ef9ef69552edce',
    spanId: '4c79e4b0e1921bfe',
    traceFlags: 1,
    traceState: undefined
  },
  traceState: undefined,
  name: 'tcp.connect',
  id: 'c219c3d135f0f99c',
  kind: 0,
  timestamp: 1785001500659000,
  duration: 12028.7,
  attributes: {
    'net.transport': 'ip_tcp',
    'net.peer.name': 'localhost',
    'net.peer.port': 6380,
    'net.peer.ip': '::1',
    'net.host.ip': '::1',
    'net.host.port': 64268
  },
  status: { code: 0 },
  events: [],
  links: []
}
{
  resource: {
    attributes: {
      'host.name': 'Arunesh',
      'host.arch': 'amd64',
      'host.id': '961ee426-227a-4c11-9579-fdfc83a68919',
      'process.pid': 29064,
      'process.executable.name': 'Administrator:  C:\\WINDOWS\\system32\\cmd.exe ',
      'process.executable.path': 'C:\\Program Files\\nodejs\\node.exe',
      'process.command_args': [
        'C:\\Program Files\\nodejs\\node.exe',
        'C:\\Users\\Administrator\\.gemini\\antigravity_old\\scratch_old\\tallyme\\apps\\backend\\dist\\src\\main.js'
      ],
      'process.runtime.version': '24.12.0',
      'process.runtime.name': 'nodejs',
      'process.runtime.description': 'Node.js',
      'process.command': 'C:\\Users\\Administrator\\.gemini\\antigravity_old\\scratch_old\\tallyme\\apps\\backend\\dist\\src\\main.js',
      'process.owner': 'Administrator',
      'service.name': 'unknown_service:node',
      'telemetry.sdk.language': 'nodejs',
      'telemetry.sdk.name': 'opentelemetry',
      'telemetry.sdk.version': '2.10.0'
    }
  },
  instrumentationScope: {
    name: '@opentelemetry/instrumentation-net',
    version: '0.64.0',
    schemaUrl: undefined
  },
  traceId: '094ea94955f8057a27ef9ef69552edce',
  parentSpanContext: {
    traceId: '094ea94955f8057a27ef9ef69552edce',
    spanId: '4c79e4b0e1921bfe',
    traceFlags: 1,
    traceState: undefined
  },
  traceState: undefined,
  name: 'tcp.connect',
  id: 'fb69e6e4365dff81',
  kind: 0,
  timestamp: 1785001500659000,
  duration: 12181,
  attributes: {
    'net.transport': 'ip_tcp',
    'net.peer.name': 'localhost',
    'net.peer.port': 6380,
    'net.peer.ip': '::1',
    'net.host.ip': '::1',
    'net.host.port': 64270
  },
  status: { code: 0 },
  events: [],
  links: []
}
{
  resource: {
    attributes: {
      'host.name': 'Arunesh',
      'host.arch': 'amd64',
      'host.id': '961ee426-227a-4c11-9579-fdfc83a68919',
      'process.pid': 29064,
      'process.executable.name': 'Administrator:  C:\\WINDOWS\\system32\\cmd.exe ',
      'process.executable.path': 'C:\\Program Files\\nodejs\\node.exe',
      'process.command_args': [
        'C:\\Program Files\\nodejs\\node.exe',
        'C:\\Users\\Administrator\\.gemini\\antigravity_old\\scratch_old\\tallyme\\apps\\backend\\dist\\src\\main.js'
      ],
      'process.runtime.version': '24.12.0',
      'process.runtime.name': 'nodejs',
      'process.runtime.description': 'Node.js',
      'process.command': 'C:\\Users\\Administrator\\.gemini\\antigravity_old\\scratch_old\\tallyme\\apps\\backend\\dist\\src\\main.js',
      'process.owner': 'Administrator',
      'service.name': 'unknown_service:node',
      'telemetry.sdk.language': 'nodejs',
      'telemetry.sdk.name': 'opentelemetry',
      'telemetry.sdk.version': '2.10.0'
    }
  },
  instrumentationScope: {
    name: '@opentelemetry/instrumentation-net',
    version: '0.64.0',
    schemaUrl: undefined
  },
  traceId: '177e365de0d8ebf8ef2d76315e2b88a3',
  parentSpanContext: undefined,
  traceState: undefined,
  name: 'tcp.connect',
  id: '3254e7f50bad7dda',
  kind: 0,
  timestamp: 1785001500664000,
  duration: 7159.5,
  attributes: {
    'net.transport': 'ip_tcp',
    'net.peer.name': 'localhost',
    'net.peer.port': 6380,
    'net.peer.ip': '::1',
    'net.host.ip': '::1',
    'net.host.port': 64273
  },
  status: { code: 0 },
  events: [],
  links: []
}
{
  resource: {
    attributes: {
      'host.name': 'Arunesh',
      'host.arch': 'amd64',
      'host.id': '961ee426-227a-4c11-9579-fdfc83a68919',
      'process.pid': 29064,
      'process.executable.name': 'Administrator:  C:\\WINDOWS\\system32\\cmd.exe ',
      'process.executable.path': 'C:\\Program Files\\nodejs\\node.exe',
      'process.command_args': [
        'C:\\Program Files\\nodejs\\node.exe',
        'C:\\Users\\Administrator\\.gemini\\antigravity_old\\scratch_old\\tallyme\\apps\\backend\\dist\\src\\main.js'
      ],
      'process.runtime.version': '24.12.0',
      'process.runtime.name': 'nodejs',
      'process.runtime.description': 'Node.js',
      'process.command': 'C:\\Users\\Administrator\\.gemini\\antigravity_old\\scratch_old\\tallyme\\apps\\backend\\dist\\src\\main.js',
      'process.owner': 'Administrator',
      'service.name': 'unknown_service:node',
      'telemetry.sdk.language': 'nodejs',
      'telemetry.sdk.name': 'opentelemetry',
      'telemetry.sdk.version': '2.10.0'
    }
  },
  instrumentationScope: {
    name: '@opentelemetry/instrumentation-net',
    version: '0.64.0',
    schemaUrl: undefined
  },
  traceId: '094ea94955f8057a27ef9ef69552edce',
  parentSpanContext: {
    traceId: '094ea94955f8057a27ef9ef69552edce',
    spanId: '4c79e4b0e1921bfe',
    traceFlags: 1,
    traceState: undefined
  },
  traceState: undefined,
  name: 'tcp.connect',
  id: '79783a8fece78133',
  kind: 0,
  timestamp: 1785001500665000,
  duration: 7060.3,
  attributes: {
    'net.transport': 'ip_tcp',
    'net.peer.name': 'localhost',
    'net.peer.port': 6380,
    'net.peer.ip': '::1',
    'net.host.ip': '::1',
    'net.host.port': 64280
  },
  status: { code: 0 },
  events: [],
  links: []
}
{
  resource: {
    attributes: {
      'host.name': 'Arunesh',
      'host.arch': 'amd64',
      'host.id': '961ee426-227a-4c11-9579-fdfc83a68919',
      'process.pid': 29064,
      'process.executable.name': 'Administrator:  C:\\WINDOWS\\system32\\cmd.exe ',
      'process.executable.path': 'C:\\Program Files\\nodejs\\node.exe',
      'process.command_args': [
        'C:\\Program Files\\nodejs\\node.exe',
        'C:\\Users\\Administrator\\.gemini\\antigravity_old\\scratch_old\\tallyme\\apps\\backend\\dist\\src\\main.js'
      ],
      'process.runtime.version': '24.12.0',
      'process.runtime.name': 'nodejs',
      'process.runtime.description': 'Node.js',
      'process.command': 'C:\\Users\\Administrator\\.gemini\\antigravity_old\\scratch_old\\tallyme\\apps\\backend\\dist\\src\\main.js',
      'process.owner': 'Administrator',
      'service.name': 'unknown_service:node',
      'telemetry.sdk.language': 'nodejs',
      'telemetry.sdk.name': 'opentelemetry',
      'telemetry.sdk.version': '2.10.0'
    }
  },
  instrumentationScope: {
    name: '@opentelemetry/instrumentation-net',
    version: '0.64.0',
    schemaUrl: undefined
  },
  traceId: '094ea94955f8057a27ef9ef69552edce',
  parentSpanContext: {
    traceId: '094ea94955f8057a27ef9ef69552edce',
    spanId: '4c79e4b0e1921bfe',
    traceFlags: 1,
    traceState: undefined
  },
  traceState: undefined,
  name: 'tcp.connect',
  id: 'f373e2d8ff0be4ae',
  kind: 0,
  timestamp: 1785001500665000,
  duration: 7006.9,
  attributes: {
    'net.transport': 'ip_tcp',
    'net.peer.name': 'localhost',
    'net.peer.port': 6380,
    'net.peer.ip': '::1',
    'net.host.ip': '::1',
    'net.host.port': 64283
  },
  status: { code: 0 },
  events: [],
  links: []
}
Error: read ECONNRESET
    at TCP.onStreamRead (node:internal/stream_base_commons:216:20) {
  errno: -4077,
  code: 'ECONNRESET',
  syscall: 'read'
}
Error: read ECONNRESET
    at TCP.onStreamRead (node:internal/stream_base_commons:216:20) {
  errno: -4077,
  code: 'ECONNRESET',
  syscall: 'read'
}
Error: read ECONNRESET
    at TCP.onStreamRead (node:internal/stream_base_commons:216:20) {
  errno: -4077,
  code: 'ECONNRESET',
  syscall: 'read'
}
Error: read ECONNRESET
    at TCP.onStreamRead (node:internal/stream_base_commons:216:20) {
  errno: -4077,
  code: 'ECONNRESET',
  syscall: 'read'
}
Error: read ECONNRESET
    at TCP.onStreamRead (node:internal/stream_base_commons:216:20) {
  errno: -4077,
  code: 'ECONNRESET',
  syscall: 'read'
}
Error: read ECONNRESET
    at TCP.onStreamRead (node:internal/stream_base_commons:216:20) {
  errno: -4077,
  code: 'ECONNRESET',
  syscall: 'read'
}
Error: read ECONNRESET
    at TCP.onStreamRead (node:internal/stream_base_commons:216:20) {
  errno: -4077,
  code: 'ECONNRESET',
  syscall: 'read'
}
Error: read ECONNRESET
    at TCP.onStreamRead (node:internal/stream_base_commons:216:20) {
  errno: -4077,
  code: 'ECONNRESET',
  syscall: 'read'
}
Error: read ECONNRESET
    at TCP.onStreamRead (node:internal/stream_base_commons:216:20) {
  errno: -4077,
  code: 'ECONNRESET',
  syscall: 'read'
}
Error: read ECONNRESET
    at TCP.onStreamRead (node:internal/stream_base_commons:216:20) {
  errno: -4077,
  code: 'ECONNRESET',
  syscall: 'read'
}
Error: read ECONNRESET
    at TCP.onStreamRead (node:internal/stream_base_commons:216:20) {
  errno: -4077,
  code: 'ECONNRESET',
  syscall: 'read'
}
Error: read ECONNRESET
    at TCP.onStreamRead (node:internal/stream_base_commons:216:20) {
  errno: -4077,
  code: 'ECONNRESET',
  syscall: 'read'
}
Error: read ECONNRESET
    at TCP.onStreamRead (node:internal/stream_base_commons:216:20) {
  errno: -4077,
  code: 'ECONNRESET',
  syscall: 'read'
}
Error: read ECONNRESET
    at TCP.onStreamRead (node:internal/stream_base_commons:216:20) {
  errno: -4077,
  code: 'ECONNRESET',
  syscall: 'read'
}
[23:15:06.939] [33mWARN[39m (29064): [36mRedis connection closed[39m [90m{"context":"RedisProvider"}[39m
{
  resource: {
    attributes: {
      'host.name': 'Arunesh',
      'host.arch': 'amd64',
      'host.id': '961ee426-227a-4c11-9579-fdfc83a68919',
      'process.pid': 29064,
      'process.executable.name': 'Administrator:  C:\\WINDOWS\\system32\\cmd.exe ',
      'process.executable.path': 'C:\\Program Files\\nodejs\\node.exe',
      'process.command_args': [
        'C:\\Program Files\\nodejs\\node.exe',
        'C:\\Users\\Administrator\\.gemini\\antigravity_old\\scratch_old\\tallyme\\apps\\backend\\dist\\src\\main.js'
      ],
      'process.runtime.version': '24.12.0',
      'process.runtime.name': 'nodejs',
      'process.runtime.description': 'Node.js',
      'process.command': 'C:\\Users\\Administrator\\.gemini\\antigravity_old\\scratch_old\\tallyme\\apps\\backend\\dist\\src\\main.js',
      'process.owner': 'Administrator',
      'service.name': 'unknown_service:node',
      'telemetry.sdk.language': 'nodejs',
      'telemetry.sdk.name': 'opentelemetry',
      'telemetry.sdk.version': '2.10.0'
    }
  },
  instrumentationScope: {
    name: '@opentelemetry/instrumentation-dns',
    version: '0.63.0',
    schemaUrl: undefined
  },
  traceId: '5b6772f74db6e3627c5d74d55ef3a4de',
  parentSpanContext: undefined,
  traceState: undefined,
  name: 'dns.lookup',
  id: '8717848aa7e05388',
  kind: 2,
  timestamp: 1785001504804000,
  duration: 764.3,
  attributes: { 'peer.ipv6': '::1', 'peer[1].ipv4': '127.0.0.1' },
  status: { code: 0 },
  events: [],
  links: []
}
{
  resource: {
    attributes: {
      'host.name': 'Arunesh',
      'host.arch': 'amd64',
      'host.id': '961ee426-227a-4c11-9579-fdfc83a68919',
      'process.pid': 29064,
      'process.executable.name': 'Administrator:  C:\\WINDOWS\\system32\\cmd.exe ',
      'process.executable.path': 'C:\\Program Files\\nodejs\\node.exe',
      'process.command_args': [
        'C:\\Program Files\\nodejs\\node.exe',
        'C:\\Users\\Administrator\\.gemini\\antigravity_old\\scratch_old\\tallyme\\apps\\backend\\dist\\src\\main.js'
      ],
      'process.runtime.version': '24.12.0',
      'process.runtime.name': 'nodejs',
      'process.runtime.description': 'Node.js',
      'process.command': 'C:\\Users\\Administrator\\.gemini\\antigravity_old\\scratch_old\\tallyme\\apps\\backend\\dist\\src\\main.js',
      'process.owner': 'Administrator',
      'service.name': 'unknown_service:node',
      'telemetry.sdk.language': 'nodejs',
      'telemetry.sdk.name': 'opentelemetry',
      'telemetry.sdk.version': '2.10.0'
    }
  },
  instrumentationScope: {
    name: '@opentelemetry/instrumentation-net',
    version: '0.64.0',
    schemaUrl: undefined
  },
  traceId: '42f4a12539c65ab926d6a8bbe4c60bf7',
  parentSpanContext: undefined,
  traceState: undefined,
  name: 'tcp.connect',
  id: 'f796e71a278ee43c',
  kind: 0,
  timestamp: 1785001504804000,
  duration: 1471.7,
  attributes: {
    'net.transport': 'ip_tcp',
    'net.peer.name': 'localhost',
    'net.peer.port': 6380,
    'net.peer.ip': '::1',
    'net.host.ip': '::1',
    'net.host.port': 64292
  },
  status: { code: 0 },
  events: [],
  links: []
}
{
  resource: {
    attributes: {
      'host.name': 'Arunesh',
      'host.arch': 'amd64',
      'host.id': '961ee426-227a-4c11-9579-fdfc83a68919',
      'process.pid': 29064,
      'process.executable.name': 'Administrator:  C:\\WINDOWS\\system32\\cmd.exe ',
      'process.executable.path': 'C:\\Program Files\\nodejs\\node.exe',
      'process.command_args': [
        'C:\\Program Files\\nodejs\\node.exe',
        'C:\\Users\\Administrator\\.gemini\\antigravity_old\\scratch_old\\tallyme\\apps\\backend\\dist\\src\\main.js'
      ],
      'process.runtime.version': '24.12.0',
      'process.runtime.name': 'nodejs',
      'process.runtime.description': 'Node.js',
      'process.command': 'C:\\Users\\Administrator\\.gemini\\antigravity_old\\scratch_old\\tallyme\\apps\\backend\\dist\\src\\main.js',
      'process.owner': 'Administrator',
      'service.name': 'unknown_service:node',
      'telemetry.sdk.language': 'nodejs',
      'telemetry.sdk.name': 'opentelemetry',
      'telemetry.sdk.version': '2.10.0'
    }
  },
  instrumentationScope: {
    name: '@opentelemetry/instrumentation-dns',
    version: '0.63.0',
    schemaUrl: undefined
  },
  traceId: 'b1e97db49821cdd44b2d46c52fe287f9',
  parentSpanContext: undefined,
  traceState: undefined,
  name: 'dns.lookup',
  id: 'a831b267c3d047c3',
  kind: 2,
  timestamp: 1785001507104000,
  duration: 635.6,
  attributes: { 'peer.ipv6': '::1', 'peer[1].ipv4': '127.0.0.1' },
  status: { code: 0 },
  events: [],
  links: []
}
{
  resource: {
    attributes: {
      'host.name': 'Arunesh',
      'host.arch': 'amd64',
      'host.id': '961ee426-227a-4c11-9579-fdfc83a68919',
      'process.pid': 29064,
      'process.executable.name': 'Administrator:  C:\\WINDOWS\\system32\\cmd.exe ',
      'process.executable.path': 'C:\\Program Files\\nodejs\\node.exe',
      'process.command_args': [
        'C:\\Program Files\\nodejs\\node.exe',
        'C:\\Users\\Administrator\\.gemini\\antigravity_old\\scratch_old\\tallyme\\apps\\backend\\dist\\src\\main.js'
      ],
      'process.runtime.version': '24.12.0',
      'process.runtime.name': 'nodejs',
      'process.runtime.description': 'Node.js',
      'process.command': 'C:\\Users\\Administrator\\.gemini\\antigravity_old\\scratch_old\\tallyme\\apps\\backend\\dist\\src\\main.js',
      'process.owner': 'Administrator',
      'service.name': 'unknown_service:node',
      'telemetry.sdk.language': 'nodejs',
      'telemetry.sdk.name': 'opentelemetry',
      'telemetry.sdk.version': '2.10.0'
    }
  },
  instrumentationScope: {
    name: '@opentelemetry/instrumentation-net',
    version: '0.64.0',
    schemaUrl: undefined
  },
  traceId: 'd5a513674f5a5d7011d2b7168a4f69a9',
  parentSpanContext: undefined,
  traceState: undefined,
  name: 'tcp.connect',
  id: '44cbf4e422b2721c',
  kind: 0,
  timestamp: 1785001507104000,
  duration: 1322.6,
  attributes: {
    'net.transport': 'ip_tcp',
    'net.peer.name': 'localhost',
    'net.peer.port': 6380,
    'net.peer.ip': '::1',
    'net.host.ip': '::1',
    'net.host.port': 64300
  },
  status: { code: 0 },
  events: [],
  links: []
}
{
  resource: {
    attributes: {
      'host.name': 'Arunesh',
      'host.arch': 'amd64',
      'host.id': '961ee426-227a-4c11-9579-fdfc83a68919',
      'process.pid': 29064,
      'process.executable.name': 'Administrator:  C:\\WINDOWS\\system32\\cmd.exe ',
      'process.executable.path': 'C:\\Program Files\\nodejs\\node.exe',
      'process.command_args': [
        'C:\\Program Files\\nodejs\\node.exe',
        'C:\\Users\\Administrator\\.gemini\\antigravity_old\\scratch_old\\tallyme\\apps\\backend\\dist\\src\\main.js'
      ],
      'process.runtime.version': '24.12.0',
      'process.runtime.name': 'nodejs',
      'process.runtime.description': 'Node.js',
      'process.command': 'C:\\Users\\Administrator\\.gemini\\antigravity_old\\scratch_old\\tallyme\\apps\\backend\\dist\\src\\main.js',
      'process.owner': 'Administrator',
      'service.name': 'unknown_service:node',
      'telemetry.sdk.language': 'nodejs',
      'telemetry.sdk.name': 'opentelemetry',
      'telemetry.sdk.version': '2.10.0'
    }
  },
  instrumentationScope: {
    name: '@opentelemetry/instrumentation-ioredis',
    version: '0.68.0',
    schemaUrl: undefined
  },
  traceId: '094ea94955f8057a27ef9ef69552edce',
  parentSpanContext: {
    traceId: '094ea94955f8057a27ef9ef69552edce',
    spanId: '4c79e4b0e1921bfe',
    traceFlags: 1,
    traceState: undefined
  },
  traceState: undefined,
  name: 'connect',
  id: 'a5b0721cb9a61404',
  kind: 2,
  timestamp: 1785001507947000,
  duration: 111,
  attributes: {
    'db.system': 'redis',
    'db.statement': 'connect',
    'db.connection_string': 'redis://localhost:6380',
    'net.peer.name': 'localhost',
    'net.peer.port': 6380
  },
  status: { code: 0 },
  events: [],
  links: []
}
{
  resource: {
    attributes: {
      'host.name': 'Arunesh',
      'host.arch': 'amd64',
      'host.id': '961ee426-227a-4c11-9579-fdfc83a68919',
      'process.pid': 29064,
      'process.executable.name': 'Administrator:  C:\\WINDOWS\\system32\\cmd.exe ',
      'process.executable.path': 'C:\\Program Files\\nodejs\\node.exe',
      'process.command_args': [
        'C:\\Program Files\\nodejs\\node.exe',
        'C:\\Users\\Administrator\\.gemini\\antigravity_old\\scratch_old\\tallyme\\apps\\backend\\dist\\src\\main.js'
      ],
      'process.runtime.version': '24.12.0',
      'process.runtime.name': 'nodejs',
      'process.runtime.description': 'Node.js',
      'process.command': 'C:\\Users\\Administrator\\.gemini\\antigravity_old\\scratch_old\\tallyme\\apps\\backend\\dist\\src\\main.js',
      'process.owner': 'Administrator',
      'service.name': 'unknown_service:node',
      'telemetry.sdk.language': 'nodejs',
      'telemetry.sdk.name': 'opentelemetry',
      'telemetry.sdk.version': '2.10.0'
    }
  },
  instrumentationScope: {
    name: '@opentelemetry/instrumentation-ioredis',
    version: '0.68.0',
    schemaUrl: undefined
  },
  traceId: '094ea94955f8057a27ef9ef69552edce',
  parentSpanContext: {
    traceId: '094ea94955f8057a27ef9ef69552edce',
    spanId: '4c79e4b0e1921bfe',
    traceFlags: 1,
    traceState: undefined
  },
  traceState: undefined,
  name: 'connect',
  id: 'b37a4487a5ed173e',
  kind: 2,
  timestamp: 1785001507948000,
  duration: 60.3,
  attributes: {
    'db.system': 'redis',
    'db.statement': 'connect',
    'db.connection_string': 'redis://localhost:6380',
    'net.peer.name': 'localhost',
    'net.peer.port': 6380
  },
  status: { code: 0 },
  events: [],
  links: []
}
{
  resource: {
    attributes: {
      'host.name': 'Arunesh',
      'host.arch': 'amd64',
      'host.id': '961ee426-227a-4c11-9579-fdfc83a68919',
      'process.pid': 29064,
      'process.executable.name': 'Administrator:  C:\\WINDOWS\\system32\\cmd.exe ',
      'process.executable.path': 'C:\\Program Files\\nodejs\\node.exe',
      'process.command_args': [
        'C:\\Program Files\\nodejs\\node.exe',
        'C:\\Users\\Administrator\\.gemini\\antigravity_old\\scratch_old\\tallyme\\apps\\backend\\dist\\src\\main.js'
      ],
      'process.runtime.version': '24.12.0',
      'process.runtime.name': 'nodejs',
      'process.runtime.description': 'Node.js',
      'process.command': 'C:\\Users\\Administrator\\.gemini\\antigravity_old\\scratch_old\\tallyme\\apps\\backend\\dist\\src\\main.js',
      'process.owner': 'Administrator',
      'service.name': 'unknown_service:node',
      'telemetry.sdk.language': 'nodejs',
      'telemetry.sdk.name': 'opentelemetry',
      'telemetry.sdk.version': '2.10.0'
    }
  },
  instrumentationScope: {
    name: '@opentelemetry/instrumentation-ioredis',
    version: '0.68.0',
    schemaUrl: undefined
  },
  traceId: '094ea94955f8057a27ef9ef69552edce',
  parentSpanContext: {
    traceId: '094ea94955f8057a27ef9ef69552edce',
    spanId: '4c79e4b0e1921bfe',
    traceFlags: 1,
    traceState: undefined
  },
  traceState: undefined,
  name: 'connect',
  id: '3b6edbc33541eb68',
  kind: 2,
  timestamp: 1785001507949000,
  duration: 54.8,
  attributes: {
    'db.system': 'redis',
    'db.statement': 'connect',
    'db.connection_string': 'redis://localhost:6380',
    'net.peer.name': 'localhost',
    'net.peer.port': 6380
  },
  status: { code: 0 },
  events: [],
  links: []
}
{
  resource: {
    attributes: {
      'host.name': 'Arunesh',
      'host.arch': 'amd64',
      'host.id': '961ee426-227a-4c11-9579-fdfc83a68919',
      'process.pid': 29064,
      'process.executable.name': 'Administrator:  C:\\WINDOWS\\system32\\cmd.exe ',
      'process.executable.path': 'C:\\Program Files\\nodejs\\node.exe',
      'process.command_args': [
        'C:\\Program Files\\nodejs\\node.exe',
        'C:\\Users\\Administrator\\.gemini\\antigravity_old\\scratch_old\\tallyme\\apps\\backend\\dist\\src\\main.js'
      ],
      'process.runtime.version': '24.12.0',
      'process.runtime.name': 'nodejs',
      'process.runtime.description': 'Node.js',
      'process.command': 'C:\\Users\\Administrator\\.gemini\\antigravity_old\\scratch_old\\tallyme\\apps\\backend\\dist\\src\\main.js',
      'process.owner': 'Administrator',
      'service.name': 'unknown_service:node',
      'telemetry.sdk.language': 'nodejs',
      'telemetry.sdk.name': 'opentelemetry',
      'telemetry.sdk.version': '2.10.0'
    }
  },
  instrumentationScope: {
    name: '@opentelemetry/instrumentation-ioredis',
    version: '0.68.0',
    schemaUrl: undefined
  },
  traceId: '094ea94955f8057a27ef9ef69552edce',
  parentSpanContext: {
    traceId: '094ea94955f8057a27ef9ef69552edce',
    spanId: '4c79e4b0e1921bfe',
    traceFlags: 1,
    traceState: undefined
  },
  traceState: undefined,
  name: 'connect',
  id: 'fc97686b903b680f',
  kind: 2,
  timestamp: 1785001507949000,
  duration: 22.1,
  attributes: {
    'db.system': 'redis',
    'db.statement': 'connect',
    'db.connection_string': 'redis://localhost:6380',
    'net.peer.name': 'localhost',
    'net.peer.port': 6380
  },
  status: { code: 0 },
  events: [],
  links: []
}
{
  resource: {
    attributes: {
      'host.name': 'Arunesh',
      'host.arch': 'amd64',
      'host.id': '961ee426-227a-4c11-9579-fdfc83a68919',
      'process.pid': 29064,
      'process.executable.name': 'Administrator:  C:\\WINDOWS\\system32\\cmd.exe ',
      'process.executable.path': 'C:\\Program Files\\nodejs\\node.exe',
      'process.command_args': [
        'C:\\Program Files\\nodejs\\node.exe',
        'C:\\Users\\Administrator\\.gemini\\antigravity_old\\scratch_old\\tallyme\\apps\\backend\\dist\\src\\main.js'
      ],
      'process.runtime.version': '24.12.0',
      'process.runtime.name': 'nodejs',
      'process.runtime.description': 'Node.js',
      'process.command': 'C:\\Users\\Administrator\\.gemini\\antigravity_old\\scratch_old\\tallyme\\apps\\backend\\dist\\src\\main.js',
      'process.owner': 'Administrator',
      'service.name': 'unknown_service:node',
      'telemetry.sdk.language': 'nodejs',
      'telemetry.sdk.name': 'opentelemetry',
      'telemetry.sdk.version': '2.10.0'
    }
  },
  instrumentationScope: {
    name: '@opentelemetry/instrumentation-ioredis',
    version: '0.68.0',
    schemaUrl: undefined
  },
  traceId: '094ea94955f8057a27ef9ef69552edce',
  parentSpanContext: {
    traceId: '094ea94955f8057a27ef9ef69552edce',
    spanId: '4c79e4b0e1921bfe',
    traceFlags: 1,
    traceState: undefined
  },
  traceState: undefined,
  name: 'connect',
  id: '6c5ae813d4ffef5b',
  kind: 2,
  timestamp: 1785001507949000,
  duration: 16.5,
  attributes: {
    'db.system': 'redis',
    'db.statement': 'connect',
    'db.connection_string': 'redis://localhost:6380',
    'net.peer.name': 'localhost',
    'net.peer.port': 6380
  },
  status: { code: 0 },
  events: [],
  links: []
}
{
  resource: {
    attributes: {
      'host.name': 'Arunesh',
      'host.arch': 'amd64',
      'host.id': '961ee426-227a-4c11-9579-fdfc83a68919',
      'process.pid': 29064,
      'process.executable.name': 'Administrator:  C:\\WINDOWS\\system32\\cmd.exe ',
      'process.executable.path': 'C:\\Program Files\\nodejs\\node.exe',
      'process.command_args': [
        'C:\\Program Files\\nodejs\\node.exe',
        'C:\\Users\\Administrator\\.gemini\\antigravity_old\\scratch_old\\tallyme\\apps\\backend\\dist\\src\\main.js'
      ],
      'process.runtime.version': '24.12.0',
      'process.runtime.name': 'nodejs',
      'process.runtime.description': 'Node.js',
      'process.command': 'C:\\Users\\Administrator\\.gemini\\antigravity_old\\scratch_old\\tallyme\\apps\\backend\\dist\\src\\main.js',
      'process.owner': 'Administrator',
      'service.name': 'unknown_service:node',
      'telemetry.sdk.language': 'nodejs',
      'telemetry.sdk.name': 'opentelemetry',
      'telemetry.sdk.version': '2.10.0'
    }
  },
  instrumentationScope: {
    name: '@opentelemetry/instrumentation-ioredis',
    version: '0.68.0',
    schemaUrl: undefined
  },
  traceId: '094ea94955f8057a27ef9ef69552edce',
  parentSpanContext: {
    traceId: '094ea94955f8057a27ef9ef69552edce',
    spanId: '4c79e4b0e1921bfe',
    traceFlags: 1,
    traceState: undefined
  },
  traceState: undefined,
  name: 'connect',
  id: '3033022aee661049',
  kind: 2,
  timestamp: 1785001507950000,
  duration: 89.9,
  attributes: {
    'db.system': 'redis',
    'db.statement': 'connect',
    'db.connection_string': 'redis://localhost:6380',
    'net.peer.name': 'localhost',
    'net.peer.port': 6380
  },
  status: { code: 0 },
  events: [],
  links: []
}
{
  resource: {
    attributes: {
      'host.name': 'Arunesh',
      'host.arch': 'amd64',
      'host.id': '961ee426-227a-4c11-9579-fdfc83a68919',
      'process.pid': 29064,
      'process.executable.name': 'Administrator:  C:\\WINDOWS\\system32\\cmd.exe ',
      'process.executable.path': 'C:\\Program Files\\nodejs\\node.exe',
      'process.command_args': [
        'C:\\Program Files\\nodejs\\node.exe',
        'C:\\Users\\Administrator\\.gemini\\antigravity_old\\scratch_old\\tallyme\\apps\\backend\\dist\\src\\main.js'
      ],
      'process.runtime.version': '24.12.0',
      'process.runtime.name': 'nodejs',
      'process.runtime.description': 'Node.js',
      'process.command': 'C:\\Users\\Administrator\\.gemini\\antigravity_old\\scratch_old\\tallyme\\apps\\backend\\dist\\src\\main.js',
      'process.owner': 'Administrator',
      'service.name': 'unknown_service:node',
      'telemetry.sdk.language': 'nodejs',
      'telemetry.sdk.name': 'opentelemetry',
      'telemetry.sdk.version': '2.10.0'
    }
  },
  instrumentationScope: {
    name: '@opentelemetry/instrumentation-ioredis',
    version: '0.68.0',
    schemaUrl: undefined
  },
  traceId: '094ea94955f8057a27ef9ef69552edce',
  parentSpanContext: {
    traceId: '094ea94955f8057a27ef9ef69552edce',
    spanId: '4c79e4b0e1921bfe',
    traceFlags: 1,
    traceState: undefined
  },
  traceState: undefined,
  name: 'connect',
  id: '48be5dcad35b77dd',
  kind: 2,
  timestamp: 1785001507951000,
  duration: 22.6,
  attributes: {
    'db.system': 'redis',
    'db.statement': 'connect',
    'db.connection_string': 'redis://localhost:6380',
    'net.peer.name': 'localhost',
    'net.peer.port': 6380
  },
  status: { code: 0 },
  events: [],
  links: []
}
{
  resource: {
    attributes: {
      'host.name': 'Arunesh',
      'host.arch': 'amd64',
      'host.id': '961ee426-227a-4c11-9579-fdfc83a68919',
      'process.pid': 29064,
      'process.executable.name': 'Administrator:  C:\\WINDOWS\\system32\\cmd.exe ',
      'process.executable.path': 'C:\\Program Files\\nodejs\\node.exe',
      'process.command_args': [
        'C:\\Program Files\\nodejs\\node.exe',
        'C:\\Users\\Administrator\\.gemini\\antigravity_old\\scratch_old\\tallyme\\apps\\backend\\dist\\src\\main.js'
      ],
      'process.runtime.version': '24.12.0',
      'process.runtime.name': 'nodejs',
      'process.runtime.description': 'Node.js',
      'process.command': 'C:\\Users\\Administrator\\.gemini\\antigravity_old\\scratch_old\\tallyme\\apps\\backend\\dist\\src\\main.js',
      'process.owner': 'Administrator',
      'service.name': 'unknown_service:node',
      'telemetry.sdk.language': 'nodejs',
      'telemetry.sdk.name': 'opentelemetry',
      'telemetry.sdk.version': '2.10.0'
    }
  },
  instrumentationScope: {
    name: '@opentelemetry/instrumentation-ioredis',
    version: '0.68.0',
    schemaUrl: undefined
  },
  traceId: '094ea94955f8057a27ef9ef69552edce',
  parentSpanContext: {
    traceId: '094ea94955f8057a27ef9ef69552edce',
    spanId: '4c79e4b0e1921bfe',
    traceFlags: 1,
    traceState: undefined
  },
  traceState: undefined,
  name: 'connect',
  id: '268d50e51e18ca05',
  kind: 2,
  timestamp: 1785001507951000,
  duration: 181.2,
  attributes: {
    'db.system': 'redis',
    'db.statement': 'connect',
    'db.connection_string': 'redis://localhost:6380',
    'net.peer.name': 'localhost',
    'net.peer.port': 6380
  },
  status: { code: 0 },
  events: [],
  links: []
}
{
  resource: {
    attributes: {
      'host.name': 'Arunesh',
      'host.arch': 'amd64',
      'host.id': '961ee426-227a-4c11-9579-fdfc83a68919',
      'process.pid': 29064,
      'process.executable.name': 'Administrator:  C:\\WINDOWS\\system32\\cmd.exe ',
      'process.executable.path': 'C:\\Program Files\\nodejs\\node.exe',
      'process.command_args': [
        'C:\\Program Files\\nodejs\\node.exe',
        'C:\\Users\\Administrator\\.gemini\\antigravity_old\\scratch_old\\tallyme\\apps\\backend\\dist\\src\\main.js'
      ],
      'process.runtime.version': '24.12.0',
      'process.runtime.name': 'nodejs',
      'process.runtime.description': 'Node.js',
      'process.command': 'C:\\Users\\Administrator\\.gemini\\antigravity_old\\scratch_old\\tallyme\\apps\\backend\\dist\\src\\main.js',
      'process.owner': 'Administrator',
      'service.name': 'unknown_service:node',
      'telemetry.sdk.language': 'nodejs',
      'telemetry.sdk.name': 'opentelemetry',
      'telemetry.sdk.version': '2.10.0'
    }
  },
  instrumentationScope: {
    name: '@opentelemetry/instrumentation-ioredis',
    version: '0.68.0',
    schemaUrl: undefined
  },
  traceId: '094ea94955f8057a27ef9ef69552edce',
  parentSpanContext: {
    traceId: '094ea94955f8057a27ef9ef69552edce',
    spanId: '4c79e4b0e1921bfe',
    traceFlags: 1,
    traceState: undefined
  },
  traceState: undefined,
  name: 'connect',
  id: '5bccb9ae2bc6389e',
  kind: 2,
  timestamp: 1785001507953000,
  duration: 43.1,
  attributes: {
    'db.system': 'redis',
    'db.statement': 'connect',
    'db.connection_string': 'redis://localhost:6380',
    'net.peer.name': 'localhost',
    'net.peer.port': 6380
  },
  status: { code: 0 },
  events: [],
  links: []
}
{
  resource: {
    attributes: {
      'host.name': 'Arunesh',
      'host.arch': 'amd64',
      'host.id': '961ee426-227a-4c11-9579-fdfc83a68919',
      'process.pid': 29064,
      'process.executable.name': 'Administrator:  C:\\WINDOWS\\system32\\cmd.exe ',
      'process.executable.path': 'C:\\Program Files\\nodejs\\node.exe',
      'process.command_args': [
        'C:\\Program Files\\nodejs\\node.exe',
        'C:\\Users\\Administrator\\.gemini\\antigravity_old\\scratch_old\\tallyme\\apps\\backend\\dist\\src\\main.js'
      ],
      'process.runtime.version': '24.12.0',
      'process.runtime.name': 'nodejs',
      'process.runtime.description': 'Node.js',
      'process.command': 'C:\\Users\\Administrator\\.gemini\\antigravity_old\\scratch_old\\tallyme\\apps\\backend\\dist\\src\\main.js',
      'process.owner': 'Administrator',
      'service.name': 'unknown_service:node',
      'telemetry.sdk.language': 'nodejs',
      'telemetry.sdk.name': 'opentelemetry',
      'telemetry.sdk.version': '2.10.0'
    }
  },
  instrumentationScope: {
    name: '@opentelemetry/instrumentation-ioredis',
    version: '0.68.0',
    schemaUrl: undefined
  },
  traceId: '094ea94955f8057a27ef9ef69552edce',
  parentSpanContext: {
    traceId: '094ea94955f8057a27ef9ef69552edce',
    spanId: '4c79e4b0e1921bfe',
    traceFlags: 1,
    traceState: undefined
  },
  traceState: undefined,
  name: 'connect',
  id: '0d328285afaf2393',
  kind: 2,
  timestamp: 1785001507953000,
  duration: 18.1,
  attributes: {
    'db.system': 'redis',
    'db.statement': 'connect',
    'db.connection_string': 'redis://localhost:6380',
    'net.peer.name': 'localhost',
    'net.peer.port': 6380
  },
  status: { code: 0 },
  events: [],
  links: []
}
{
  resource: {
    attributes: {
      'host.name': 'Arunesh',
      'host.arch': 'amd64',
      'host.id': '961ee426-227a-4c11-9579-fdfc83a68919',
      'process.pid': 29064,
      'process.executable.name': 'Administrator:  C:\\WINDOWS\\system32\\cmd.exe ',
      'process.executable.path': 'C:\\Program Files\\nodejs\\node.exe',
      'process.command_args': [
        'C:\\Program Files\\nodejs\\node.exe',
        'C:\\Users\\Administrator\\.gemini\\antigravity_old\\scratch_old\\tallyme\\apps\\backend\\dist\\src\\main.js'
      ],
      'process.runtime.version': '24.12.0',
      'process.runtime.name': 'nodejs',
      'process.runtime.description': 'Node.js',
      'process.command': 'C:\\Users\\Administrator\\.gemini\\antigravity_old\\scratch_old\\tallyme\\apps\\backend\\dist\\src\\main.js',
      'process.owner': 'Administrator',
      'service.name': 'unknown_service:node',
      'telemetry.sdk.language': 'nodejs',
      'telemetry.sdk.name': 'opentelemetry',
      'telemetry.sdk.version': '2.10.0'
    }
  },
  instrumentationScope: {
    name: '@opentelemetry/instrumentation-ioredis',
    version: '0.68.0',
    schemaUrl: undefined
  },
  traceId: '094ea94955f8057a27ef9ef69552edce',
  parentSpanContext: {
    traceId: '094ea94955f8057a27ef9ef69552edce',
    spanId: '4c79e4b0e1921bfe',
    traceFlags: 1,
    traceState: undefined
  },
  traceState: undefined,
  name: 'connect',
  id: 'ec8ce573defd80d3',
  kind: 2,
  timestamp: 1785001507954000,
  duration: 45.2,
  attributes: {
    'db.system': 'redis',
    'db.statement': 'connect',
    'db.connection_string': 'redis://localhost:6380',
    'net.peer.name': 'localhost',
    'net.peer.port': 6380
  },
  status: { code: 0 },
  events: [],
  links: []
}
{
  resource: {
    attributes: {
      'host.name': 'Arunesh',
      'host.arch': 'amd64',
      'host.id': '961ee426-227a-4c11-9579-fdfc83a68919',
      'process.pid': 29064,
      'process.executable.name': 'Administrator:  C:\\WINDOWS\\system32\\cmd.exe ',
      'process.executable.path': 'C:\\Program Files\\nodejs\\node.exe',
      'process.command_args': [
        'C:\\Program Files\\nodejs\\node.exe',
        'C:\\Users\\Administrator\\.gemini\\antigravity_old\\scratch_old\\tallyme\\apps\\backend\\dist\\src\\main.js'
      ],
      'process.runtime.version': '24.12.0',
      'process.runtime.name': 'nodejs',
      'process.runtime.description': 'Node.js',
      'process.command': 'C:\\Users\\Administrator\\.gemini\\antigravity_old\\scratch_old\\tallyme\\apps\\backend\\dist\\src\\main.js',
      'process.owner': 'Administrator',
      'service.name': 'unknown_service:node',
      'telemetry.sdk.language': 'nodejs',
      'telemetry.sdk.name': 'opentelemetry',
      'telemetry.sdk.version': '2.10.0'
    }
  },
  instrumentationScope: {
    name: '@opentelemetry/instrumentation-ioredis',
    version: '0.68.0',
    schemaUrl: undefined
  },
  traceId: '094ea94955f8057a27ef9ef69552edce',
  parentSpanContext: {
    traceId: '094ea94955f8057a27ef9ef69552edce',
    spanId: '4c79e4b0e1921bfe',
    traceFlags: 1,
    traceState: undefined
  },
  traceState: undefined,
  name: 'connect',
  id: '4b741b5e75bcd798',
  kind: 2,
  timestamp: 1785001507954000,
  duration: 26.7,
  attributes: {
    'db.system': 'redis',
    'db.statement': 'connect',
    'db.connection_string': 'redis://localhost:6380',
    'net.peer.name': 'localhost',
    'net.peer.port': 6380
  },
  status: { code: 0 },
  events: [],
  links: []
}
{
  resource: {
    attributes: {
      'host.name': 'Arunesh',
      'host.arch': 'amd64',
      'host.id': '961ee426-227a-4c11-9579-fdfc83a68919',
      'process.pid': 29064,
      'process.executable.name': 'Administrator:  C:\\WINDOWS\\system32\\cmd.exe ',
      'process.executable.path': 'C:\\Program Files\\nodejs\\node.exe',
      'process.command_args': [
        'C:\\Program Files\\nodejs\\node.exe',
        'C:\\Users\\Administrator\\.gemini\\antigravity_old\\scratch_old\\tallyme\\apps\\backend\\dist\\src\\main.js'
      ],
      'process.runtime.version': '24.12.0',
      'process.runtime.name': 'nodejs',
      'process.runtime.description': 'Node.js',
      'process.command': 'C:\\Users\\Administrator\\.gemini\\antigravity_old\\scratch_old\\tallyme\\apps\\backend\\dist\\src\\main.js',
      'process.owner': 'Administrator',
      'service.name': 'unknown_service:node',
      'telemetry.sdk.language': 'nodejs',
      'telemetry.sdk.name': 'opentelemetry',
      'telemetry.sdk.version': '2.10.0'
    }
  },
  instrumentationScope: {
    name: '@opentelemetry/instrumentation-dns',
    version: '0.63.0',
    schemaUrl: undefined
  },
  traceId: '6d729987bb8cac62b5e340c61e72c420',
  parentSpanContext: undefined,
  traceState: undefined,
  name: 'dns.lookup',
  id: '497398b2e7ac06e1',
  kind: 2,
  timestamp: 1785001507947000,
  duration: 7283.1,
  attributes: { 'peer.ipv6': '::1', 'peer[1].ipv4': '127.0.0.1' },
  status: { code: 0 },
  events: [],
  links: []
}
{
  resource: {
    attributes: {
      'host.name': 'Arunesh',
      'host.arch': 'amd64',
      'host.id': '961ee426-227a-4c11-9579-fdfc83a68919',
      'process.pid': 29064,
      'process.executable.name': 'Administrator:  C:\\WINDOWS\\system32\\cmd.exe ',
      'process.executable.path': 'C:\\Program Files\\nodejs\\node.exe',
      'process.command_args': [
        'C:\\Program Files\\nodejs\\node.exe',
        'C:\\Users\\Administrator\\.gemini\\antigravity_old\\scratch_old\\tallyme\\apps\\backend\\dist\\src\\main.js'
      ],
      'process.runtime.version': '24.12.0',
      'process.runtime.name': 'nodejs',
      'process.runtime.description': 'Node.js',
      'process.command': 'C:\\Users\\Administrator\\.gemini\\antigravity_old\\scratch_old\\tallyme\\apps\\backend\\dist\\src\\main.js',
      'process.owner': 'Administrator',
      'service.name': 'unknown_service:node',
      'telemetry.sdk.language': 'nodejs',
      'telemetry.sdk.name': 'opentelemetry',
      'telemetry.sdk.version': '2.10.0'
    }
  },
  instrumentationScope: {
    name: '@opentelemetry/instrumentation-dns',
    version: '0.63.0',
    schemaUrl: undefined
  },
  traceId: '094ea94955f8057a27ef9ef69552edce',
  parentSpanContext: {
    traceId: '094ea94955f8057a27ef9ef69552edce',
    spanId: '4c79e4b0e1921bfe',
    traceFlags: 1,
    traceState: undefined
  },
  traceState: undefined,
  name: 'dns.lookup',
  id: '79096ffd8998679a',
  kind: 2,
  timestamp: 1785001507948000,
  duration: 7259.5,
  attributes: { 'peer.ipv6': '::1', 'peer[1].ipv4': '127.0.0.1' },
  status: { code: 0 },
  events: [],
  links: []
}
{
  resource: {
    attributes: {
      'host.name': 'Arunesh',
      'host.arch': 'amd64',
      'host.id': '961ee426-227a-4c11-9579-fdfc83a68919',
      'process.pid': 29064,
      'process.executable.name': 'Administrator:  C:\\WINDOWS\\system32\\cmd.exe ',
      'process.executable.path': 'C:\\Program Files\\nodejs\\node.exe',
      'process.command_args': [
        'C:\\Program Files\\nodejs\\node.exe',
        'C:\\Users\\Administrator\\.gemini\\antigravity_old\\scratch_old\\tallyme\\apps\\backend\\dist\\src\\main.js'
      ],
      'process.runtime.version': '24.12.0',
      'process.runtime.name': 'nodejs',
      'process.runtime.description': 'Node.js',
      'process.command': 'C:\\Users\\Administrator\\.gemini\\antigravity_old\\scratch_old\\tallyme\\apps\\backend\\dist\\src\\main.js',
      'process.owner': 'Administrator',
      'service.name': 'unknown_service:node',
      'telemetry.sdk.language': 'nodejs',
      'telemetry.sdk.name': 'opentelemetry',
      'telemetry.sdk.version': '2.10.0'
    }
  },
  instrumentationScope: {
    name: '@opentelemetry/instrumentation-dns',
    version: '0.63.0',
    schemaUrl: undefined
  },
  traceId: '094ea94955f8057a27ef9ef69552edce',
  parentSpanContext: {
    traceId: '094ea94955f8057a27ef9ef69552edce',
    spanId: '4c79e4b0e1921bfe',
    traceFlags: 1,
    traceState: undefined
  },
  traceState: undefined,
  name: 'dns.lookup',
  id: '60a48967ba6c8931',
  kind: 2,
  timestamp: 1785001507949000,
  duration: 7128.3,
  attributes: { 'peer.ipv6': '::1', 'peer[1].ipv4': '127.0.0.1' },
  status: { code: 0 },
  events: [],
  links: []
}
{
  resource: {
    attributes: {
      'host.name': 'Arunesh',
      'host.arch': 'amd64',
      'host.id': '961ee426-227a-4c11-9579-fdfc83a68919',
      'process.pid': 29064,
      'process.executable.name': 'Administrator:  C:\\WINDOWS\\system32\\cmd.exe ',
      'process.executable.path': 'C:\\Program Files\\nodejs\\node.exe',
      'process.command_args': [
        'C:\\Program Files\\nodejs\\node.exe',
        'C:\\Users\\Administrator\\.gemini\\antigravity_old\\scratch_old\\tallyme\\apps\\backend\\dist\\src\\main.js'
      ],
      'process.runtime.version': '24.12.0',
      'process.runtime.name': 'nodejs',
      'process.runtime.description': 'Node.js',
      'process.command': 'C:\\Users\\Administrator\\.gemini\\antigravity_old\\scratch_old\\tallyme\\apps\\backend\\dist\\src\\main.js',
      'process.owner': 'Administrator',
      'service.name': 'unknown_service:node',
      'telemetry.sdk.language': 'nodejs',
      'telemetry.sdk.name': 'opentelemetry',
      'telemetry.sdk.version': '2.10.0'
    }
  },
  instrumentationScope: {
    name: '@opentelemetry/instrumentation-dns',
    version: '0.63.0',
    schemaUrl: undefined
  },
  traceId: '094ea94955f8057a27ef9ef69552edce',
  parentSpanContext: {
    traceId: '094ea94955f8057a27ef9ef69552edce',
    spanId: '4c79e4b0e1921bfe',
    traceFlags: 1,
    traceState: undefined
  },
  traceState: undefined,
  name: 'dns.lookup',
  id: 'a24af48a6b548716',
  kind: 2,
  timestamp: 1785001507949000,
  duration: 7038.5,
  attributes: { 'peer.ipv6': '::1', 'peer[1].ipv4': '127.0.0.1' },
  status: { code: 0 },
  events: [],
  links: []
}
{
  resource: {
    attributes: {
      'host.name': 'Arunesh',
      'host.arch': 'amd64',
      'host.id': '961ee426-227a-4c11-9579-fdfc83a68919',
      'process.pid': 29064,
      'process.executable.name': 'Administrator:  C:\\WINDOWS\\system32\\cmd.exe ',
      'process.executable.path': 'C:\\Program Files\\nodejs\\node.exe',
      'process.command_args': [
        'C:\\Program Files\\nodejs\\node.exe',
        'C:\\Users\\Administrator\\.gemini\\antigravity_old\\scratch_old\\tallyme\\apps\\backend\\dist\\src\\main.js'
      ],
      'process.runtime.version': '24.12.0',
      'process.runtime.name': 'nodejs',
      'process.runtime.description': 'Node.js',
      'process.command': 'C:\\Users\\Administrator\\.gemini\\antigravity_old\\scratch_old\\tallyme\\apps\\backend\\dist\\src\\main.js',
      'process.owner': 'Administrator',
      'service.name': 'unknown_service:node',
      'telemetry.sdk.language': 'nodejs',
      'telemetry.sdk.name': 'opentelemetry',
      'telemetry.sdk.version': '2.10.0'
    }
  },
  instrumentationScope: {
    name: '@opentelemetry/instrumentation-dns',
    version: '0.63.0',
    schemaUrl: undefined
  },
  traceId: '094ea94955f8057a27ef9ef69552edce',
  parentSpanContext: {
    traceId: '094ea94955f8057a27ef9ef69552edce',
    spanId: '4c79e4b0e1921bfe',
    traceFlags: 1,
    traceState: undefined
  },
  traceState: undefined,
  name: 'dns.lookup',
  id: '70aea267150c91f0',
  kind: 2,
  timestamp: 1785001507949000,
  duration: 7199,
  attributes: { 'peer.ipv6': '::1', 'peer[1].ipv4': '127.0.0.1' },
  status: { code: 0 },
  events: [],
  links: []
}
{
  resource: {
    attributes: {
      'host.name': 'Arunesh',
      'host.arch': 'amd64',
      'host.id': '961ee426-227a-4c11-9579-fdfc83a68919',
      'process.pid': 29064,
      'process.executable.name': 'Administrator:  C:\\WINDOWS\\system32\\cmd.exe ',
      'process.executable.path': 'C:\\Program Files\\nodejs\\node.exe',
      'process.command_args': [
        'C:\\Program Files\\nodejs\\node.exe',
        'C:\\Users\\Administrator\\.gemini\\antigravity_old\\scratch_old\\tallyme\\apps\\backend\\dist\\src\\main.js'
      ],
      'process.runtime.version': '24.12.0',
      'process.runtime.name': 'nodejs',
      'process.runtime.description': 'Node.js',
      'process.command': 'C:\\Users\\Administrator\\.gemini\\antigravity_old\\scratch_old\\tallyme\\apps\\backend\\dist\\src\\main.js',
      'process.owner': 'Administrator',
      'service.name': 'unknown_service:node',
      'telemetry.sdk.language': 'nodejs',
      'telemetry.sdk.name': 'opentelemetry',
      'telemetry.sdk.version': '2.10.0'
    }
  },
  instrumentationScope: {
    name: '@opentelemetry/instrumentation-dns',
    version: '0.63.0',
    schemaUrl: undefined
  },
  traceId: '094ea94955f8057a27ef9ef69552edce',
  parentSpanContext: {
    traceId: '094ea94955f8057a27ef9ef69552edce',
    spanId: '4c79e4b0e1921bfe',
    traceFlags: 1,
    traceState: undefined
  },
  traceState: undefined,
  name: 'dns.lookup',
  id: '0097b076105f1d77',
  kind: 2,
  timestamp: 1785001507950000,
  duration: 7221.3,
  attributes: { 'peer.ipv6': '::1', 'peer[1].ipv4': '127.0.0.1' },
  status: { code: 0 },
  events: [],
  links: []
}
{
  resource: {
    attributes: {
      'host.name': 'Arunesh',
      'host.arch': 'amd64',
      'host.id': '961ee426-227a-4c11-9579-fdfc83a68919',
      'process.pid': 29064,
      'process.executable.name': 'Administrator:  C:\\WINDOWS\\system32\\cmd.exe ',
      'process.executable.path': 'C:\\Program Files\\nodejs\\node.exe',
      'process.command_args': [
        'C:\\Program Files\\nodejs\\node.exe',
        'C:\\Users\\Administrator\\.gemini\\antigravity_old\\scratch_old\\tallyme\\apps\\backend\\dist\\src\\main.js'
      ],
      'process.runtime.version': '24.12.0',
      'process.runtime.name': 'nodejs',
      'process.runtime.description': 'Node.js',
      'process.command': 'C:\\Users\\Administrator\\.gemini\\antigravity_old\\scratch_old\\tallyme\\apps\\backend\\dist\\src\\main.js',
      'process.owner': 'Administrator',
      'service.name': 'unknown_service:node',
      'telemetry.sdk.language': 'nodejs',
      'telemetry.sdk.name': 'opentelemetry',
      'telemetry.sdk.version': '2.10.0'
    }
  },
  instrumentationScope: {
    name: '@opentelemetry/instrumentation-dns',
    version: '0.63.0',
    schemaUrl: undefined
  },
  traceId: '3923bc27caea91ffdff5dc58faaa31df',
  parentSpanContext: undefined,
  traceState: undefined,
  name: 'dns.lookup',
  id: '26be87fb0c6935b7',
  kind: 2,
  timestamp: 1785001507950000,
  duration: 7541.2,
  attributes: { 'peer.ipv6': '::1', 'peer[1].ipv4': '127.0.0.1' },
  status: { code: 0 },
  events: [],
  links: []
}
{
  resource: {
    attributes: {
      'host.name': 'Arunesh',
      'host.arch': 'amd64',
      'host.id': '961ee426-227a-4c11-9579-fdfc83a68919',
      'process.pid': 29064,
      'process.executable.name': 'Administrator:  C:\\WINDOWS\\system32\\cmd.exe ',
      'process.executable.path': 'C:\\Program Files\\nodejs\\node.exe',
      'process.command_args': [
        'C:\\Program Files\\nodejs\\node.exe',
        'C:\\Users\\Administrator\\.gemini\\antigravity_old\\scratch_old\\tallyme\\apps\\backend\\dist\\src\\main.js'
      ],
      'process.runtime.version': '24.12.0',
      'process.runtime.name': 'nodejs',
      'process.runtime.description': 'Node.js',
      'process.command': 'C:\\Users\\Administrator\\.gemini\\antigravity_old\\scratch_old\\tallyme\\apps\\backend\\dist\\src\\main.js',
      'process.owner': 'Administrator',
      'service.name': 'unknown_service:node',
      'telemetry.sdk.language': 'nodejs',
      'telemetry.sdk.name': 'opentelemetry',
      'telemetry.sdk.version': '2.10.0'
    }
  },
  instrumentationScope: {
    name: '@opentelemetry/instrumentation-dns',
    version: '0.63.0',
    schemaUrl: undefined
  },
  traceId: '094ea94955f8057a27ef9ef69552edce',
  parentSpanContext: {
    traceId: '094ea94955f8057a27ef9ef69552edce',
    spanId: '4c79e4b0e1921bfe',
    traceFlags: 1,
    traceState: undefined
  },
  traceState: undefined,
  name: 'dns.lookup',
  id: 'd8f8ed2f7570f442',
  kind: 2,
  timestamp: 1785001507951000,
  duration: 9665.6,
  attributes: { 'peer.ipv6': '::1', 'peer[1].ipv4': '127.0.0.1' },
  status: { code: 0 },
  events: [],
  links: []
}
{
  resource: {
    attributes: {
      'host.name': 'Arunesh',
      'host.arch': 'amd64',
      'host.id': '961ee426-227a-4c11-9579-fdfc83a68919',
      'process.pid': 29064,
      'process.executable.name': 'Administrator:  C:\\WINDOWS\\system32\\cmd.exe ',
      'process.executable.path': 'C:\\Program Files\\nodejs\\node.exe',
      'process.command_args': [
        'C:\\Program Files\\nodejs\\node.exe',
        'C:\\Users\\Administrator\\.gemini\\antigravity_old\\scratch_old\\tallyme\\apps\\backend\\dist\\src\\main.js'
      ],
      'process.runtime.version': '24.12.0',
      'process.runtime.name': 'nodejs',
      'process.runtime.description': 'Node.js',
      'process.command': 'C:\\Users\\Administrator\\.gemini\\antigravity_old\\scratch_old\\tallyme\\apps\\backend\\dist\\src\\main.js',
      'process.owner': 'Administrator',
      'service.name': 'unknown_service:node',
      'telemetry.sdk.language': 'nodejs',
      'telemetry.sdk.name': 'opentelemetry',
      'telemetry.sdk.version': '2.10.0'
    }
  },
  instrumentationScope: {
    name: '@opentelemetry/instrumentation-dns',
    version: '0.63.0',
    schemaUrl: undefined
  },
  traceId: '094ea94955f8057a27ef9ef69552edce',
  parentSpanContext: {
    traceId: '094ea94955f8057a27ef9ef69552edce',
    spanId: '4c79e4b0e1921bfe',
    traceFlags: 1,
    traceState: undefined
  },
  traceState: undefined,
  name: 'dns.lookup',
  id: '6e3ef6a63a721e59',
  kind: 2,
  timestamp: 1785001507951000,
  duration: 11440.4,
  attributes: { 'peer.ipv6': '::1', 'peer[1].ipv4': '127.0.0.1' },
  status: { code: 0 },
  events: [],
  links: []
}
{
  resource: {
    attributes: {
      'host.name': 'Arunesh',
      'host.arch': 'amd64',
      'host.id': '961ee426-227a-4c11-9579-fdfc83a68919',
      'process.pid': 29064,
      'process.executable.name': 'Administrator:  C:\\WINDOWS\\system32\\cmd.exe ',
      'process.executable.path': 'C:\\Program Files\\nodejs\\node.exe',
      'process.command_args': [
        'C:\\Program Files\\nodejs\\node.exe',
        'C:\\Users\\Administrator\\.gemini\\antigravity_old\\scratch_old\\tallyme\\apps\\backend\\dist\\src\\main.js'
      ],
      'process.runtime.version': '24.12.0',
      'process.runtime.name': 'nodejs',
      'process.runtime.description': 'Node.js',
      'process.command': 'C:\\Users\\Administrator\\.gemini\\antigravity_old\\scratch_old\\tallyme\\apps\\backend\\dist\\src\\main.js',
      'process.owner': 'Administrator',
      'service.name': 'unknown_service:node',
      'telemetry.sdk.language': 'nodejs',
      'telemetry.sdk.name': 'opentelemetry',
      'telemetry.sdk.version': '2.10.0'
    }
  },
  instrumentationScope: {
    name: '@opentelemetry/instrumentation-dns',
    version: '0.63.0',
    schemaUrl: undefined
  },
  traceId: '094ea94955f8057a27ef9ef69552edce',
  parentSpanContext: {
    traceId: '094ea94955f8057a27ef9ef69552edce',
    spanId: '4c79e4b0e1921bfe',
    traceFlags: 1,
    traceState: undefined
  },
  traceState: undefined,
  name: 'dns.lookup',
  id: 'b3a031b43f35a9e9',
  kind: 2,
  timestamp: 1785001507952000,
  duration: 11864.8,
  attributes: { 'peer.ipv6': '::1', 'peer[1].ipv4': '127.0.0.1' },
  status: { code: 0 },
  events: [],
  links: []
}
{
  resource: {
    attributes: {
      'host.name': 'Arunesh',
      'host.arch': 'amd64',
      'host.id': '961ee426-227a-4c11-9579-fdfc83a68919',
      'process.pid': 29064,
      'process.executable.name': 'Administrator:  C:\\WINDOWS\\system32\\cmd.exe ',
      'process.executable.path': 'C:\\Program Files\\nodejs\\node.exe',
      'process.command_args': [
        'C:\\Program Files\\nodejs\\node.exe',
        'C:\\Users\\Administrator\\.gemini\\antigravity_old\\scratch_old\\tallyme\\apps\\backend\\dist\\src\\main.js'
      ],
      'process.runtime.version': '24.12.0',
      'process.runtime.name': 'nodejs',
      'process.runtime.description': 'Node.js',
      'process.command': 'C:\\Users\\Administrator\\.gemini\\antigravity_old\\scratch_old\\tallyme\\apps\\backend\\dist\\src\\main.js',
      'process.owner': 'Administrator',
      'service.name': 'unknown_service:node',
      'telemetry.sdk.language': 'nodejs',
      'telemetry.sdk.name': 'opentelemetry',
      'telemetry.sdk.version': '2.10.0'
    }
  },
  instrumentationScope: {
    name: '@opentelemetry/instrumentation-dns',
    version: '0.63.0',
    schemaUrl: undefined
  },
  traceId: '094ea94955f8057a27ef9ef69552edce',
  parentSpanContext: {
    traceId: '094ea94955f8057a27ef9ef69552edce',
    spanId: '4c79e4b0e1921bfe',
    traceFlags: 1,
    traceState: undefined
  },
  traceState: undefined,
  name: 'dns.lookup',
  id: '24a6ba5c6b4c7e9b',
  kind: 2,
  timestamp: 1785001507953000,
  duration: 11757.3,
  attributes: { 'peer.ipv6': '::1', 'peer[1].ipv4': '127.0.0.1' },
  status: { code: 0 },
  events: [],
  links: []
}
{
  resource: {
    attributes: {
      'host.name': 'Arunesh',
      'host.arch': 'amd64',
      'host.id': '961ee426-227a-4c11-9579-fdfc83a68919',
      'process.pid': 29064,
      'process.executable.name': 'Administrator:  C:\\WINDOWS\\system32\\cmd.exe ',
      'process.executable.path': 'C:\\Program Files\\nodejs\\node.exe',
      'process.command_args': [
        'C:\\Program Files\\nodejs\\node.exe',
        'C:\\Users\\Administrator\\.gemini\\antigravity_old\\scratch_old\\tallyme\\apps\\backend\\dist\\src\\main.js'
      ],
      'process.runtime.version': '24.12.0',
      'process.runtime.name': 'nodejs',
      'process.runtime.description': 'Node.js',
      'process.command': 'C:\\Users\\Administrator\\.gemini\\antigravity_old\\scratch_old\\tallyme\\apps\\backend\\dist\\src\\main.js',
      'process.owner': 'Administrator',
      'service.name': 'unknown_service:node',
      'telemetry.sdk.language': 'nodejs',
      'telemetry.sdk.name': 'opentelemetry',
      'telemetry.sdk.version': '2.10.0'
    }
  },
  instrumentationScope: {
    name: '@opentelemetry/instrumentation-dns',
    version: '0.63.0',
    schemaUrl: undefined
  },
  traceId: '094ea94955f8057a27ef9ef69552edce',
  parentSpanContext: {
    traceId: '094ea94955f8057a27ef9ef69552edce',
    spanId: '4c79e4b0e1921bfe',
    traceFlags: 1,
    traceState: undefined
  },
  traceState: undefined,
  name: 'dns.lookup',
  id: '0e83c97a5bf015d8',
  kind: 2,
  timestamp: 1785001507954000,
  duration: 12720.3,
  attributes: { 'peer.ipv6': '::1', 'peer[1].ipv4': '127.0.0.1' },
  status: { code: 0 },
  events: [],
  links: []
}
{
  resource: {
    attributes: {
      'host.name': 'Arunesh',
      'host.arch': 'amd64',
      'host.id': '961ee426-227a-4c11-9579-fdfc83a68919',
      'process.pid': 29064,
      'process.executable.name': 'Administrator:  C:\\WINDOWS\\system32\\cmd.exe ',
      'process.executable.path': 'C:\\Program Files\\nodejs\\node.exe',
      'process.command_args': [
        'C:\\Program Files\\nodejs\\node.exe',
        'C:\\Users\\Administrator\\.gemini\\antigravity_old\\scratch_old\\tallyme\\apps\\backend\\dist\\src\\main.js'
      ],
      'process.runtime.version': '24.12.0',
      'process.runtime.name': 'nodejs',
      'process.runtime.description': 'Node.js',
      'process.command': 'C:\\Users\\Administrator\\.gemini\\antigravity_old\\scratch_old\\tallyme\\apps\\backend\\dist\\src\\main.js',
      'process.owner': 'Administrator',
      'service.name': 'unknown_service:node',
      'telemetry.sdk.language': 'nodejs',
      'telemetry.sdk.name': 'opentelemetry',
      'telemetry.sdk.version': '2.10.0'
    }
  },
  instrumentationScope: {
    name: '@opentelemetry/instrumentation-dns',
    version: '0.63.0',
    schemaUrl: undefined
  },
  traceId: '094ea94955f8057a27ef9ef69552edce',
  parentSpanContext: {
    traceId: '094ea94955f8057a27ef9ef69552edce',
    spanId: '4c79e4b0e1921bfe',
    traceFlags: 1,
    traceState: undefined
  },
  traceState: undefined,
  name: 'dns.lookup',
  id: '16d27bc3f2a9f98b',
  kind: 2,
  timestamp: 1785001507954000,
  duration: 13452.7,
  attributes: { 'peer.ipv6': '::1', 'peer[1].ipv4': '127.0.0.1' },
  status: { code: 0 },
  events: [],
  links: []
}
{
  resource: {
    attributes: {
      'host.name': 'Arunesh',
      'host.arch': 'amd64',
      'host.id': '961ee426-227a-4c11-9579-fdfc83a68919',
      'process.pid': 29064,
      'process.executable.name': 'Administrator:  C:\\WINDOWS\\system32\\cmd.exe ',
      'process.executable.path': 'C:\\Program Files\\nodejs\\node.exe',
      'process.command_args': [
        'C:\\Program Files\\nodejs\\node.exe',
        'C:\\Users\\Administrator\\.gemini\\antigravity_old\\scratch_old\\tallyme\\apps\\backend\\dist\\src\\main.js'
      ],
      'process.runtime.version': '24.12.0',
      'process.runtime.name': 'nodejs',
      'process.runtime.description': 'Node.js',
      'process.command': 'C:\\Users\\Administrator\\.gemini\\antigravity_old\\scratch_old\\tallyme\\apps\\backend\\dist\\src\\main.js',
      'process.owner': 'Administrator',
      'service.name': 'unknown_service:node',
      'telemetry.sdk.language': 'nodejs',
      'telemetry.sdk.name': 'opentelemetry',
      'telemetry.sdk.version': '2.10.0'
    }
  },
  instrumentationScope: {
    name: '@opentelemetry/instrumentation-dns',
    version: '0.63.0',
    schemaUrl: undefined
  },
  traceId: '094ea94955f8057a27ef9ef69552edce',
  parentSpanContext: {
    traceId: '094ea94955f8057a27ef9ef69552edce',
    spanId: '4c79e4b0e1921bfe',
    traceFlags: 1,
    traceState: undefined
  },
  traceState: undefined,
  name: 'dns.lookup',
  id: 'ac7cb96a5c072db3',
  kind: 2,
  timestamp: 1785001507954000,
  duration: 14268.4,
  attributes: { 'peer.ipv6': '::1', 'peer[1].ipv4': '127.0.0.1' },
  status: { code: 0 },
  events: [],
  links: []
}
{
  resource: {
    attributes: {
      'host.name': 'Arunesh',
      'host.arch': 'amd64',
      'host.id': '961ee426-227a-4c11-9579-fdfc83a68919',
      'process.pid': 29064,
      'process.executable.name': 'Administrator:  C:\\WINDOWS\\system32\\cmd.exe ',
      'process.executable.path': 'C:\\Program Files\\nodejs\\node.exe',
      'process.command_args': [
        'C:\\Program Files\\nodejs\\node.exe',
        'C:\\Users\\Administrator\\.gemini\\antigravity_old\\scratch_old\\tallyme\\apps\\backend\\dist\\src\\main.js'
      ],
      'process.runtime.version': '24.12.0',
      'process.runtime.name': 'nodejs',
      'process.runtime.description': 'Node.js',
      'process.command': 'C:\\Users\\Administrator\\.gemini\\antigravity_old\\scratch_old\\tallyme\\apps\\backend\\dist\\src\\main.js',
      'process.owner': 'Administrator',
      'service.name': 'unknown_service:node',
      'telemetry.sdk.language': 'nodejs',
      'telemetry.sdk.name': 'opentelemetry',
      'telemetry.sdk.version': '2.10.0'
    }
  },
  instrumentationScope: {
    name: '@opentelemetry/instrumentation-net',
    version: '0.64.0',
    schemaUrl: undefined
  },
  traceId: 'a2c55f4057cefd97ce679476de30a48f',
  parentSpanContext: undefined,
  traceState: undefined,
  name: 'tcp.connect',
  id: '3c0f30b13e8bd25a',
  kind: 0,
  timestamp: 1785001507947000,
  duration: 22615.7,
  attributes: {
    'net.transport': 'ip_tcp',
    'net.peer.name': 'localhost',
    'net.peer.port': 6380,
    'net.peer.ip': '::1',
    'net.host.ip': '::1',
    'net.host.port': 64302
  },
  status: { code: 0 },
  events: [],
  links: []
}
{
  resource: {
    attributes: {
      'host.name': 'Arunesh',
      'host.arch': 'amd64',
      'host.id': '961ee426-227a-4c11-9579-fdfc83a68919',
      'process.pid': 29064,
      'process.executable.name': 'Administrator:  C:\\WINDOWS\\system32\\cmd.exe ',
      'process.executable.path': 'C:\\Program Files\\nodejs\\node.exe',
      'process.command_args': [
        'C:\\Program Files\\nodejs\\node.exe',
        'C:\\Users\\Administrator\\.gemini\\antigravity_old\\scratch_old\\tallyme\\apps\\backend\\dist\\src\\main.js'
      ],
      'process.runtime.version': '24.12.0',
      'process.runtime.name': 'nodejs',
      'process.runtime.description': 'Node.js',
      'process.command': 'C:\\Users\\Administrator\\.gemini\\antigravity_old\\scratch_old\\tallyme\\apps\\backend\\dist\\src\\main.js',
      'process.owner': 'Administrator',
      'service.name': 'unknown_service:node',
      'telemetry.sdk.language': 'nodejs',
      'telemetry.sdk.name': 'opentelemetry',
      'telemetry.sdk.version': '2.10.0'
    }
  },
  instrumentationScope: {
    name: '@opentelemetry/instrumentation-net',
    version: '0.64.0',
    schemaUrl: undefined
  },
  traceId: '094ea94955f8057a27ef9ef69552edce',
  parentSpanContext: {
    traceId: '094ea94955f8057a27ef9ef69552edce',
    spanId: '4c79e4b0e1921bfe',
    traceFlags: 1,
    traceState: undefined
  },
  traceState: undefined,
  name: 'tcp.connect',
  id: '9a9a390da65b790a',
  kind: 0,
  timestamp: 1785001507948000,
  duration: 23002.5,
  attributes: {
    'net.transport': 'ip_tcp',
    'net.peer.name': 'localhost',
    'net.peer.port': 6380,
    'net.peer.ip': '::1',
    'net.host.ip': '::1',
    'net.host.port': 64303
  },
  status: { code: 0 },
  events: [],
  links: []
}
{
  resource: {
    attributes: {
      'host.name': 'Arunesh',
      'host.arch': 'amd64',
      'host.id': '961ee426-227a-4c11-9579-fdfc83a68919',
      'process.pid': 29064,
      'process.executable.name': 'Administrator:  C:\\WINDOWS\\system32\\cmd.exe ',
      'process.executable.path': 'C:\\Program Files\\nodejs\\node.exe',
      'process.command_args': [
        'C:\\Program Files\\nodejs\\node.exe',
        'C:\\Users\\Administrator\\.gemini\\antigravity_old\\scratch_old\\tallyme\\apps\\backend\\dist\\src\\main.js'
      ],
      'process.runtime.version': '24.12.0',
      'process.runtime.name': 'nodejs',
      'process.runtime.description': 'Node.js',
      'process.command': 'C:\\Users\\Administrator\\.gemini\\antigravity_old\\scratch_old\\tallyme\\apps\\backend\\dist\\src\\main.js',
      'process.owner': 'Administrator',
      'service.name': 'unknown_service:node',
      'telemetry.sdk.language': 'nodejs',
      'telemetry.sdk.name': 'opentelemetry',
      'telemetry.sdk.version': '2.10.0'
    }
  },
  instrumentationScope: {
    name: '@opentelemetry/instrumentation-net',
    version: '0.64.0',
    schemaUrl: undefined
  },
  traceId: '094ea94955f8057a27ef9ef69552edce',
  parentSpanContext: {
    traceId: '094ea94955f8057a27ef9ef69552edce',
    spanId: '4c79e4b0e1921bfe',
    traceFlags: 1,
    traceState: undefined
  },
  traceState: undefined,
  name: 'tcp.connect',
  id: '9127d10f423bdaed',
  kind: 0,
  timestamp: 1785001507948000,
  duration: 23734.3,
  attributes: {
    'net.transport': 'ip_tcp',
    'net.peer.name': 'localhost',
    'net.peer.port': 6380,
    'net.peer.ip': '::1',
    'net.host.ip': '::1',
    'net.host.port': 64304
  },
  status: { code: 0 },
  events: [],
  links: []
}
{
  resource: {
    attributes: {
      'host.name': 'Arunesh',
      'host.arch': 'amd64',
      'host.id': '961ee426-227a-4c11-9579-fdfc83a68919',
      'process.pid': 29064,
      'process.executable.name': 'Administrator:  C:\\WINDOWS\\system32\\cmd.exe ',
      'process.executable.path': 'C:\\Program Files\\nodejs\\node.exe',
      'process.command_args': [
        'C:\\Program Files\\nodejs\\node.exe',
        'C:\\Users\\Administrator\\.gemini\\antigravity_old\\scratch_old\\tallyme\\apps\\backend\\dist\\src\\main.js'
      ],
      'process.runtime.version': '24.12.0',
      'process.runtime.name': 'nodejs',
      'process.runtime.description': 'Node.js',
      'process.command': 'C:\\Users\\Administrator\\.gemini\\antigravity_old\\scratch_old\\tallyme\\apps\\backend\\dist\\src\\main.js',
      'process.owner': 'Administrator',
      'service.name': 'unknown_service:node',
      'telemetry.sdk.language': 'nodejs',
      'telemetry.sdk.name': 'opentelemetry',
      'telemetry.sdk.version': '2.10.0'
    }
  },
  instrumentationScope: {
    name: '@opentelemetry/instrumentation-net',
    version: '0.64.0',
    schemaUrl: undefined
  },
  traceId: '094ea94955f8057a27ef9ef69552edce',
  parentSpanContext: {
    traceId: '094ea94955f8057a27ef9ef69552edce',
    spanId: '4c79e4b0e1921bfe',
    traceFlags: 1,
    traceState: undefined
  },
  traceState: undefined,
  name: 'tcp.connect',
  id: 'a544e956422175a4',
  kind: 0,
  timestamp: 1785001507949000,
  duration: 23903.4,
  attributes: {
    'net.transport': 'ip_tcp',
    'net.peer.name': 'localhost',
    'net.peer.port': 6380,
    'net.peer.ip': '::1',
    'net.host.ip': '::1',
    'net.host.port': 64305
  },
  status: { code: 0 },
  events: [],
  links: []
}
{
  resource: {
    attributes: {
      'host.name': 'Arunesh',
      'host.arch': 'amd64',
      'host.id': '961ee426-227a-4c11-9579-fdfc83a68919',
      'process.pid': 29064,
      'process.executable.name': 'Administrator:  C:\\WINDOWS\\system32\\cmd.exe ',
      'process.executable.path': 'C:\\Program Files\\nodejs\\node.exe',
      'process.command_args': [
        'C:\\Program Files\\nodejs\\node.exe',
        'C:\\Users\\Administrator\\.gemini\\antigravity_old\\scratch_old\\tallyme\\apps\\backend\\dist\\src\\main.js'
      ],
      'process.runtime.version': '24.12.0',
      'process.runtime.name': 'nodejs',
      'process.runtime.description': 'Node.js',
      'process.command': 'C:\\Users\\Administrator\\.gemini\\antigravity_old\\scratch_old\\tallyme\\apps\\backend\\dist\\src\\main.js',
      'process.owner': 'Administrator',
      'service.name': 'unknown_service:node',
      'telemetry.sdk.language': 'nodejs',
      'telemetry.sdk.name': 'opentelemetry',
      'telemetry.sdk.version': '2.10.0'
    }
  },
  instrumentationScope: {
    name: '@opentelemetry/instrumentation-net',
    version: '0.64.0',
    schemaUrl: undefined
  },
  traceId: '094ea94955f8057a27ef9ef69552edce',
  parentSpanContext: {
    traceId: '094ea94955f8057a27ef9ef69552edce',
    spanId: '4c79e4b0e1921bfe',
    traceFlags: 1,
    traceState: undefined
  },
  traceState: undefined,
  name: 'tcp.connect',
  id: 'debded649d864fa6',
  kind: 0,
  timestamp: 1785001507949000,
  duration: 24841.4,
  attributes: {
    'net.transport': 'ip_tcp',
    'net.peer.name': 'localhost',
    'net.peer.port': 6380,
    'net.peer.ip': '::1',
    'net.host.ip': '::1',
    'net.host.port': 64306
  },
  status: { code: 0 },
  events: [],
  links: []
}
{
  resource: {
    attributes: {
      'host.name': 'Arunesh',
      'host.arch': 'amd64',
      'host.id': '961ee426-227a-4c11-9579-fdfc83a68919',
      'process.pid': 29064,
      'process.executable.name': 'Administrator:  C:\\WINDOWS\\system32\\cmd.exe ',
      'process.executable.path': 'C:\\Program Files\\nodejs\\node.exe',
      'process.command_args': [
        'C:\\Program Files\\nodejs\\node.exe',
        'C:\\Users\\Administrator\\.gemini\\antigravity_old\\scratch_old\\tallyme\\apps\\backend\\dist\\src\\main.js'
      ],
      'process.runtime.version': '24.12.0',
      'process.runtime.name': 'nodejs',
      'process.runtime.description': 'Node.js',
      'process.command': 'C:\\Users\\Administrator\\.gemini\\antigravity_old\\scratch_old\\tallyme\\apps\\backend\\dist\\src\\main.js',
      'process.owner': 'Administrator',
      'service.name': 'unknown_service:node',
      'telemetry.sdk.language': 'nodejs',
      'telemetry.sdk.name': 'opentelemetry',
      'telemetry.sdk.version': '2.10.0'
    }
  },
  instrumentationScope: {
    name: '@opentelemetry/instrumentation-net',
    version: '0.64.0',
    schemaUrl: undefined
  },
  traceId: '094ea94955f8057a27ef9ef69552edce',
  parentSpanContext: {
    traceId: '094ea94955f8057a27ef9ef69552edce',
    spanId: '4c79e4b0e1921bfe',
    traceFlags: 1,
    traceState: undefined
  },
  traceState: undefined,
  name: 'tcp.connect',
  id: '90922e50ab483fde',
  kind: 0,
  timestamp: 1785001507949000,
  duration: 25858.1,
  attributes: {
    'net.transport': 'ip_tcp',
    'net.peer.name': 'localhost',
    'net.peer.port': 6380,
    'net.peer.ip': '::1',
    'net.host.ip': '::1',
    'net.host.port': 64307
  },
  status: { code: 0 },
  events: [],
  links: []
}
{
  resource: {
    attributes: {
      'host.name': 'Arunesh',
      'host.arch': 'amd64',
      'host.id': '961ee426-227a-4c11-9579-fdfc83a68919',
      'process.pid': 29064,
      'process.executable.name': 'Administrator:  C:\\WINDOWS\\system32\\cmd.exe ',
      'process.executable.path': 'C:\\Program Files\\nodejs\\node.exe',
      'process.command_args': [
        'C:\\Program Files\\nodejs\\node.exe',
        'C:\\Users\\Administrator\\.gemini\\antigravity_old\\scratch_old\\tallyme\\apps\\backend\\dist\\src\\main.js'
      ],
      'process.runtime.version': '24.12.0',
      'process.runtime.name': 'nodejs',
      'process.runtime.description': 'Node.js',
      'process.command': 'C:\\Users\\Administrator\\.gemini\\antigravity_old\\scratch_old\\tallyme\\apps\\backend\\dist\\src\\main.js',
      'process.owner': 'Administrator',
      'service.name': 'unknown_service:node',
      'telemetry.sdk.language': 'nodejs',
      'telemetry.sdk.name': 'opentelemetry',
      'telemetry.sdk.version': '2.10.0'
    }
  },
  instrumentationScope: {
    name: '@opentelemetry/instrumentation-net',
    version: '0.64.0',
    schemaUrl: undefined
  },
  traceId: 'c25747065f3c6a2e2a63476ef11f3908',
  parentSpanContext: undefined,
  traceState: undefined,
  name: 'tcp.connect',
  id: 'cb1ea5b78a5f92a2',
  kind: 0,
  timestamp: 1785001507950000,
  duration: 26281.1,
  attributes: {
    'net.transport': 'ip_tcp',
    'net.peer.name': 'localhost',
    'net.peer.port': 6380,
    'net.peer.ip': '::1',
    'net.host.ip': '::1',
    'net.host.port': 64308
  },
  status: { code: 0 },
  events: [],
  links: []
}
{
  resource: {
    attributes: {
      'host.name': 'Arunesh',
      'host.arch': 'amd64',
      'host.id': '961ee426-227a-4c11-9579-fdfc83a68919',
      'process.pid': 29064,
      'process.executable.name': 'Administrator:  C:\\WINDOWS\\system32\\cmd.exe ',
      'process.executable.path': 'C:\\Program Files\\nodejs\\node.exe',
      'process.command_args': [
        'C:\\Program Files\\nodejs\\node.exe',
        'C:\\Users\\Administrator\\.gemini\\antigravity_old\\scratch_old\\tallyme\\apps\\backend\\dist\\src\\main.js'
      ],
      'process.runtime.version': '24.12.0',
      'process.runtime.name': 'nodejs',
      'process.runtime.description': 'Node.js',
      'process.command': 'C:\\Users\\Administrator\\.gemini\\antigravity_old\\scratch_old\\tallyme\\apps\\backend\\dist\\src\\main.js',
      'process.owner': 'Administrator',
      'service.name': 'unknown_service:node',
      'telemetry.sdk.language': 'nodejs',
      'telemetry.sdk.name': 'opentelemetry',
      'telemetry.sdk.version': '2.10.0'
    }
  },
  instrumentationScope: {
    name: '@opentelemetry/instrumentation-net',
    version: '0.64.0',
    schemaUrl: undefined
  },
  traceId: '094ea94955f8057a27ef9ef69552edce',
  parentSpanContext: {
    traceId: '094ea94955f8057a27ef9ef69552edce',
    spanId: '4c79e4b0e1921bfe',
    traceFlags: 1,
    traceState: undefined
  },
  traceState: undefined,
  name: 'tcp.connect',
  id: 'c3f9583b8cf2f542',
  kind: 0,
  timestamp: 1785001507951000,
  duration: 26033.8,
  attributes: {
    'net.transport': 'ip_tcp',
    'net.peer.name': 'localhost',
    'net.peer.port': 6380,
    'net.peer.ip': '::1',
    'net.host.ip': '::1',
    'net.host.port': 64309
  },
  status: { code: 0 },
  events: [],
  links: []
}
{
  resource: {
    attributes: {
      'host.name': 'Arunesh',
      'host.arch': 'amd64',
      'host.id': '961ee426-227a-4c11-9579-fdfc83a68919',
      'process.pid': 29064,
      'process.executable.name': 'Administrator:  C:\\WINDOWS\\system32\\cmd.exe ',
      'process.executable.path': 'C:\\Program Files\\nodejs\\node.exe',
      'process.command_args': [
        'C:\\Program Files\\nodejs\\node.exe',
        'C:\\Users\\Administrator\\.gemini\\antigravity_old\\scratch_old\\tallyme\\apps\\backend\\dist\\src\\main.js'
      ],
      'process.runtime.version': '24.12.0',
      'process.runtime.name': 'nodejs',
      'process.runtime.description': 'Node.js',
      'process.command': 'C:\\Users\\Administrator\\.gemini\\antigravity_old\\scratch_old\\tallyme\\apps\\backend\\dist\\src\\main.js',
      'process.owner': 'Administrator',
      'service.name': 'unknown_service:node',
      'telemetry.sdk.language': 'nodejs',
      'telemetry.sdk.name': 'opentelemetry',
      'telemetry.sdk.version': '2.10.0'
    }
  },
  instrumentationScope: {
    name: '@opentelemetry/instrumentation-net',
    version: '0.64.0',
    schemaUrl: undefined
  },
  traceId: '094ea94955f8057a27ef9ef69552edce',
  parentSpanContext: {
    traceId: '094ea94955f8057a27ef9ef69552edce',
    spanId: '4c79e4b0e1921bfe',
    traceFlags: 1,
    traceState: undefined
  },
  traceState: undefined,
  name: 'tcp.connect',
  id: '4595efbc78ad23dc',
  kind: 0,
  timestamp: 1785001507951000,
  duration: 26022.5,
  attributes: {
    'net.transport': 'ip_tcp',
    'net.peer.name': 'localhost',
    'net.peer.port': 6380,
    'net.peer.ip': '::1',
    'net.host.ip': '::1',
    'net.host.port': 64310
  },
  status: { code: 0 },
  events: [],
  links: []
}
{
  resource: {
    attributes: {
      'host.name': 'Arunesh',
      'host.arch': 'amd64',
      'host.id': '961ee426-227a-4c11-9579-fdfc83a68919',
      'process.pid': 29064,
      'process.executable.name': 'Administrator:  C:\\WINDOWS\\system32\\cmd.exe ',
      'process.executable.path': 'C:\\Program Files\\nodejs\\node.exe',
      'process.command_args': [
        'C:\\Program Files\\nodejs\\node.exe',
        'C:\\Users\\Administrator\\.gemini\\antigravity_old\\scratch_old\\tallyme\\apps\\backend\\dist\\src\\main.js'
      ],
      'process.runtime.version': '24.12.0',
      'process.runtime.name': 'nodejs',
      'process.runtime.description': 'Node.js',
      'process.command': 'C:\\Users\\Administrator\\.gemini\\antigravity_old\\scratch_old\\tallyme\\apps\\backend\\dist\\src\\main.js',
      'process.owner': 'Administrator',
      'service.name': 'unknown_service:node',
      'telemetry.sdk.language': 'nodejs',
      'telemetry.sdk.name': 'opentelemetry',
      'telemetry.sdk.version': '2.10.0'
    }
  },
  instrumentationScope: {
    name: '@opentelemetry/instrumentation-net',
    version: '0.64.0',
    schemaUrl: undefined
  },
  traceId: '094ea94955f8057a27ef9ef69552edce',
  parentSpanContext: {
    traceId: '094ea94955f8057a27ef9ef69552edce',
    spanId: '4c79e4b0e1921bfe',
    traceFlags: 1,
    traceState: undefined
  },
  traceState: undefined,
  name: 'tcp.connect',
  id: '11f9ac5278319cef',
  kind: 0,
  timestamp: 1785001507952000,
  duration: 25288.7,
  attributes: {
    'net.transport': 'ip_tcp',
    'net.peer.name': 'localhost',
    'net.peer.port': 6380,
    'net.peer.ip': '::1',
    'net.host.ip': '::1',
    'net.host.port': 64311
  },
  status: { code: 0 },
  events: [],
  links: []
}
{
  resource: {
    attributes: {
      'host.name': 'Arunesh',
      'host.arch': 'amd64',
      'host.id': '961ee426-227a-4c11-9579-fdfc83a68919',
      'process.pid': 29064,
      'process.executable.name': 'Administrator:  C:\\WINDOWS\\system32\\cmd.exe ',
      'process.executable.path': 'C:\\Program Files\\nodejs\\node.exe',
      'process.command_args': [
        'C:\\Program Files\\nodejs\\node.exe',
        'C:\\Users\\Administrator\\.gemini\\antigravity_old\\scratch_old\\tallyme\\apps\\backend\\dist\\src\\main.js'
      ],
      'process.runtime.version': '24.12.0',
      'process.runtime.name': 'nodejs',
      'process.runtime.description': 'Node.js',
      'process.command': 'C:\\Users\\Administrator\\.gemini\\antigravity_old\\scratch_old\\tallyme\\apps\\backend\\dist\\src\\main.js',
      'process.owner': 'Administrator',
      'service.name': 'unknown_service:node',
      'telemetry.sdk.language': 'nodejs',
      'telemetry.sdk.name': 'opentelemetry',
      'telemetry.sdk.version': '2.10.0'
    }
  },
  instrumentationScope: {
    name: '@opentelemetry/instrumentation-net',
    version: '0.64.0',
    schemaUrl: undefined
  },
  traceId: '094ea94955f8057a27ef9ef69552edce',
  parentSpanContext: {
    traceId: '094ea94955f8057a27ef9ef69552edce',
    spanId: '4c79e4b0e1921bfe',
    traceFlags: 1,
    traceState: undefined
  },
  traceState: undefined,
  name: 'tcp.connect',
  id: '0897ccf1022cc242',
  kind: 0,
  timestamp: 1785001507953000,
  duration: 24026.5,
  attributes: {
    'net.transport': 'ip_tcp',
    'net.peer.name': 'localhost',
    'net.peer.port': 6380,
    'net.peer.ip': '::1',
    'net.host.ip': '::1',
    'net.host.port': 64312
  },
  status: { code: 0 },
  events: [],
  links: []
}
{
  resource: {
    attributes: {
      'host.name': 'Arunesh',
      'host.arch': 'amd64',
      'host.id': '961ee426-227a-4c11-9579-fdfc83a68919',
      'process.pid': 29064,
      'process.executable.name': 'Administrator:  C:\\WINDOWS\\system32\\cmd.exe ',
      'process.executable.path': 'C:\\Program Files\\nodejs\\node.exe',
      'process.command_args': [
        'C:\\Program Files\\nodejs\\node.exe',
        'C:\\Users\\Administrator\\.gemini\\antigravity_old\\scratch_old\\tallyme\\apps\\backend\\dist\\src\\main.js'
      ],
      'process.runtime.version': '24.12.0',
      'process.runtime.name': 'nodejs',
      'process.runtime.description': 'Node.js',
      'process.command': 'C:\\Users\\Administrator\\.gemini\\antigravity_old\\scratch_old\\tallyme\\apps\\backend\\dist\\src\\main.js',
      'process.owner': 'Administrator',
      'service.name': 'unknown_service:node',
      'telemetry.sdk.language': 'nodejs',
      'telemetry.sdk.name': 'opentelemetry',
      'telemetry.sdk.version': '2.10.0'
    }
  },
  instrumentationScope: {
    name: '@opentelemetry/instrumentation-net',
    version: '0.64.0',
    schemaUrl: undefined
  },
  traceId: '094ea94955f8057a27ef9ef69552edce',
  parentSpanContext: {
    traceId: '094ea94955f8057a27ef9ef69552edce',
    spanId: '4c79e4b0e1921bfe',
    traceFlags: 1,
    traceState: undefined
  },
  traceState: undefined,
  name: 'tcp.connect',
  id: '0af84548b96728d6',
  kind: 0,
  timestamp: 1785001507954000,
  duration: 25129.1,
  attributes: {
    'net.transport': 'ip_tcp',
    'net.peer.name': 'localhost',
    'net.peer.port': 6380,
    'net.peer.ip': '::1',
    'net.host.ip': '::1',
    'net.host.port': 64313
  },
  status: { code: 0 },
  events: [],
  links: []
}
{
  resource: {
    attributes: {
      'host.name': 'Arunesh',
      'host.arch': 'amd64',
      'host.id': '961ee426-227a-4c11-9579-fdfc83a68919',
      'process.pid': 29064,
      'process.executable.name': 'Administrator:  C:\\WINDOWS\\system32\\cmd.exe ',
      'process.executable.path': 'C:\\Program Files\\nodejs\\node.exe',
      'process.command_args': [
        'C:\\Program Files\\nodejs\\node.exe',
        'C:\\Users\\Administrator\\.gemini\\antigravity_old\\scratch_old\\tallyme\\apps\\backend\\dist\\src\\main.js'
      ],
      'process.runtime.version': '24.12.0',
      'process.runtime.name': 'nodejs',
      'process.runtime.description': 'Node.js',
      'process.command': 'C:\\Users\\Administrator\\.gemini\\antigravity_old\\scratch_old\\tallyme\\apps\\backend\\dist\\src\\main.js',
      'process.owner': 'Administrator',
      'service.name': 'unknown_service:node',
      'telemetry.sdk.language': 'nodejs',
      'telemetry.sdk.name': 'opentelemetry',
      'telemetry.sdk.version': '2.10.0'
    }
  },
  instrumentationScope: {
    name: '@opentelemetry/instrumentation-net',
    version: '0.64.0',
    schemaUrl: undefined
  },
  traceId: '094ea94955f8057a27ef9ef69552edce',
  parentSpanContext: {
    traceId: '094ea94955f8057a27ef9ef69552edce',
    spanId: '4c79e4b0e1921bfe',
    traceFlags: 1,
    traceState: undefined
  },
  traceState: undefined,
  name: 'tcp.connect',
  id: 'd6b21fc921fb5253',
  kind: 0,
  timestamp: 1785001507954000,
  duration: 25743.3,
  attributes: {
    'net.transport': 'ip_tcp',
    'net.peer.name': 'localhost',
    'net.peer.port': 6380,
    'net.peer.ip': '::1',
    'net.host.ip': '::1',
    'net.host.port': 64314
  },
  status: { code: 0 },
  events: [],
  links: []
}
{
  resource: {
    attributes: {
      'host.name': 'Arunesh',
      'host.arch': 'amd64',
      'host.id': '961ee426-227a-4c11-9579-fdfc83a68919',
      'process.pid': 29064,
      'process.executable.name': 'Administrator:  C:\\WINDOWS\\system32\\cmd.exe ',
      'process.executable.path': 'C:\\Program Files\\nodejs\\node.exe',
      'process.command_args': [
        'C:\\Program Files\\nodejs\\node.exe',
        'C:\\Users\\Administrator\\.gemini\\antigravity_old\\scratch_old\\tallyme\\apps\\backend\\dist\\src\\main.js'
      ],
      'process.runtime.version': '24.12.0',
      'process.runtime.name': 'nodejs',
      'process.runtime.description': 'Node.js',
      'process.command': 'C:\\Users\\Administrator\\.gemini\\antigravity_old\\scratch_old\\tallyme\\apps\\backend\\dist\\src\\main.js',
      'process.owner': 'Administrator',
      'service.name': 'unknown_service:node',
      'telemetry.sdk.language': 'nodejs',
      'telemetry.sdk.name': 'opentelemetry',
      'telemetry.sdk.version': '2.10.0'
    }
  },
  instrumentationScope: {
    name: '@opentelemetry/instrumentation-net',
    version: '0.64.0',
    schemaUrl: undefined
  },
  traceId: '094ea94955f8057a27ef9ef69552edce',
  parentSpanContext: {
    traceId: '094ea94955f8057a27ef9ef69552edce',
    spanId: '4c79e4b0e1921bfe',
    traceFlags: 1,
    traceState: undefined
  },
  traceState: undefined,
  name: 'tcp.connect',
  id: '3086e41c29f556d9',
  kind: 0,
  timestamp: 1785001507954000,
  duration: 26332.9,
  attributes: {
    'net.transport': 'ip_tcp',
    'net.peer.name': 'localhost',
    'net.peer.port': 6380,
    'net.peer.ip': '::1',
    'net.host.ip': '::1',
    'net.host.port': 64315
  },
  status: { code: 0 },
  events: [],
  links: []
}
{
  resource: {
    attributes: {
      'host.name': 'Arunesh',
      'host.arch': 'amd64',
      'host.id': '961ee426-227a-4c11-9579-fdfc83a68919',
      'process.pid': 29064,
      'process.executable.name': 'Administrator:  C:\\WINDOWS\\system32\\cmd.exe ',
      'process.executable.path': 'C:\\Program Files\\nodejs\\node.exe',
      'process.command_args': [
        'C:\\Program Files\\nodejs\\node.exe',
        'C:\\Users\\Administrator\\.gemini\\antigravity_old\\scratch_old\\tallyme\\apps\\backend\\dist\\src\\main.js'
      ],
      'process.runtime.version': '24.12.0',
      'process.runtime.name': 'nodejs',
      'process.runtime.description': 'Node.js',
      'process.command': 'C:\\Users\\Administrator\\.gemini\\antigravity_old\\scratch_old\\tallyme\\apps\\backend\\dist\\src\\main.js',
      'process.owner': 'Administrator',
      'service.name': 'unknown_service:node',
      'telemetry.sdk.language': 'nodejs',
      'telemetry.sdk.name': 'opentelemetry',
      'telemetry.sdk.version': '2.10.0'
    }
  },
  instrumentationScope: {
    name: '@opentelemetry/instrumentation-ioredis',
    version: '0.68.0',
    schemaUrl: undefined
  },
  traceId: '094ea94955f8057a27ef9ef69552edce',
  parentSpanContext: {
    traceId: '094ea94955f8057a27ef9ef69552edce',
    spanId: '4c79e4b0e1921bfe',
    traceFlags: 1,
    traceState: undefined
  },
  traceState: undefined,
  name: 'client',
  id: 'd5d2b24befa2dacc',
  kind: 2,
  timestamp: 1785001507971000,
  duration: 11059,
  attributes: {
    'db.system': 'redis',
    'db.statement': 'client SETINFO LIB-NAME ioredis',
    'db.connection_string': 'redis://localhost:6380',
    'net.peer.name': 'localhost',
    'net.peer.port': 6380
  },
  status: { code: 0 },
  events: [],
  links: []
}
{
  resource: {
    attributes: {
      'host.name': 'Arunesh',
      'host.arch': 'amd64',
      'host.id': '961ee426-227a-4c11-9579-fdfc83a68919',
      'process.pid': 29064,
      'process.executable.name': 'Administrator:  C:\\WINDOWS\\system32\\cmd.exe ',
      'process.executable.path': 'C:\\Program Files\\nodejs\\node.exe',
      'process.command_args': [
        'C:\\Program Files\\nodejs\\node.exe',
        'C:\\Users\\Administrator\\.gemini\\antigravity_old\\scratch_old\\tallyme\\apps\\backend\\dist\\src\\main.js'
      ],
      'process.runtime.version': '24.12.0',
      'process.runtime.name': 'nodejs',
      'process.runtime.description': 'Node.js',
      'process.command': 'C:\\Users\\Administrator\\.gemini\\antigravity_old\\scratch_old\\tallyme\\apps\\backend\\dist\\src\\main.js',
      'process.owner': 'Administrator',
      'service.name': 'unknown_service:node',
      'telemetry.sdk.language': 'nodejs',
      'telemetry.sdk.name': 'opentelemetry',
      'telemetry.sdk.version': '2.10.0'
    }
  },
  instrumentationScope: {
    name: '@opentelemetry/instrumentation-ioredis',
    version: '0.68.0',
    schemaUrl: undefined
  },
  traceId: '094ea94955f8057a27ef9ef69552edce',
  parentSpanContext: {
    traceId: '094ea94955f8057a27ef9ef69552edce',
    spanId: '4c79e4b0e1921bfe',
    traceFlags: 1,
    traceState: undefined
  },
  traceState: undefined,
  name: 'client',
  id: '709fd09570742dde',
  kind: 2,
  timestamp: 1785001507971000,
  duration: 10724.1,
  attributes: {
    'db.system': 'redis',
    'db.statement': 'client SETINFO LIB-VER 5.11.1',
    'db.connection_string': 'redis://localhost:6380',
    'net.peer.name': 'localhost',
    'net.peer.port': 6380
  },
  status: { code: 0 },
  events: [],
  links: []
}
{
  resource: {
    attributes: {
      'host.name': 'Arunesh',
      'host.arch': 'amd64',
      'host.id': '961ee426-227a-4c11-9579-fdfc83a68919',
      'process.pid': 29064,
      'process.executable.name': 'Administrator:  C:\\WINDOWS\\system32\\cmd.exe ',
      'process.executable.path': 'C:\\Program Files\\nodejs\\node.exe',
      'process.command_args': [
        'C:\\Program Files\\nodejs\\node.exe',
        'C:\\Users\\Administrator\\.gemini\\antigravity_old\\scratch_old\\tallyme\\apps\\backend\\dist\\src\\main.js'
      ],
      'process.runtime.version': '24.12.0',
      'process.runtime.name': 'nodejs',
      'process.runtime.description': 'Node.js',
      'process.command': 'C:\\Users\\Administrator\\.gemini\\antigravity_old\\scratch_old\\tallyme\\apps\\backend\\dist\\src\\main.js',
      'process.owner': 'Administrator',
      'service.name': 'unknown_service:node',
      'telemetry.sdk.language': 'nodejs',
      'telemetry.sdk.name': 'opentelemetry',
      'telemetry.sdk.version': '2.10.0'
    }
  },
  instrumentationScope: {
    name: '@opentelemetry/instrumentation-ioredis',
    version: '0.68.0',
    schemaUrl: undefined
  },
  traceId: '094ea94955f8057a27ef9ef69552edce',
  parentSpanContext: {
    traceId: '094ea94955f8057a27ef9ef69552edce',
    spanId: '4c79e4b0e1921bfe',
    traceFlags: 1,
    traceState: undefined
  },
  traceState: undefined,
  name: 'client',
  id: '93de7d26966b44eb',
  kind: 2,
  timestamp: 1785001507972000,
  duration: 10104.2,
  attributes: {
    'db.system': 'redis',
    'db.statement': 'client SETINFO LIB-NAME ioredis',
    'db.connection_string': 'redis://localhost:6380',
    'net.peer.name': 'localhost',
    'net.peer.port': 6380
  },
  status: { code: 0 },
  events: [],
  links: []
}
{
  resource: {
    attributes: {
      'host.name': 'Arunesh',
      'host.arch': 'amd64',
      'host.id': '961ee426-227a-4c11-9579-fdfc83a68919',
      'process.pid': 29064,
      'process.executable.name': 'Administrator:  C:\\WINDOWS\\system32\\cmd.exe ',
      'process.executable.path': 'C:\\Program Files\\nodejs\\node.exe',
      'process.command_args': [
        'C:\\Program Files\\nodejs\\node.exe',
        'C:\\Users\\Administrator\\.gemini\\antigravity_old\\scratch_old\\tallyme\\apps\\backend\\dist\\src\\main.js'
      ],
      'process.runtime.version': '24.12.0',
      'process.runtime.name': 'nodejs',
      'process.runtime.description': 'Node.js',
      'process.command': 'C:\\Users\\Administrator\\.gemini\\antigravity_old\\scratch_old\\tallyme\\apps\\backend\\dist\\src\\main.js',
      'process.owner': 'Administrator',
      'service.name': 'unknown_service:node',
      'telemetry.sdk.language': 'nodejs',
      'telemetry.sdk.name': 'opentelemetry',
      'telemetry.sdk.version': '2.10.0'
    }
  },
  instrumentationScope: {
    name: '@opentelemetry/instrumentation-ioredis',
    version: '0.68.0',
    schemaUrl: undefined
  },
  traceId: '094ea94955f8057a27ef9ef69552edce',
  parentSpanContext: {
    traceId: '094ea94955f8057a27ef9ef69552edce',
    spanId: '4c79e4b0e1921bfe',
    traceFlags: 1,
    traceState: undefined
  },
  traceState: undefined,
  name: 'client',
  id: '7c86baf2ecfa240c',
  kind: 2,
  timestamp: 1785001507972000,
  duration: 9842.6,
  attributes: {
    'db.system': 'redis',
    'db.statement': 'client SETINFO LIB-VER 5.11.1',
    'db.connection_string': 'redis://localhost:6380',
    'net.peer.name': 'localhost',
    'net.peer.port': 6380
  },
  status: { code: 0 },
  events: [],
  links: []
}
{
  resource: {
    attributes: {
      'host.name': 'Arunesh',
      'host.arch': 'amd64',
      'host.id': '961ee426-227a-4c11-9579-fdfc83a68919',
      'process.pid': 29064,
      'process.executable.name': 'Administrator:  C:\\WINDOWS\\system32\\cmd.exe ',
      'process.executable.path': 'C:\\Program Files\\nodejs\\node.exe',
      'process.command_args': [
        'C:\\Program Files\\nodejs\\node.exe',
        'C:\\Users\\Administrator\\.gemini\\antigravity_old\\scratch_old\\tallyme\\apps\\backend\\dist\\src\\main.js'
      ],
      'process.runtime.version': '24.12.0',
      'process.runtime.name': 'nodejs',
      'process.runtime.description': 'Node.js',
      'process.command': 'C:\\Users\\Administrator\\.gemini\\antigravity_old\\scratch_old\\tallyme\\apps\\backend\\dist\\src\\main.js',
      'process.owner': 'Administrator',
      'service.name': 'unknown_service:node',
      'telemetry.sdk.language': 'nodejs',
      'telemetry.sdk.name': 'opentelemetry',
      'telemetry.sdk.version': '2.10.0'
    }
  },
  instrumentationScope: {
    name: '@opentelemetry/instrumentation-ioredis',
    version: '0.68.0',
    schemaUrl: undefined
  },
  traceId: '094ea94955f8057a27ef9ef69552edce',
  parentSpanContext: {
    traceId: '094ea94955f8057a27ef9ef69552edce',
    spanId: '4c79e4b0e1921bfe',
    traceFlags: 1,
    traceState: undefined
  },
  traceState: undefined,
  name: 'client',
  id: '90d642016cc4e421',
  kind: 2,
  timestamp: 1785001507973000,
  duration: 10130.9,
  attributes: {
    'db.system': 'redis',
    'db.statement': 'client SETINFO LIB-NAME ioredis',
    'db.connection_string': 'redis://localhost:6380',
    'net.peer.name': 'localhost',
    'net.peer.port': 6380
  },
  status: { code: 0 },
  events: [],
  links: []
}
{
  resource: {
    attributes: {
      'host.name': 'Arunesh',
      'host.arch': 'amd64',
      'host.id': '961ee426-227a-4c11-9579-fdfc83a68919',
      'process.pid': 29064,
      'process.executable.name': 'Administrator:  C:\\WINDOWS\\system32\\cmd.exe ',
      'process.executable.path': 'C:\\Program Files\\nodejs\\node.exe',
      'process.command_args': [
        'C:\\Program Files\\nodejs\\node.exe',
        'C:\\Users\\Administrator\\.gemini\\antigravity_old\\scratch_old\\tallyme\\apps\\backend\\dist\\src\\main.js'
      ],
      'process.runtime.version': '24.12.0',
      'process.runtime.name': 'nodejs',
      'process.runtime.description': 'Node.js',
      'process.command': 'C:\\Users\\Administrator\\.gemini\\antigravity_old\\scratch_old\\tallyme\\apps\\backend\\dist\\src\\main.js',
      'process.owner': 'Administrator',
      'service.name': 'unknown_service:node',
      'telemetry.sdk.language': 'nodejs',
      'telemetry.sdk.name': 'opentelemetry',
      'telemetry.sdk.version': '2.10.0'
    }
  },
  instrumentationScope: {
    name: '@opentelemetry/instrumentation-ioredis',
    version: '0.68.0',
    schemaUrl: undefined
  },
  traceId: '094ea94955f8057a27ef9ef69552edce',
  parentSpanContext: {
    traceId: '094ea94955f8057a27ef9ef69552edce',
    spanId: '4c79e4b0e1921bfe',
    traceFlags: 1,
    traceState: undefined
  },
  traceState: undefined,
  name: 'client',
  id: '8e3060e4cacd5a50',
  kind: 2,
  timestamp: 1785001507974000,
  duration: 9911.4,
  attributes: {
    'db.system': 'redis',
    'db.statement': 'client SETINFO LIB-VER 5.11.1',
    'db.connection_string': 'redis://localhost:6380',
    'net.peer.name': 'localhost',
    'net.peer.port': 6380
  },
  status: { code: 0 },
  events: [],
  links: []
}
{
  resource: {
    attributes: {
      'host.name': 'Arunesh',
      'host.arch': 'amd64',
      'host.id': '961ee426-227a-4c11-9579-fdfc83a68919',
      'process.pid': 29064,
      'process.executable.name': 'Administrator:  C:\\WINDOWS\\system32\\cmd.exe ',
      'process.executable.path': 'C:\\Program Files\\nodejs\\node.exe',
      'process.command_args': [
        'C:\\Program Files\\nodejs\\node.exe',
        'C:\\Users\\Administrator\\.gemini\\antigravity_old\\scratch_old\\tallyme\\apps\\backend\\dist\\src\\main.js'
      ],
      'process.runtime.version': '24.12.0',
      'process.runtime.name': 'nodejs',
      'process.runtime.description': 'Node.js',
      'process.command': 'C:\\Users\\Administrator\\.gemini\\antigravity_old\\scratch_old\\tallyme\\apps\\backend\\dist\\src\\main.js',
      'process.owner': 'Administrator',
      'service.name': 'unknown_service:node',
      'telemetry.sdk.language': 'nodejs',
      'telemetry.sdk.name': 'opentelemetry',
      'telemetry.sdk.version': '2.10.0'
    }
  },
  instrumentationScope: {
    name: '@opentelemetry/instrumentation-ioredis',
    version: '0.68.0',
    schemaUrl: undefined
  },
  traceId: '094ea94955f8057a27ef9ef69552edce',
  parentSpanContext: {
    traceId: '094ea94955f8057a27ef9ef69552edce',
    spanId: '4c79e4b0e1921bfe',
    traceFlags: 1,
    traceState: undefined
  },
  traceState: undefined,
  name: 'client',
  id: '1198daaa918c0e95',
  kind: 2,
  timestamp: 1785001507974000,
  duration: 9388,
  attributes: {
    'db.system': 'redis',
    'db.statement': 'client SETINFO LIB-NAME ioredis',
    'db.connection_string': 'redis://localhost:6380',
    'net.peer.name': 'localhost',
    'net.peer.port': 6380
  },
  status: { code: 0 },
  events: [],
  links: []
}
{
  resource: {
    attributes: {
      'host.name': 'Arunesh',
      'host.arch': 'amd64',
      'host.id': '961ee426-227a-4c11-9579-fdfc83a68919',
      'process.pid': 29064,
      'process.executable.name': 'Administrator:  C:\\WINDOWS\\system32\\cmd.exe ',
      'process.executable.path': 'C:\\Program Files\\nodejs\\node.exe',
      'process.command_args': [
        'C:\\Program Files\\nodejs\\node.exe',
        'C:\\Users\\Administrator\\.gemini\\antigravity_old\\scratch_old\\tallyme\\apps\\backend\\dist\\src\\main.js'
      ],
      'process.runtime.version': '24.12.0',
      'process.runtime.name': 'nodejs',
      'process.runtime.description': 'Node.js',
      'process.command': 'C:\\Users\\Administrator\\.gemini\\antigravity_old\\scratch_old\\tallyme\\apps\\backend\\dist\\src\\main.js',
      'process.owner': 'Administrator',
      'service.name': 'unknown_service:node',
      'telemetry.sdk.language': 'nodejs',
      'telemetry.sdk.name': 'opentelemetry',
      'telemetry.sdk.version': '2.10.0'
    }
  },
  instrumentationScope: {
    name: '@opentelemetry/instrumentation-ioredis',
    version: '0.68.0',
    schemaUrl: undefined
  },
  traceId: '094ea94955f8057a27ef9ef69552edce',
  parentSpanContext: {
    traceId: '094ea94955f8057a27ef9ef69552edce',
    spanId: '4c79e4b0e1921bfe',
    traceFlags: 1,
    traceState: undefined
  },
  traceState: undefined,
  name: 'client',
  id: '8262b004896d7735',
  kind: 2,
  timestamp: 1785001507975000,
  duration: 8835.5,
  attributes: {
    'db.system': 'redis',
    'db.statement': 'client SETINFO LIB-VER 5.11.1',
    'db.connection_string': 'redis://localhost:6380',
    'net.peer.name': 'localhost',
    'net.peer.port': 6380
  },
  status: { code: 0 },
  events: [],
  links: []
}
{
  resource: {
    attributes: {
      'host.name': 'Arunesh',
      'host.arch': 'amd64',
      'host.id': '961ee426-227a-4c11-9579-fdfc83a68919',
      'process.pid': 29064,
      'process.executable.name': 'Administrator:  C:\\WINDOWS\\system32\\cmd.exe ',
      'process.executable.path': 'C:\\Program Files\\nodejs\\node.exe',
      'process.command_args': [
        'C:\\Program Files\\nodejs\\node.exe',
        'C:\\Users\\Administrator\\.gemini\\antigravity_old\\scratch_old\\tallyme\\apps\\backend\\dist\\src\\main.js'
      ],
      'process.runtime.version': '24.12.0',
      'process.runtime.name': 'nodejs',
      'process.runtime.description': 'Node.js',
      'process.command': 'C:\\Users\\Administrator\\.gemini\\antigravity_old\\scratch_old\\tallyme\\apps\\backend\\dist\\src\\main.js',
      'process.owner': 'Administrator',
      'service.name': 'unknown_service:node',
      'telemetry.sdk.language': 'nodejs',
      'telemetry.sdk.name': 'opentelemetry',
      'telemetry.sdk.version': '2.10.0'
    }
  },
  instrumentationScope: {
    name: '@opentelemetry/instrumentation-ioredis',
    version: '0.68.0',
    schemaUrl: undefined
  },
  traceId: '094ea94955f8057a27ef9ef69552edce',
  parentSpanContext: {
    traceId: '094ea94955f8057a27ef9ef69552edce',
    spanId: '4c79e4b0e1921bfe',
    traceFlags: 1,
    traceState: undefined
  },
  traceState: undefined,
  name: 'client',
  id: '8b5fad00652502ce',
  kind: 2,
  timestamp: 1785001507975000,
  duration: 8570.3,
  attributes: {
    'db.system': 'redis',
    'db.statement': 'client SETINFO LIB-NAME ioredis',
    'db.connection_string': 'redis://localhost:6380',
    'net.peer.name': 'localhost',
    'net.peer.port': 6380
  },
  status: { code: 0 },
  events: [],
  links: []
}
{
  resource: {
    attributes: {
      'host.name': 'Arunesh',
      'host.arch': 'amd64',
      'host.id': '961ee426-227a-4c11-9579-fdfc83a68919',
      'process.pid': 29064,
      'process.executable.name': 'Administrator:  C:\\WINDOWS\\system32\\cmd.exe ',
      'process.executable.path': 'C:\\Program Files\\nodejs\\node.exe',
      'process.command_args': [
        'C:\\Program Files\\nodejs\\node.exe',
        'C:\\Users\\Administrator\\.gemini\\antigravity_old\\scratch_old\\tallyme\\apps\\backend\\dist\\src\\main.js'
      ],
      'process.runtime.version': '24.12.0',
      'process.runtime.name': 'nodejs',
      'process.runtime.description': 'Node.js',
      'process.command': 'C:\\Users\\Administrator\\.gemini\\antigravity_old\\scratch_old\\tallyme\\apps\\backend\\dist\\src\\main.js',
      'process.owner': 'Administrator',
      'service.name': 'unknown_service:node',
      'telemetry.sdk.language': 'nodejs',
      'telemetry.sdk.name': 'opentelemetry',
      'telemetry.sdk.version': '2.10.0'
    }
  },
  instrumentationScope: {
    name: '@opentelemetry/instrumentation-ioredis',
    version: '0.68.0',
    schemaUrl: undefined
  },
  traceId: '094ea94955f8057a27ef9ef69552edce',
  parentSpanContext: {
    traceId: '094ea94955f8057a27ef9ef69552edce',
    spanId: '4c79e4b0e1921bfe',
    traceFlags: 1,
    traceState: undefined
  },
  traceState: undefined,
  name: 'client',
  id: 'c8e7f44d7d79bfa1',
  kind: 2,
  timestamp: 1785001507976000,
  duration: 8294,
  attributes: {
    'db.system': 'redis',
    'db.statement': 'client SETINFO LIB-VER 5.11.1',
    'db.connection_string': 'redis://localhost:6380',
    'net.peer.name': 'localhost',
    'net.peer.port': 6380
  },
  status: { code: 0 },
  events: [],
  links: []
}
{
  resource: {
    attributes: {
      'host.name': 'Arunesh',
      'host.arch': 'amd64',
      'host.id': '961ee426-227a-4c11-9579-fdfc83a68919',
      'process.pid': 29064,
      'process.executable.name': 'Administrator:  C:\\WINDOWS\\system32\\cmd.exe ',
      'process.executable.path': 'C:\\Program Files\\nodejs\\node.exe',
      'process.command_args': [
        'C:\\Program Files\\nodejs\\node.exe',
        'C:\\Users\\Administrator\\.gemini\\antigravity_old\\scratch_old\\tallyme\\apps\\backend\\dist\\src\\main.js'
      ],
      'process.runtime.version': '24.12.0',
      'process.runtime.name': 'nodejs',
      'process.runtime.description': 'Node.js',
      'process.command': 'C:\\Users\\Administrator\\.gemini\\antigravity_old\\scratch_old\\tallyme\\apps\\backend\\dist\\src\\main.js',
      'process.owner': 'Administrator',
      'service.name': 'unknown_service:node',
      'telemetry.sdk.language': 'nodejs',
      'telemetry.sdk.name': 'opentelemetry',
      'telemetry.sdk.version': '2.10.0'
    }
  },
  instrumentationScope: {
    name: '@opentelemetry/instrumentation-ioredis',
    version: '0.68.0',
    schemaUrl: undefined
  },
  traceId: '094ea94955f8057a27ef9ef69552edce',
  parentSpanContext: {
    traceId: '094ea94955f8057a27ef9ef69552edce',
    spanId: '4c79e4b0e1921bfe',
    traceFlags: 1,
    traceState: undefined
  },
  traceState: undefined,
  name: 'client',
  id: 'f99bda987df7d5f2',
  kind: 2,
  timestamp: 1785001507977000,
  duration: 7660.2,
  attributes: {
    'db.system': 'redis',
    'db.statement': 'client SETINFO LIB-NAME ioredis',
    'db.connection_string': 'redis://localhost:6380',
    'net.peer.name': 'localhost',
    'net.peer.port': 6380
  },
  status: { code: 0 },
  events: [],
  links: []
}
{
  resource: {
    attributes: {
      'host.name': 'Arunesh',
      'host.arch': 'amd64',
      'host.id': '961ee426-227a-4c11-9579-fdfc83a68919',
      'process.pid': 29064,
      'process.executable.name': 'Administrator:  C:\\WINDOWS\\system32\\cmd.exe ',
      'process.executable.path': 'C:\\Program Files\\nodejs\\node.exe',
      'process.command_args': [
        'C:\\Program Files\\nodejs\\node.exe',
        'C:\\Users\\Administrator\\.gemini\\antigravity_old\\scratch_old\\tallyme\\apps\\backend\\dist\\src\\main.js'
      ],
      'process.runtime.version': '24.12.0',
      'process.runtime.name': 'nodejs',
      'process.runtime.description': 'Node.js',
      'process.command': 'C:\\Users\\Administrator\\.gemini\\antigravity_old\\scratch_old\\tallyme\\apps\\backend\\dist\\src\\main.js',
      'process.owner': 'Administrator',
      'service.name': 'unknown_service:node',
      'telemetry.sdk.language': 'nodejs',
      'telemetry.sdk.name': 'opentelemetry',
      'telemetry.sdk.version': '2.10.0'
    }
  },
  instrumentationScope: {
    name: '@opentelemetry/instrumentation-ioredis',
    version: '0.68.0',
    schemaUrl: undefined
  },
  traceId: '094ea94955f8057a27ef9ef69552edce',
  parentSpanContext: {
    traceId: '094ea94955f8057a27ef9ef69552edce',
    spanId: '4c79e4b0e1921bfe',
    traceFlags: 1,
    traceState: undefined
  },
  traceState: undefined,
  name: 'client',
  id: '858e9e038ec2feed',
  kind: 2,
  timestamp: 1785001507977000,
  duration: 7610,
  attributes: {
    'db.system': 'redis',
    'db.statement': 'client SETINFO LIB-VER 5.11.1',
    'db.connection_string': 'redis://localhost:6380',
    'net.peer.name': 'localhost',
    'net.peer.port': 6380
  },
  status: { code: 0 },
  events: [],
  links: []
}
{
  resource: {
    attributes: {
      'host.name': 'Arunesh',
      'host.arch': 'amd64',
      'host.id': '961ee426-227a-4c11-9579-fdfc83a68919',
      'process.pid': 29064,
      'process.executable.name': 'Administrator:  C:\\WINDOWS\\system32\\cmd.exe ',
      'process.executable.path': 'C:\\Program Files\\nodejs\\node.exe',
      'process.command_args': [
        'C:\\Program Files\\nodejs\\node.exe',
        'C:\\Users\\Administrator\\.gemini\\antigravity_old\\scratch_old\\tallyme\\apps\\backend\\dist\\src\\main.js'
      ],
      'process.runtime.version': '24.12.0',
      'process.runtime.name': 'nodejs',
      'process.runtime.description': 'Node.js',
      'process.command': 'C:\\Users\\Administrator\\.gemini\\antigravity_old\\scratch_old\\tallyme\\apps\\backend\\dist\\src\\main.js',
      'process.owner': 'Administrator',
      'service.name': 'unknown_service:node',
      'telemetry.sdk.language': 'nodejs',
      'telemetry.sdk.name': 'opentelemetry',
      'telemetry.sdk.version': '2.10.0'
    }
  },
  instrumentationScope: {
    name: '@opentelemetry/instrumentation-ioredis',
    version: '0.68.0',
    schemaUrl: undefined
  },
  traceId: '094ea94955f8057a27ef9ef69552edce',
  parentSpanContext: {
    traceId: '094ea94955f8057a27ef9ef69552edce',
    spanId: '4c79e4b0e1921bfe',
    traceFlags: 1,
    traceState: undefined
  },
  traceState: undefined,
  name: 'client',
  id: '16eb7a3b9c434008',
  kind: 2,
  timestamp: 1785001507977000,
  duration: 7857.2,
  attributes: {
    'db.system': 'redis',
    'db.statement': 'client SETINFO LIB-NAME ioredis',
    'db.connection_string': 'redis://localhost:6380',
    'net.peer.name': 'localhost',
    'net.peer.port': 6380
  },
  status: { code: 0 },
  events: [],
  links: []
}
{
  resource: {
    attributes: {
      'host.name': 'Arunesh',
      'host.arch': 'amd64',
      'host.id': '961ee426-227a-4c11-9579-fdfc83a68919',
      'process.pid': 29064,
      'process.executable.name': 'Administrator:  C:\\WINDOWS\\system32\\cmd.exe ',
      'process.executable.path': 'C:\\Program Files\\nodejs\\node.exe',
      'process.command_args': [
        'C:\\Program Files\\nodejs\\node.exe',
        'C:\\Users\\Administrator\\.gemini\\antigravity_old\\scratch_old\\tallyme\\apps\\backend\\dist\\src\\main.js'
      ],
      'process.runtime.version': '24.12.0',
      'process.runtime.name': 'nodejs',
      'process.runtime.description': 'Node.js',
      'process.command': 'C:\\Users\\Administrator\\.gemini\\antigravity_old\\scratch_old\\tallyme\\apps\\backend\\dist\\src\\main.js',
      'process.owner': 'Administrator',
      'service.name': 'unknown_service:node',
      'telemetry.sdk.language': 'nodejs',
      'telemetry.sdk.name': 'opentelemetry',
      'telemetry.sdk.version': '2.10.0'
    }
  },
  instrumentationScope: {
    name: '@opentelemetry/instrumentation-ioredis',
    version: '0.68.0',
    schemaUrl: undefined
  },
  traceId: '094ea94955f8057a27ef9ef69552edce',
  parentSpanContext: {
    traceId: '094ea94955f8057a27ef9ef69552edce',
    spanId: '4c79e4b0e1921bfe',
    traceFlags: 1,
    traceState: undefined
  },
  traceState: undefined,
  name: 'client',
  id: 'f312d0f39f6d41e0',
  kind: 2,
  timestamp: 1785001507977000,
  duration: 7789.9,
  attributes: {
    'db.system': 'redis',
    'db.statement': 'client SETINFO LIB-VER 5.11.1',
    'db.connection_string': 'redis://localhost:6380',
    'net.peer.name': 'localhost',
    'net.peer.port': 6380
  },
  status: { code: 0 },
  events: [],
  links: []
}
{
  resource: {
    attributes: {
      'host.name': 'Arunesh',
      'host.arch': 'amd64',
      'host.id': '961ee426-227a-4c11-9579-fdfc83a68919',
      'process.pid': 29064,
      'process.executable.name': 'Administrator:  C:\\WINDOWS\\system32\\cmd.exe ',
      'process.executable.path': 'C:\\Program Files\\nodejs\\node.exe',
      'process.command_args': [
        'C:\\Program Files\\nodejs\\node.exe',
        'C:\\Users\\Administrator\\.gemini\\antigravity_old\\scratch_old\\tallyme\\apps\\backend\\dist\\src\\main.js'
      ],
      'process.runtime.version': '24.12.0',
      'process.runtime.name': 'nodejs',
      'process.runtime.description': 'Node.js',
      'process.command': 'C:\\Users\\Administrator\\.gemini\\antigravity_old\\scratch_old\\tallyme\\apps\\backend\\dist\\src\\main.js',
      'process.owner': 'Administrator',
      'service.name': 'unknown_service:node',
      'telemetry.sdk.language': 'nodejs',
      'telemetry.sdk.name': 'opentelemetry',
      'telemetry.sdk.version': '2.10.0'
    }
  },
  instrumentationScope: {
    name: '@opentelemetry/instrumentation-ioredis',
    version: '0.68.0',
    schemaUrl: undefined
  },
  traceId: '094ea94955f8057a27ef9ef69552edce',
  parentSpanContext: {
    traceId: '094ea94955f8057a27ef9ef69552edce',
    spanId: '4c79e4b0e1921bfe',
    traceFlags: 1,
    traceState: undefined
  },
  traceState: undefined,
  name: 'client',
  id: '097504cae916e2fe',
  kind: 2,
  timestamp: 1785001507977000,
  duration: 7858,
  attributes: {
    'db.system': 'redis',
    'db.statement': 'client SETINFO LIB-NAME ioredis',
    'db.connection_string': 'redis://localhost:6380',
    'net.peer.name': 'localhost',
    'net.peer.port': 6380
  },
  status: { code: 0 },
  events: [],
  links: []
}
{
  resource: {
    attributes: {
      'host.name': 'Arunesh',
      'host.arch': 'amd64',
      'host.id': '961ee426-227a-4c11-9579-fdfc83a68919',
      'process.pid': 29064,
      'process.executable.name': 'Administrator:  C:\\WINDOWS\\system32\\cmd.exe ',
      'process.executable.path': 'C:\\Program Files\\nodejs\\node.exe',
      'process.command_args': [
        'C:\\Program Files\\nodejs\\node.exe',
        'C:\\Users\\Administrator\\.gemini\\antigravity_old\\scratch_old\\tallyme\\apps\\backend\\dist\\src\\main.js'
      ],
      'process.runtime.version': '24.12.0',
      'process.runtime.name': 'nodejs',
      'process.runtime.description': 'Node.js',
      'process.command': 'C:\\Users\\Administrator\\.gemini\\antigravity_old\\scratch_old\\tallyme\\apps\\backend\\dist\\src\\main.js',
      'process.owner': 'Administrator',
      'service.name': 'unknown_service:node',
      'telemetry.sdk.language': 'nodejs',
      'telemetry.sdk.name': 'opentelemetry',
      'telemetry.sdk.version': '2.10.0'
    }
  },
  instrumentationScope: {
    name: '@opentelemetry/instrumentation-ioredis',
    version: '0.68.0',
    schemaUrl: undefined
  },
  traceId: '094ea94955f8057a27ef9ef69552edce',
  parentSpanContext: {
    traceId: '094ea94955f8057a27ef9ef69552edce',
    spanId: '4c79e4b0e1921bfe',
    traceFlags: 1,
    traceState: undefined
  },
  traceState: undefined,
  name: 'client',
  id: 'ad1b4a9adb49c13e',
  kind: 2,
  timestamp: 1785001507977000,
  duration: 7672.7,
  attributes: {
    'db.system': 'redis',
    'db.statement': 'client SETINFO LIB-VER 5.11.1',
    'db.connection_string': 'redis://localhost:6380',
    'net.peer.name': 'localhost',
    'net.peer.port': 6380
  },
  status: { code: 0 },
  events: [],
  links: []
}
{
  resource: {
    attributes: {
      'host.name': 'Arunesh',
      'host.arch': 'amd64',
      'host.id': '961ee426-227a-4c11-9579-fdfc83a68919',
      'process.pid': 29064,
      'process.executable.name': 'Administrator:  C:\\WINDOWS\\system32\\cmd.exe ',
      'process.executable.path': 'C:\\Program Files\\nodejs\\node.exe',
      'process.command_args': [
        'C:\\Program Files\\nodejs\\node.exe',
        'C:\\Users\\Administrator\\.gemini\\antigravity_old\\scratch_old\\tallyme\\apps\\backend\\dist\\src\\main.js'
      ],
      'process.runtime.version': '24.12.0',
      'process.runtime.name': 'nodejs',
      'process.runtime.description': 'Node.js',
      'process.command': 'C:\\Users\\Administrator\\.gemini\\antigravity_old\\scratch_old\\tallyme\\apps\\backend\\dist\\src\\main.js',
      'process.owner': 'Administrator',
      'service.name': 'unknown_service:node',
      'telemetry.sdk.language': 'nodejs',
      'telemetry.sdk.name': 'opentelemetry',
      'telemetry.sdk.version': '2.10.0'
    }
  },
  instrumentationScope: {
    name: '@opentelemetry/instrumentation-ioredis',
    version: '0.68.0',
    schemaUrl: undefined
  },
  traceId: '094ea94955f8057a27ef9ef69552edce',
  parentSpanContext: {
    traceId: '094ea94955f8057a27ef9ef69552edce',
    spanId: '4c79e4b0e1921bfe',
    traceFlags: 1,
    traceState: undefined
  },
  traceState: undefined,
  name: 'client',
  id: 'af6bb1b2cb909b7f',
  kind: 2,
  timestamp: 1785001507978000,
  duration: 7161.5,
  attributes: {
    'db.system': 'redis',
    'db.statement': 'client SETINFO LIB-NAME ioredis',
    'db.connection_string': 'redis://localhost:6380',
    'net.peer.name': 'localhost',
    'net.peer.port': 6380
  },
  status: { code: 0 },
  events: [],
  links: []
}
{
  resource: {
    attributes: {
      'host.name': 'Arunesh',
      'host.arch': 'amd64',
      'host.id': '961ee426-227a-4c11-9579-fdfc83a68919',
      'process.pid': 29064,
      'process.executable.name': 'Administrator:  C:\\WINDOWS\\system32\\cmd.exe ',
      'process.executable.path': 'C:\\Program Files\\nodejs\\node.exe',
      'process.command_args': [
        'C:\\Program Files\\nodejs\\node.exe',
        'C:\\Users\\Administrator\\.gemini\\antigravity_old\\scratch_old\\tallyme\\apps\\backend\\dist\\src\\main.js'
      ],
      'process.runtime.version': '24.12.0',
      'process.runtime.name': 'nodejs',
      'process.runtime.description': 'Node.js',
      'process.command': 'C:\\Users\\Administrator\\.gemini\\antigravity_old\\scratch_old\\tallyme\\apps\\backend\\dist\\src\\main.js',
      'process.owner': 'Administrator',
      'service.name': 'unknown_service:node',
      'telemetry.sdk.language': 'nodejs',
      'telemetry.sdk.name': 'opentelemetry',
      'telemetry.sdk.version': '2.10.0'
    }
  },
  instrumentationScope: {
    name: '@opentelemetry/instrumentation-ioredis',
    version: '0.68.0',
    schemaUrl: undefined
  },
  traceId: '094ea94955f8057a27ef9ef69552edce',
  parentSpanContext: {
    traceId: '094ea94955f8057a27ef9ef69552edce',
    spanId: '4c79e4b0e1921bfe',
    traceFlags: 1,
    traceState: undefined
  },
  traceState: undefined,
  name: 'client',
  id: 'bdbabbb2bab8c399',
  kind: 2,
  timestamp: 1785001507978000,
  duration: 6908.2,
  attributes: {
    'db.system': 'redis',
    'db.statement': 'client SETINFO LIB-VER 5.11.1',
    'db.connection_string': 'redis://localhost:6380',
    'net.peer.name': 'localhost',
    'net.peer.port': 6380
  },
  status: { code: 0 },
  events: [],
  links: []
}
{
  resource: {
    attributes: {
      'host.name': 'Arunesh',
      'host.arch': 'amd64',
      'host.id': '961ee426-227a-4c11-9579-fdfc83a68919',
      'process.pid': 29064,
      'process.executable.name': 'Administrator:  C:\\WINDOWS\\system32\\cmd.exe ',
      'process.executable.path': 'C:\\Program Files\\nodejs\\node.exe',
      'process.command_args': [
        'C:\\Program Files\\nodejs\\node.exe',
        'C:\\Users\\Administrator\\.gemini\\antigravity_old\\scratch_old\\tallyme\\apps\\backend\\dist\\src\\main.js'
      ],
      'process.runtime.version': '24.12.0',
      'process.runtime.name': 'nodejs',
      'process.runtime.description': 'Node.js',
      'process.command': 'C:\\Users\\Administrator\\.gemini\\antigravity_old\\scratch_old\\tallyme\\apps\\backend\\dist\\src\\main.js',
      'process.owner': 'Administrator',
      'service.name': 'unknown_service:node',
      'telemetry.sdk.language': 'nodejs',
      'telemetry.sdk.name': 'opentelemetry',
      'telemetry.sdk.version': '2.10.0'
    }
  },
  instrumentationScope: {
    name: '@opentelemetry/instrumentation-ioredis',
    version: '0.68.0',
    schemaUrl: undefined
  },
  traceId: '094ea94955f8057a27ef9ef69552edce',
  parentSpanContext: {
    traceId: '094ea94955f8057a27ef9ef69552edce',
    spanId: '4c79e4b0e1921bfe',
    traceFlags: 1,
    traceState: undefined
  },
  traceState: undefined,
  name: 'client',
  id: 'd50479a4fc6fed27',
  kind: 2,
  timestamp: 1785001507979000,
  duration: 7266.9,
  attributes: {
    'db.system': 'redis',
    'db.statement': 'client SETINFO LIB-NAME ioredis',
    'db.connection_string': 'redis://localhost:6380',
    'net.peer.name': 'localhost',
    'net.peer.port': 6380
  },
  status: { code: 0 },
  events: [],
  links: []
}
{
  resource: {
    attributes: {
      'host.name': 'Arunesh',
      'host.arch': 'amd64',
      'host.id': '961ee426-227a-4c11-9579-fdfc83a68919',
      'process.pid': 29064,
      'process.executable.name': 'Administrator:  C:\\WINDOWS\\system32\\cmd.exe ',
      'process.executable.path': 'C:\\Program Files\\nodejs\\node.exe',
      'process.command_args': [
        'C:\\Program Files\\nodejs\\node.exe',
        'C:\\Users\\Administrator\\.gemini\\antigravity_old\\scratch_old\\tallyme\\apps\\backend\\dist\\src\\main.js'
      ],
      'process.runtime.version': '24.12.0',
      'process.runtime.name': 'nodejs',
      'process.runtime.description': 'Node.js',
      'process.command': 'C:\\Users\\Administrator\\.gemini\\antigravity_old\\scratch_old\\tallyme\\apps\\backend\\dist\\src\\main.js',
      'process.owner': 'Administrator',
      'service.name': 'unknown_service:node',
      'telemetry.sdk.language': 'nodejs',
      'telemetry.sdk.name': 'opentelemetry',
      'telemetry.sdk.version': '2.10.0'
    }
  },
  instrumentationScope: {
    name: '@opentelemetry/instrumentation-ioredis',
    version: '0.68.0',
    schemaUrl: undefined
  },
  traceId: '094ea94955f8057a27ef9ef69552edce',
  parentSpanContext: {
    traceId: '094ea94955f8057a27ef9ef69552edce',
    spanId: '4c79e4b0e1921bfe',
    traceFlags: 1,
    traceState: undefined
  },
  traceState: undefined,
  name: 'client',
  id: 'b956dd2081ed9989',
  kind: 2,
  timestamp: 1785001507979000,
  duration: 7015.4,
  attributes: {
    'db.system': 'redis',
    'db.statement': 'client SETINFO LIB-VER 5.11.1',
    'db.connection_string': 'redis://localhost:6380',
    'net.peer.name': 'localhost',
    'net.peer.port': 6380
  },
  status: { code: 0 },
  events: [],
  links: []
}
{
  resource: {
    attributes: {
      'host.name': 'Arunesh',
      'host.arch': 'amd64',
      'host.id': '961ee426-227a-4c11-9579-fdfc83a68919',
      'process.pid': 29064,
      'process.executable.name': 'Administrator:  C:\\WINDOWS\\system32\\cmd.exe ',
      'process.executable.path': 'C:\\Program Files\\nodejs\\node.exe',
      'process.command_args': [
        'C:\\Program Files\\nodejs\\node.exe',
        'C:\\Users\\Administrator\\.gemini\\antigravity_old\\scratch_old\\tallyme\\apps\\backend\\dist\\src\\main.js'
      ],
      'process.runtime.version': '24.12.0',
      'process.runtime.name': 'nodejs',
      'process.runtime.description': 'Node.js',
      'process.command': 'C:\\Users\\Administrator\\.gemini\\antigravity_old\\scratch_old\\tallyme\\apps\\backend\\dist\\src\\main.js',
      'process.owner': 'Administrator',
      'service.name': 'unknown_service:node',
      'telemetry.sdk.language': 'nodejs',
      'telemetry.sdk.name': 'opentelemetry',
      'telemetry.sdk.version': '2.10.0'
    }
  },
  instrumentationScope: {
    name: '@opentelemetry/instrumentation-ioredis',
    version: '0.68.0',
    schemaUrl: undefined
  },
  traceId: '094ea94955f8057a27ef9ef69552edce',
  parentSpanContext: {
    traceId: '094ea94955f8057a27ef9ef69552edce',
    spanId: '4c79e4b0e1921bfe',
    traceFlags: 1,
    traceState: undefined
  },
  traceState: undefined,
  name: 'client',
  id: '406688f1a2ba10c6',
  kind: 2,
  timestamp: 1785001507980000,
  duration: 6584.9,
  attributes: {
    'db.system': 'redis',
    'db.statement': 'client SETINFO LIB-NAME ioredis',
    'db.connection_string': 'redis://localhost:6380',
    'net.peer.name': 'localhost',
    'net.peer.port': 6380
  },
  status: { code: 0 },
  events: [],
  links: []
}
{
  resource: {
    attributes: {
      'host.name': 'Arunesh',
      'host.arch': 'amd64',
      'host.id': '961ee426-227a-4c11-9579-fdfc83a68919',
      'process.pid': 29064,
      'process.executable.name': 'Administrator:  C:\\WINDOWS\\system32\\cmd.exe ',
      'process.executable.path': 'C:\\Program Files\\nodejs\\node.exe',
      'process.command_args': [
        'C:\\Program Files\\nodejs\\node.exe',
        'C:\\Users\\Administrator\\.gemini\\antigravity_old\\scratch_old\\tallyme\\apps\\backend\\dist\\src\\main.js'
      ],
      'process.runtime.version': '24.12.0',
      'process.runtime.name': 'nodejs',
      'process.runtime.description': 'Node.js',
      'process.command': 'C:\\Users\\Administrator\\.gemini\\antigravity_old\\scratch_old\\tallyme\\apps\\backend\\dist\\src\\main.js',
      'process.owner': 'Administrator',
      'service.name': 'unknown_service:node',
      'telemetry.sdk.language': 'nodejs',
      'telemetry.sdk.name': 'opentelemetry',
      'telemetry.sdk.version': '2.10.0'
    }
  },
  instrumentationScope: {
    name: '@opentelemetry/instrumentation-ioredis',
    version: '0.68.0',
    schemaUrl: undefined
  },
  traceId: '094ea94955f8057a27ef9ef69552edce',
  parentSpanContext: {
    traceId: '094ea94955f8057a27ef9ef69552edce',
    spanId: '4c79e4b0e1921bfe',
    traceFlags: 1,
    traceState: undefined
  },
  traceState: undefined,
  name: 'client',
  id: 'd1678667e5fd8f2c',
  kind: 2,
  timestamp: 1785001507980000,
  duration: 6336.5,
  attributes: {
    'db.system': 'redis',
    'db.statement': 'client SETINFO LIB-VER 5.11.1',
    'db.connection_string': 'redis://localhost:6380',
    'net.peer.name': 'localhost',
    'net.peer.port': 6380
  },
  status: { code: 0 },
  events: [],
  links: []
}
{
  resource: {
    attributes: {
      'host.name': 'Arunesh',
      'host.arch': 'amd64',
      'host.id': '961ee426-227a-4c11-9579-fdfc83a68919',
      'process.pid': 29064,
      'process.executable.name': 'Administrator:  C:\\WINDOWS\\system32\\cmd.exe ',
      'process.executable.path': 'C:\\Program Files\\nodejs\\node.exe',
      'process.command_args': [
        'C:\\Program Files\\nodejs\\node.exe',
        'C:\\Users\\Administrator\\.gemini\\antigravity_old\\scratch_old\\tallyme\\apps\\backend\\dist\\src\\main.js'
      ],
      'process.runtime.version': '24.12.0',
      'process.runtime.name': 'nodejs',
      'process.runtime.description': 'Node.js',
      'process.command': 'C:\\Users\\Administrator\\.gemini\\antigravity_old\\scratch_old\\tallyme\\apps\\backend\\dist\\src\\main.js',
      'process.owner': 'Administrator',
      'service.name': 'unknown_service:node',
      'telemetry.sdk.language': 'nodejs',
      'telemetry.sdk.name': 'opentelemetry',
      'telemetry.sdk.version': '2.10.0'
    }
  },
  instrumentationScope: {
    name: '@opentelemetry/instrumentation-ioredis',
    version: '0.68.0',
    schemaUrl: undefined
  },
  traceId: '094ea94955f8057a27ef9ef69552edce',
  parentSpanContext: {
    traceId: '094ea94955f8057a27ef9ef69552edce',
    spanId: '4c79e4b0e1921bfe',
    traceFlags: 1,
    traceState: undefined
  },
  traceState: undefined,
  name: 'client',
  id: '1125a24b2d8a71b2',
  kind: 2,
  timestamp: 1785001507981000,
  duration: 6863.4,
  attributes: {
    'db.system': 'redis',
    'db.statement': 'client SETINFO LIB-NAME ioredis',
    'db.connection_string': 'redis://localhost:6380',
    'net.peer.name': 'localhost',
    'net.peer.port': 6380
  },
  status: { code: 0 },
  events: [],
  links: []
}
{
  resource: {
    attributes: {
      'host.name': 'Arunesh',
      'host.arch': 'amd64',
      'host.id': '961ee426-227a-4c11-9579-fdfc83a68919',
      'process.pid': 29064,
      'process.executable.name': 'Administrator:  C:\\WINDOWS\\system32\\cmd.exe ',
      'process.executable.path': 'C:\\Program Files\\nodejs\\node.exe',
      'process.command_args': [
        'C:\\Program Files\\nodejs\\node.exe',
        'C:\\Users\\Administrator\\.gemini\\antigravity_old\\scratch_old\\tallyme\\apps\\backend\\dist\\src\\main.js'
      ],
      'process.runtime.version': '24.12.0',
      'process.runtime.name': 'nodejs',
      'process.runtime.description': 'Node.js',
      'process.command': 'C:\\Users\\Administrator\\.gemini\\antigravity_old\\scratch_old\\tallyme\\apps\\backend\\dist\\src\\main.js',
      'process.owner': 'Administrator',
      'service.name': 'unknown_service:node',
      'telemetry.sdk.language': 'nodejs',
      'telemetry.sdk.name': 'opentelemetry',
      'telemetry.sdk.version': '2.10.0'
    }
  },
  instrumentationScope: {
    name: '@opentelemetry/instrumentation-ioredis',
    version: '0.68.0',
    schemaUrl: undefined
  },
  traceId: '094ea94955f8057a27ef9ef69552edce',
  parentSpanContext: {
    traceId: '094ea94955f8057a27ef9ef69552edce',
    spanId: '4c79e4b0e1921bfe',
    traceFlags: 1,
    traceState: undefined
  },
  traceState: undefined,
  name: 'client',
  id: 'ba257d0d3d902f54',
  kind: 2,
  timestamp: 1785001507981000,
  duration: 6591.8,
  attributes: {
    'db.system': 'redis',
    'db.statement': 'client SETINFO LIB-VER 5.11.1',
    'db.connection_string': 'redis://localhost:6380',
    'net.peer.name': 'localhost',
    'net.peer.port': 6380
  },
  status: { code: 0 },
  events: [],
  links: []
}
{
  resource: {
    attributes: {
      'host.name': 'Arunesh',
      'host.arch': 'amd64',
      'host.id': '961ee426-227a-4c11-9579-fdfc83a68919',
      'process.pid': 29064,
      'process.executable.name': 'Administrator:  C:\\WINDOWS\\system32\\cmd.exe ',
      'process.executable.path': 'C:\\Program Files\\nodejs\\node.exe',
      'process.command_args': [
        'C:\\Program Files\\nodejs\\node.exe',
        'C:\\Users\\Administrator\\.gemini\\antigravity_old\\scratch_old\\tallyme\\apps\\backend\\dist\\src\\main.js'
      ],
      'process.runtime.version': '24.12.0',
      'process.runtime.name': 'nodejs',
      'process.runtime.description': 'Node.js',
      'process.command': 'C:\\Users\\Administrator\\.gemini\\antigravity_old\\scratch_old\\tallyme\\apps\\backend\\dist\\src\\main.js',
      'process.owner': 'Administrator',
      'service.name': 'unknown_service:node',
      'telemetry.sdk.language': 'nodejs',
      'telemetry.sdk.name': 'opentelemetry',
      'telemetry.sdk.version': '2.10.0'
    }
  },
  instrumentationScope: {
    name: '@opentelemetry/instrumentation-ioredis',
    version: '0.68.0',
    schemaUrl: undefined
  },
  traceId: '094ea94955f8057a27ef9ef69552edce',
  parentSpanContext: {
    traceId: '094ea94955f8057a27ef9ef69552edce',
    spanId: '4c79e4b0e1921bfe',
    traceFlags: 1,
    traceState: undefined
  },
  traceState: undefined,
  name: 'info',
  id: 'b49c330d5bde95de',
  kind: 2,
  timestamp: 1785001507982000,
  duration: 7303.2,
  attributes: {
    'db.system': 'redis',
    'db.statement': 'info',
    'db.connection_string': 'redis://localhost:6380',
    'net.peer.name': 'localhost',
    'net.peer.port': 6380
  },
  status: { code: 0 },
  events: [],
  links: []
}
{
  resource: {
    attributes: {
      'host.name': 'Arunesh',
      'host.arch': 'amd64',
      'host.id': '961ee426-227a-4c11-9579-fdfc83a68919',
      'process.pid': 29064,
      'process.executable.name': 'Administrator:  C:\\WINDOWS\\system32\\cmd.exe ',
      'process.executable.path': 'C:\\Program Files\\nodejs\\node.exe',
      'process.command_args': [
        'C:\\Program Files\\nodejs\\node.exe',
        'C:\\Users\\Administrator\\.gemini\\antigravity_old\\scratch_old\\tallyme\\apps\\backend\\dist\\src\\main.js'
      ],
      'process.runtime.version': '24.12.0',
      'process.runtime.name': 'nodejs',
      'process.runtime.description': 'Node.js',
      'process.command': 'C:\\Users\\Administrator\\.gemini\\antigravity_old\\scratch_old\\tallyme\\apps\\backend\\dist\\src\\main.js',
      'process.owner': 'Administrator',
      'service.name': 'unknown_service:node',
      'telemetry.sdk.language': 'nodejs',
      'telemetry.sdk.name': 'opentelemetry',
      'telemetry.sdk.version': '2.10.0'
    }
  },
  instrumentationScope: {
    name: '@opentelemetry/instrumentation-ioredis',
    version: '0.68.0',
    schemaUrl: undefined
  },
  traceId: '094ea94955f8057a27ef9ef69552edce',
  parentSpanContext: {
    traceId: '094ea94955f8057a27ef9ef69552edce',
    spanId: '4c79e4b0e1921bfe',
    traceFlags: 1,
    traceState: undefined
  },
  traceState: undefined,
  name: 'info',
  id: '1d33c3e4fda18d76',
  kind: 2,
  timestamp: 1785001507982000,
  duration: 8988.6,
  attributes: {
    'db.system': 'redis',
    'db.statement': 'info',
    'db.connection_string': 'redis://localhost:6380',
    'net.peer.name': 'localhost',
    'net.peer.port': 6380
  },
  status: { code: 0 },
  events: [],
  links: []
}
{
  resource: {
    attributes: {
      'host.name': 'Arunesh',
      'host.arch': 'amd64',
      'host.id': '961ee426-227a-4c11-9579-fdfc83a68919',
      'process.pid': 29064,
      'process.executable.name': 'Administrator:  C:\\WINDOWS\\system32\\cmd.exe ',
      'process.executable.path': 'C:\\Program Files\\nodejs\\node.exe',
      'process.command_args': [
        'C:\\Program Files\\nodejs\\node.exe',
        'C:\\Users\\Administrator\\.gemini\\antigravity_old\\scratch_old\\tallyme\\apps\\backend\\dist\\src\\main.js'
      ],
      'process.runtime.version': '24.12.0',
      'process.runtime.name': 'nodejs',
      'process.runtime.description': 'Node.js',
      'process.command': 'C:\\Users\\Administrator\\.gemini\\antigravity_old\\scratch_old\\tallyme\\apps\\backend\\dist\\src\\main.js',
      'process.owner': 'Administrator',
      'service.name': 'unknown_service:node',
      'telemetry.sdk.language': 'nodejs',
      'telemetry.sdk.name': 'opentelemetry',
      'telemetry.sdk.version': '2.10.0'
    }
  },
  instrumentationScope: {
    name: '@opentelemetry/instrumentation-ioredis',
    version: '0.68.0',
    schemaUrl: undefined
  },
  traceId: '094ea94955f8057a27ef9ef69552edce',
  parentSpanContext: {
    traceId: '094ea94955f8057a27ef9ef69552edce',
    spanId: '4c79e4b0e1921bfe',
    traceFlags: 1,
    traceState: undefined
  },
  traceState: undefined,
  name: 'info',
  id: '9abd5cf4e8cf591f',
  kind: 2,
  timestamp: 1785001507984000,
  duration: 8390.5,
  attributes: {
    'db.system': 'redis',
    'db.statement': 'info',
    'db.connection_string': 'redis://localhost:6380',
    'net.peer.name': 'localhost',
    'net.peer.port': 6380
  },
  status: { code: 0 },
  events: [],
  links: []
}
{
  resource: {
    attributes: {
      'host.name': 'Arunesh',
      'host.arch': 'amd64',
      'host.id': '961ee426-227a-4c11-9579-fdfc83a68919',
      'process.pid': 29064,
      'process.executable.name': 'Administrator:  C:\\WINDOWS\\system32\\cmd.exe ',
      'process.executable.path': 'C:\\Program Files\\nodejs\\node.exe',
      'process.command_args': [
        'C:\\Program Files\\nodejs\\node.exe',
        'C:\\Users\\Administrator\\.gemini\\antigravity_old\\scratch_old\\tallyme\\apps\\backend\\dist\\src\\main.js'
      ],
      'process.runtime.version': '24.12.0',
      'process.runtime.name': 'nodejs',
      'process.runtime.description': 'Node.js',
      'process.command': 'C:\\Users\\Administrator\\.gemini\\antigravity_old\\scratch_old\\tallyme\\apps\\backend\\dist\\src\\main.js',
      'process.owner': 'Administrator',
      'service.name': 'unknown_service:node',
      'telemetry.sdk.language': 'nodejs',
      'telemetry.sdk.name': 'opentelemetry',
      'telemetry.sdk.version': '2.10.0'
    }
  },
  instrumentationScope: {
    name: '@opentelemetry/instrumentation-ioredis',
    version: '0.68.0',
    schemaUrl: undefined
  },
  traceId: '094ea94955f8057a27ef9ef69552edce',
  parentSpanContext: {
    traceId: '094ea94955f8057a27ef9ef69552edce',
    spanId: '4c79e4b0e1921bfe',
    traceFlags: 1,
    traceState: undefined
  },
  traceState: undefined,
  name: 'info',
  id: '09c2e3f8ed614c1d',
  kind: 2,
  timestamp: 1785001507984000,
  duration: 8291.9,
  attributes: {
    'db.system': 'redis',
    'db.statement': 'info',
    'db.connection_string': 'redis://localhost:6380',
    'net.peer.name': 'localhost',
    'net.peer.port': 6380
  },
  status: { code: 0 },
  events: [],
  links: []
}
{
  resource: {
    attributes: {
      'host.name': 'Arunesh',
      'host.arch': 'amd64',
      'host.id': '961ee426-227a-4c11-9579-fdfc83a68919',
      'process.pid': 29064,
      'process.executable.name': 'Administrator:  C:\\WINDOWS\\system32\\cmd.exe ',
      'process.executable.path': 'C:\\Program Files\\nodejs\\node.exe',
      'process.command_args': [
        'C:\\Program Files\\nodejs\\node.exe',
        'C:\\Users\\Administrator\\.gemini\\antigravity_old\\scratch_old\\tallyme\\apps\\backend\\dist\\src\\main.js'
      ],
      'process.runtime.version': '24.12.0',
      'process.runtime.name': 'nodejs',
      'process.runtime.description': 'Node.js',
      'process.command': 'C:\\Users\\Administrator\\.gemini\\antigravity_old\\scratch_old\\tallyme\\apps\\backend\\dist\\src\\main.js',
      'process.owner': 'Administrator',
      'service.name': 'unknown_service:node',
      'telemetry.sdk.language': 'nodejs',
      'telemetry.sdk.name': 'opentelemetry',
      'telemetry.sdk.version': '2.10.0'
    }
  },
  instrumentationScope: {
    name: '@opentelemetry/instrumentation-ioredis',
    version: '0.68.0',
    schemaUrl: undefined
  },
  traceId: '094ea94955f8057a27ef9ef69552edce',
  parentSpanContext: {
    traceId: '094ea94955f8057a27ef9ef69552edce',
    spanId: '4c79e4b0e1921bfe',
    traceFlags: 1,
    traceState: undefined
  },
  traceState: undefined,
  name: 'info',
  id: '1f9674dbea0db03a',
  kind: 2,
  timestamp: 1785001507984000,
  duration: 12617.9,
  attributes: {
    'db.system': 'redis',
    'db.statement': 'info',
    'db.connection_string': 'redis://localhost:6380',
    'net.peer.name': 'localhost',
    'net.peer.port': 6380
  },
  status: { code: 0 },
  events: [],
  links: []
}
{
  resource: {
    attributes: {
      'host.name': 'Arunesh',
      'host.arch': 'amd64',
      'host.id': '961ee426-227a-4c11-9579-fdfc83a68919',
      'process.pid': 29064,
      'process.executable.name': 'Administrator:  C:\\WINDOWS\\system32\\cmd.exe ',
      'process.executable.path': 'C:\\Program Files\\nodejs\\node.exe',
      'process.command_args': [
        'C:\\Program Files\\nodejs\\node.exe',
        'C:\\Users\\Administrator\\.gemini\\antigravity_old\\scratch_old\\tallyme\\apps\\backend\\dist\\src\\main.js'
      ],
      'process.runtime.version': '24.12.0',
      'process.runtime.name': 'nodejs',
      'process.runtime.description': 'Node.js',
      'process.command': 'C:\\Users\\Administrator\\.gemini\\antigravity_old\\scratch_old\\tallyme\\apps\\backend\\dist\\src\\main.js',
      'process.owner': 'Administrator',
      'service.name': 'unknown_service:node',
      'telemetry.sdk.language': 'nodejs',
      'telemetry.sdk.name': 'opentelemetry',
      'telemetry.sdk.version': '2.10.0'
    }
  },
  instrumentationScope: {
    name: '@opentelemetry/instrumentation-ioredis',
    version: '0.68.0',
    schemaUrl: undefined
  },
  traceId: '094ea94955f8057a27ef9ef69552edce',
  parentSpanContext: {
    traceId: '094ea94955f8057a27ef9ef69552edce',
    spanId: '4c79e4b0e1921bfe',
    traceFlags: 1,
    traceState: undefined
  },
  traceState: undefined,
  name: 'info',
  id: 'e3d0e40e593af8af',
  kind: 2,
  timestamp: 1785001507984000,
  duration: 13108.7,
  attributes: {
    'db.system': 'redis',
    'db.statement': 'info',
    'db.connection_string': 'redis://localhost:6380',
    'net.peer.name': 'localhost',
    'net.peer.port': 6380
  },
  status: { code: 0 },
  events: [],
  links: []
}
{
  resource: {
    attributes: {
      'host.name': 'Arunesh',
      'host.arch': 'amd64',
      'host.id': '961ee426-227a-4c11-9579-fdfc83a68919',
      'process.pid': 29064,
      'process.executable.name': 'Administrator:  C:\\WINDOWS\\system32\\cmd.exe ',
      'process.executable.path': 'C:\\Program Files\\nodejs\\node.exe',
      'process.command_args': [
        'C:\\Program Files\\nodejs\\node.exe',
        'C:\\Users\\Administrator\\.gemini\\antigravity_old\\scratch_old\\tallyme\\apps\\backend\\dist\\src\\main.js'
      ],
      'process.runtime.version': '24.12.0',
      'process.runtime.name': 'nodejs',
      'process.runtime.description': 'Node.js',
      'process.command': 'C:\\Users\\Administrator\\.gemini\\antigravity_old\\scratch_old\\tallyme\\apps\\backend\\dist\\src\\main.js',
      'process.owner': 'Administrator',
      'service.name': 'unknown_service:node',
      'telemetry.sdk.language': 'nodejs',
      'telemetry.sdk.name': 'opentelemetry',
      'telemetry.sdk.version': '2.10.0'
    }
  },
  instrumentationScope: {
    name: '@opentelemetry/instrumentation-ioredis',
    version: '0.68.0',
    schemaUrl: undefined
  },
  traceId: '094ea94955f8057a27ef9ef69552edce',
  parentSpanContext: {
    traceId: '094ea94955f8057a27ef9ef69552edce',
    spanId: '4c79e4b0e1921bfe',
    traceFlags: 1,
    traceState: undefined
  },
  traceState: undefined,
  name: 'info',
  id: 'b42c4190a44163a6',
  kind: 2,
  timestamp: 1785001507985000,
  duration: 13268.1,
  attributes: {
    'db.system': 'redis',
    'db.statement': 'info',
    'db.connection_string': 'redis://localhost:6380',
    'net.peer.name': 'localhost',
    'net.peer.port': 6380
  },
  status: { code: 0 },
  events: [],
  links: []
}
{
  resource: {
    attributes: {
      'host.name': 'Arunesh',
      'host.arch': 'amd64',
      'host.id': '961ee426-227a-4c11-9579-fdfc83a68919',
      'process.pid': 29064,
      'process.executable.name': 'Administrator:  C:\\WINDOWS\\system32\\cmd.exe ',
      'process.executable.path': 'C:\\Program Files\\nodejs\\node.exe',
      'process.command_args': [
        'C:\\Program Files\\nodejs\\node.exe',
        'C:\\Users\\Administrator\\.gemini\\antigravity_old\\scratch_old\\tallyme\\apps\\backend\\dist\\src\\main.js'
      ],
      'process.runtime.version': '24.12.0',
      'process.runtime.name': 'nodejs',
      'process.runtime.description': 'Node.js',
      'process.command': 'C:\\Users\\Administrator\\.gemini\\antigravity_old\\scratch_old\\tallyme\\apps\\backend\\dist\\src\\main.js',
      'process.owner': 'Administrator',
      'service.name': 'unknown_service:node',
      'telemetry.sdk.language': 'nodejs',
      'telemetry.sdk.name': 'opentelemetry',
      'telemetry.sdk.version': '2.10.0'
    }
  },
  instrumentationScope: {
    name: '@opentelemetry/instrumentation-ioredis',
    version: '0.68.0',
    schemaUrl: undefined
  },
  traceId: '094ea94955f8057a27ef9ef69552edce',
  parentSpanContext: {
    traceId: '094ea94955f8057a27ef9ef69552edce',
    spanId: '4c79e4b0e1921bfe',
    traceFlags: 1,
    traceState: undefined
  },
  traceState: undefined,
  name: 'info',
  id: 'bf3e777fc323cba1',
  kind: 2,
  timestamp: 1785001507985000,
  duration: 14258.4,
  attributes: {
    'db.system': 'redis',
    'db.statement': 'info',
    'db.connection_string': 'redis://localhost:6380',
    'net.peer.name': 'localhost',
    'net.peer.port': 6380
  },
  status: { code: 0 },
  events: [],
  links: []
}
{
  resource: {
    attributes: {
      'host.name': 'Arunesh',
      'host.arch': 'amd64',
      'host.id': '961ee426-227a-4c11-9579-fdfc83a68919',
      'process.pid': 29064,
      'process.executable.name': 'Administrator:  C:\\WINDOWS\\system32\\cmd.exe ',
      'process.executable.path': 'C:\\Program Files\\nodejs\\node.exe',
      'process.command_args': [
        'C:\\Program Files\\nodejs\\node.exe',
        'C:\\Users\\Administrator\\.gemini\\antigravity_old\\scratch_old\\tallyme\\apps\\backend\\dist\\src\\main.js'
      ],
      'process.runtime.version': '24.12.0',
      'process.runtime.name': 'nodejs',
      'process.runtime.description': 'Node.js',
      'process.command': 'C:\\Users\\Administrator\\.gemini\\antigravity_old\\scratch_old\\tallyme\\apps\\backend\\dist\\src\\main.js',
      'process.owner': 'Administrator',
      'service.name': 'unknown_service:node',
      'telemetry.sdk.language': 'nodejs',
      'telemetry.sdk.name': 'opentelemetry',
      'telemetry.sdk.version': '2.10.0'
    }
  },
  instrumentationScope: {
    name: '@opentelemetry/instrumentation-ioredis',
    version: '0.68.0',
    schemaUrl: undefined
  },
  traceId: '094ea94955f8057a27ef9ef69552edce',
  parentSpanContext: {
    traceId: '094ea94955f8057a27ef9ef69552edce',
    spanId: '4c79e4b0e1921bfe',
    traceFlags: 1,
    traceState: undefined
  },
  traceState: undefined,
  name: 'info',
  id: 'ac1c802dacda0ab3',
  kind: 2,
  timestamp: 1785001507985000,
  duration: 15324.2,
  attributes: {
    'db.system': 'redis',
    'db.statement': 'info',
    'db.connection_string': 'redis://localhost:6380',
    'net.peer.name': 'localhost',
    'net.peer.port': 6380
  },
  status: { code: 0 },
  events: [],
  links: []
}
{
  resource: {
    attributes: {
      'host.name': 'Arunesh',
      'host.arch': 'amd64',
      'host.id': '961ee426-227a-4c11-9579-fdfc83a68919',
      'process.pid': 29064,
      'process.executable.name': 'Administrator:  C:\\WINDOWS\\system32\\cmd.exe ',
      'process.executable.path': 'C:\\Program Files\\nodejs\\node.exe',
      'process.command_args': [
        'C:\\Program Files\\nodejs\\node.exe',
        'C:\\Users\\Administrator\\.gemini\\antigravity_old\\scratch_old\\tallyme\\apps\\backend\\dist\\src\\main.js'
      ],
      'process.runtime.version': '24.12.0',
      'process.runtime.name': 'nodejs',
      'process.runtime.description': 'Node.js',
      'process.command': 'C:\\Users\\Administrator\\.gemini\\antigravity_old\\scratch_old\\tallyme\\apps\\backend\\dist\\src\\main.js',
      'process.owner': 'Administrator',
      'service.name': 'unknown_service:node',
      'telemetry.sdk.language': 'nodejs',
      'telemetry.sdk.name': 'opentelemetry',
      'telemetry.sdk.version': '2.10.0'
    }
  },
  instrumentationScope: {
    name: '@opentelemetry/instrumentation-ioredis',
    version: '0.68.0',
    schemaUrl: undefined
  },
  traceId: '094ea94955f8057a27ef9ef69552edce',
  parentSpanContext: {
    traceId: '094ea94955f8057a27ef9ef69552edce',
    spanId: '4c79e4b0e1921bfe',
    traceFlags: 1,
    traceState: undefined
  },
  traceState: undefined,
  name: 'info',
  id: 'b70f9d4e87cf3929',
  kind: 2,
  timestamp: 1785001507986000,
  duration: 14113.6,
  attributes: {
    'db.system': 'redis',
    'db.statement': 'info',
    'db.connection_string': 'redis://localhost:6380',
    'net.peer.name': 'localhost',
    'net.peer.port': 6380
  },
  status: { code: 0 },
  events: [],
  links: []
}
{
  resource: {
    attributes: {
      'host.name': 'Arunesh',
      'host.arch': 'amd64',
      'host.id': '961ee426-227a-4c11-9579-fdfc83a68919',
      'process.pid': 29064,
      'process.executable.name': 'Administrator:  C:\\WINDOWS\\system32\\cmd.exe ',
      'process.executable.path': 'C:\\Program Files\\nodejs\\node.exe',
      'process.command_args': [
        'C:\\Program Files\\nodejs\\node.exe',
        'C:\\Users\\Administrator\\.gemini\\antigravity_old\\scratch_old\\tallyme\\apps\\backend\\dist\\src\\main.js'
      ],
      'process.runtime.version': '24.12.0',
      'process.runtime.name': 'nodejs',
      'process.runtime.description': 'Node.js',
      'process.command': 'C:\\Users\\Administrator\\.gemini\\antigravity_old\\scratch_old\\tallyme\\apps\\backend\\dist\\src\\main.js',
      'process.owner': 'Administrator',
      'service.name': 'unknown_service:node',
      'telemetry.sdk.language': 'nodejs',
      'telemetry.sdk.name': 'opentelemetry',
      'telemetry.sdk.version': '2.10.0'
    }
  },
  instrumentationScope: {
    name: '@opentelemetry/instrumentation-ioredis',
    version: '0.68.0',
    schemaUrl: undefined
  },
  traceId: '094ea94955f8057a27ef9ef69552edce',
  parentSpanContext: {
    traceId: '094ea94955f8057a27ef9ef69552edce',
    spanId: '4c79e4b0e1921bfe',
    traceFlags: 1,
    traceState: undefined
  },
  traceState: undefined,
  name: 'info',
  id: 'cbc9a1d9a898bf5c',
  kind: 2,
  timestamp: 1785001507988000,
  duration: 13442.1,
  attributes: {
    'db.system': 'redis',
    'db.statement': 'info',
    'db.connection_string': 'redis://localhost:6380',
    'net.peer.name': 'localhost',
    'net.peer.port': 6380
  },
  status: { code: 0 },
  events: [],
  links: []
}
{
  resource: {
    attributes: {
      'host.name': 'Arunesh',
      'host.arch': 'amd64',
      'host.id': '961ee426-227a-4c11-9579-fdfc83a68919',
      'process.pid': 29064,
      'process.executable.name': 'Administrator:  C:\\WINDOWS\\system32\\cmd.exe ',
      'process.executable.path': 'C:\\Program Files\\nodejs\\node.exe',
      'process.command_args': [
        'C:\\Program Files\\nodejs\\node.exe',
        'C:\\Users\\Administrator\\.gemini\\antigravity_old\\scratch_old\\tallyme\\apps\\backend\\dist\\src\\main.js'
      ],
      'process.runtime.version': '24.12.0',
      'process.runtime.name': 'nodejs',
      'process.runtime.description': 'Node.js',
      'process.command': 'C:\\Users\\Administrator\\.gemini\\antigravity_old\\scratch_old\\tallyme\\apps\\backend\\dist\\src\\main.js',
      'process.owner': 'Administrator',
      'service.name': 'unknown_service:node',
      'telemetry.sdk.language': 'nodejs',
      'telemetry.sdk.name': 'opentelemetry',
      'telemetry.sdk.version': '2.10.0'
    }
  },
  instrumentationScope: {
    name: '@opentelemetry/instrumentation-ioredis',
    version: '0.68.0',
    schemaUrl: undefined
  },
  traceId: '094ea94955f8057a27ef9ef69552edce',
  parentSpanContext: {
    traceId: '094ea94955f8057a27ef9ef69552edce',
    spanId: '4c79e4b0e1921bfe',
    traceFlags: 1,
    traceState: undefined
  },
  traceState: undefined,
  name: 'info',
  id: 'ea2e6bb5cd15e541',
  kind: 2,
  timestamp: 1785001507987000,
  duration: 15688.8,
  attributes: {
    'db.system': 'redis',
    'db.statement': 'info',
    'db.connection_string': 'redis://localhost:6380',
    'net.peer.name': 'localhost',
    'net.peer.port': 6380
  },
  status: { code: 0 },
  events: [],
  links: []
}
[00:00:00.032] [32mINFO[39m (29064): [36mStarting daily AI accuracy evaluation[39m [90m{"context":"AIEvaluationService"}[39m
[00:00:00.060] [32mINFO[39m (29064): [36mStarting daily database backup...[39m [90m{"context":"BackupService"}[39m
[00:00:00.060] [32mINFO[39m (29064): [36mExecuting: pg_dump -d "***" -f backup-2026-07-25T18-30-00-060Z.sql[39m [90m{"context":"BackupService"}[39m
[00:00:00.061] [32mINFO[39m (29064): [36mDatabase backup backup-2026-07-25T18-30-00-060Z.sql created successfully[39m [90m{"context":"BackupService"}[39m
{
  resource: {
    attributes: {
      'host.name': 'Arunesh',
      'host.arch': 'amd64',
      'host.id': '961ee426-227a-4c11-9579-fdfc83a68919',
      'process.pid': 29064,
      'process.executable.name': 'Administrator:  C:\\WINDOWS\\system32\\cmd.exe ',
      'process.executable.path': 'C:\\Program Files\\nodejs\\node.exe',
      'process.command_args': [
        'C:\\Program Files\\nodejs\\node.exe',
        'C:\\Users\\Administrator\\.gemini\\antigravity_old\\scratch_old\\tallyme\\apps\\backend\\dist\\src\\main.js'
      ],
      'process.runtime.version': '24.12.0',
      'process.runtime.name': 'nodejs',
      'process.runtime.description': 'Node.js',
      'process.command': 'C:\\Users\\Administrator\\.gemini\\antigravity_old\\scratch_old\\tallyme\\apps\\backend\\dist\\src\\main.js',
      'process.owner': 'Administrator',
      'service.name': 'unknown_service:node',
      'telemetry.sdk.language': 'nodejs',
      'telemetry.sdk.name': 'opentelemetry',
      'telemetry.sdk.version': '2.10.0'
    }
  },
  instrumentationScope: {
    name: '@opentelemetry/instrumentation-dns',
    version: '0.63.0',
    schemaUrl: undefined
  },
  traceId: '735612aa95f8bd80018b6dceda06049c',
  parentSpanContext: undefined,
  traceState: undefined,
  name: 'dns.lookup',
  id: '00be746026f31af7',
  kind: 2,
  timestamp: 1785008322927000,
  duration: 1225.9,
  attributes: { 'peer.ipv6': '::1', 'peer[1].ipv4': '127.0.0.1' },
  status: { code: 0 },
  events: [],
  links: []
}
{
  resource: {
    attributes: {
      'host.name': 'Arunesh',
      'host.arch': 'amd64',
      'host.id': '961ee426-227a-4c11-9579-fdfc83a68919',
      'process.pid': 29064,
      'process.executable.name': 'Administrator:  C:\\WINDOWS\\system32\\cmd.exe ',
      'process.executable.path': 'C:\\Program Files\\nodejs\\node.exe',
      'process.command_args': [
        'C:\\Program Files\\nodejs\\node.exe',
        'C:\\Users\\Administrator\\.gemini\\antigravity_old\\scratch_old\\tallyme\\apps\\backend\\dist\\src\\main.js'
      ],
      'process.runtime.version': '24.12.0',
      'process.runtime.name': 'nodejs',
      'process.runtime.description': 'Node.js',
      'process.command': 'C:\\Users\\Administrator\\.gemini\\antigravity_old\\scratch_old\\tallyme\\apps\\backend\\dist\\src\\main.js',
      'process.owner': 'Administrator',
      'service.name': 'unknown_service:node',
      'telemetry.sdk.language': 'nodejs',
      'telemetry.sdk.name': 'opentelemetry',
      'telemetry.sdk.version': '2.10.0'
    }
  },
  instrumentationScope: {
    name: '@opentelemetry/instrumentation-net',
    version: '0.64.0',
    schemaUrl: undefined
  },
  traceId: '2bfd56b26394246b6d17ce4a5d8bd6a6',
  parentSpanContext: undefined,
  traceState: undefined,
  name: 'tcp.connect',
  id: '0f68576b7d9a1da1',
  kind: 0,
  timestamp: 1785008322927000,
  duration: 2813.6,
  attributes: {
    'net.transport': 'ip_tcp',
    'net.peer.name': 'localhost',
    'net.peer.port': 6380,
    'net.peer.ip': '::1',
    'net.host.ip': '::1',
    'net.host.port': 60436
  },
  status: { code: 0 },
  events: [],
  links: []
}
